NAME,MASS,VELOCITY,ACCELERATION,POSITION
Sun,1.989e+30,(0.0,0.0,0.0),(0.0,0.0,0.0),(0.0,0.0,0.0)
Object0,8.541874489342605e+26,(-7517.43030475535,-1219.733965701554,0.0),(0.0,0.0,0.0),(-366580319334.29443,2259297583883.793,0.0)
Object1,8.932756485738874e+26,(3150.548262599156,5044.261216013344,0.0),(0.0,0.0,0.0),(3183287072419.7007,-1988219706689.296,0.0)
Object2,8.949524625344496e+26,(-2641.8304145344773,5638.888959069435,0.0),(0.0,0.0,0.0),(3100158396524.3965,1452430221850.6829,0.0)
Object3,5.609480704171757e+26,(245.81093816739576,6854.754440631669,0.0),(0.0,0.0,0.0),(2819807951565.5312,-101118084393.74707,0.0)
Object4,5.792183237297053e+26,(-2401.2215216084537,9523.38010335355,0.0),(0.0,0.0,0.0),(1334462768107.9287,336470946637.69415,0.0)
Object5,7.403567493629186e+26,(9839.16452710912,-27448.95737143867,0.0),(0.0,0.0,0.0),(-146974845593.2628,-52683592588.59445,0.0)
Object6,5.963205901800617e+26,(-5549.467172081526,7480.676747423466,0.0),(0.0,0.0,0.0),(1228920465488.8428,911662675797.1344,0.0)
Object7,2.7401591952875677e+26,(12857.151065968017,7972.105853858716,0.0),(0.0,0.0,0.0),(305672543562.5921,-492978661014.7269,0.0)
Object8,3.0456232585135886e+25,(4974.2611353957345,-2355.8617352794026,0.0),(0.0,0.0,0.0),(-1875725019925.313,-3960481180869.1763,0.0)
Object9,7.706636600948282e+25,(-4132.446540053665,3242.0308000716636,0.0),(0.0,0.0,0.0),(2970162395871.8247,3785910151114.7627,0.0)
Object10,5.481823952929611e+26,(9995.524704448337,11592.939961837154,0.0),(0.0,0.0,0.0),(429098340316.33386,-369971989451.2418,0.0)
Object11,4.325870663313998e+25,(-3693.9125978254488,-14089.170886671574,0.0),(0.0,0.0,0.0),(-605288229949.7275,158695059908.87802,0.0)
Object12,8.386319675385073e+26,(-1707.497640700988,7402.387331048492,0.0),(0.0,0.0,0.0),(2241432658688.0825,517027926983.381,0.0)
Object13,5.4097462059879835e+25,(11558.573843148853,1953.5316188778854,0.0),(0.0,0.0,0.0),(160990652158.30975,-952542729816.3605,0.0)
Object14,7.793816703538477e+26,(-142.98304047569445,5539.544902520193,0.0),(0.0,0.0,0.0),(4321738355545.571,111549829650.3033,0.0)
Object15,2.943047307568888e+26,(-21457.294014549843,-8000.593936010112,0.0),(0.0,0.0,0.0),(-88437751595.19997,237186745526.83005,0.0)
Object16,8.596427789234421e+26,(-28821.059595543666,-2427.3206336960498,0.0),(0.0,0.0,0.0),(-13317828289.941704,158130704901.21786,0.0)
Object17,6.769298562855722e+26,(12579.719356790865,593.0086920949406,0.0),(0.0,0.0,0.0),(39413290155.7976,-836089142869.2974,0.0)
Object18,9.135036531186714e+25,(11973.57173048488,3775.352076649868,0.0),(0.0,0.0,0.0),(253269099968.20923,-803245809666.493,0.0)
Object19,5.0605051722322176e+25,(8258.024010014466,5886.738599308036,0.0),(0.0,0.0,0.0),(749233785565.6058,-1051038785897.8625,0.0)
Object20,1.6988787365236542e+26,(-3489.020470557994,5045.711483379999,0.0),(0.0,0.0,0.0),(2901475215719.6826,2006318921683.8237,0.0)
Object21,6.660990488649896e+26,(-5914.649887652764,3250.328560023486,0.0),(0.0,0.0,0.0),(1403679059779.389,2554286448249.0073,0.0)
Object22,8.772130515725565e+26,(-5446.085132658131,3849.679560559521,0.0),(0.0,0.0,0.0),(1722739994885.889,2437134968246.5405,0.0)
Object23,5.148674689373246e+26,(5139.784766598278,-2651.664340145187,0.0),(0.0,0.0,0.0),(-1819658839271.447,-3527088493403.0527,0.0)
Object24,2.6681939613242336e+26,(4365.397455202859,3173.8542059788297,0.0),(0.0,0.0,0.0),(2679882398663.82,-3685976432481.413,0.0)
Object25,8.480104375830843e+26,(-3533.0590997385298,-25564.14558431149,0.0),(0.0,0.0,0.0),(-197447925443.7289,27288030707.41272,0.0)
Object26,7.54493751150019e+26,(-7703.181455651251,-4946.1059737361875,0.0),(0.0,0.0,0.0),(-855883821928.5533,1332973539240.9539,0.0)
Object27,7.125191875439982e+26,(-3481.5925691355574,4138.5633260837385,0.0),(0.0,0.0,0.0),(3473115886271.3916,2921780702297.8647,0.0)
Object28,9.73471686764461e+26,(3954.508640029923,4539.244773081434,0.0),(0.0,0.0,0.0),(2761786019553.332,-2406018450691.196,0.0)
Object29,1.4340656909722532e+26,(-5643.450345074902,-999.1012204020648,0.0),(0.0,0.0,0.0),(-704549782654.4957,3979668558951.29,0.0)
Object30,4.4755554763646974e+26,(-729.9258251499327,-7000.14401829073,0.0),(0.0,0.0,0.0),(-2665518837637.661,277941572620.73535,0.0)
Object31,9.134215357508935e+26,(-952.27059851249,6145.078424118023,0.0),(0.0,0.0,0.0),(3392553906560.213,525726299343.3088,0.0)
Object32,7.591250322733827e+26,(12844.48833679787,-23054.324298741154,0.0),(0.0,0.0,0.0),(-166505030212.4973,-92766627677.71414,0.0)
Object33,4.96060425392735e+26,(3455.0227389124207,-13333.370635448566,0.0),(0.0,0.0,0.0),(-677367998714.9805,-175523646807.6418,0.0)
Object34,8.059640836172062e+26,(-5395.297982526961,1040.29002789967,0.0),(0.0,0.0,0.0),(832471016535.655,4317477891329.1294,0.0)
Object35,3.196329271743242e+26,(5035.520054232895,-3382.3417543884766,0.0),(0.0,0.0,0.0),(-2011614334838.9072,-2994825792314.1445,0.0)
Object36,9.421858966012229e+26,(6754.45384770006,-745.9815017489916,0.0),(0.0,0.0,0.0),(-315573024337.8294,-2857340863642.773,0.0)
Object37,3.0434424710148853e+26,(115.40322342795,-6684.5963145016385,0.0),(0.0,0.0,0.0),(-2969586668085.945,-51267100902.163216,0.0)
Object38,2.9466025983388376e+26,(19189.987849576835,-17324.637053888684,0.0),(0.0,0.0,0.0),(-133091792379.43306,-147421840393.84802,0.0)
Object39,7.91422280595598e+26,(-2577.9180339591508,6818.136667621108,0.0),(0.0,0.0,0.0),(2337028484699.126,883623806661.5568,0.0)
Object40,7.88222581777945e+26,(5572.794877702433,2853.604795506859,0.0),(0.0,0.0,0.0),(1543547995182.2224,-3014389509922.1265,0.0)
Object41,5.1348604345954686e+26,(-5154.383772533665,2983.752189696829,0.0),(0.0,0.0,0.0),(1875008430574.1865,3239046815378.2534,0.0)
Object42,9.534020087812007e+26,(19833.031053302442,1767.0269328939014,0.0),(0.0,0.0,0.0),(29714313896.172375,-333512126646.0901,0.0)
Object43,5.926655821596979e+26,(-1623.762119245724,-5780.882388491266,0.0),(0.0,0.0,0.0),(-3544726188529.1055,995659783615.4948,0.0)
Object44,2.1897707277659843e+26,(-4452.921796811698,3800.949214365877,0.0),(0.0,0.0,0.0),(2514505282468.6943,2945815571064.1387,0.0)
Object45,3.6837086496843215e+26,(4859.659273775768,-4024.0779357275183,0.0),(0.0,0.0,0.0),(-2126801435943.7556,-2568422005423.988,0.0)
Object46,8.849266894953257e+26,(2633.180563235051,-8021.776121310649,0.0),(0.0,0.0,0.0),(-1769442144982.9841,-580826564276.7491,0.0)
Object47,1.495004681274173e+26,(2040.4345505783594,39442.914047573235,0.0),(0.0,0.0,0.0),(84988762502.12543,-4396582037.804702,0.0)
Object48,3.447714030477795e+26,(-4034.6875195588177,3322.4074846119865,0.0),(0.0,0.0,0.0),(3089168777601.529,3751445531749.778,0.0)
Object49,6.040116698913196e+26,(-466.21096802418987,5428.046471467716,0.0),(0.0,0.0,0.0),(4456207108683.004,382740391184.1649,0.0)
Object50,4.904212069337077e+26,(-3225.2381202151905,-4816.612220752198,0.0),(0.0,0.0,0.0),(-3282737542035.116,2198144624061.0447,0.0)
Object51,4.192534956230257e+26,(-5334.029833888131,2096.6881743675217,0.0),(0.0,0.0,0.0),(1478466331499.4033,3761257213651.177,0.0)
Object52,6.1861170130937105e+26,(9678.851547577877,-952.0791616407863,0.0),(0.0,0.0,0.0),(-137394387703.68526,-1396753479786.8643,0.0)
Object53,9.156865749467566e+26,(-6427.043404265568,-1160.9529936555448,0.0),(0.0,0.0,0.0),(-553228854777.2769,3062678576632.0586,0.0)
Object54,2.0329688053428343e+25,(-1650.355388221442,6616.147966654309,0.0),(0.0,0.0,0.0),(2770174328381.0127,691002098531.9949,0.0)
Object55,7.678089529201485e+26,(4348.159684971886,4510.994210238013,0.0),(0.0,0.0,0.0),(2434787073123.7505,-2346897934122.774,0.0)
Object56,9.327386214286293e+26,(-9693.450683294272,-2451.422159718485,0.0),(0.0,0.0,0.0),(-325565268049.5917,1287355120586.2507,0.0)
Object57,3.110261742148903e+26,(-10428.580577167748,-136.25841951779404,0.0),(0.0,0.0,0.0),(-15944725542.813416,1220334535601.5947,0.0)
Object58,1.2699757110883995e+26,(9264.34929905241,-2023.5752340648596,0.0),(0.0,0.0,0.0),(-315031152973.48694,-1442278296402.619,0.0)
Object59,8.356881963736826e+26,(2232.7985003373383,-4986.9013834402485,0.0),(0.0,0.0,0.0),(-4058401006555.3853,-1817078579354.863,0.0)
Object60,2.9794121666266844e+26,(-14301.40058106501,-9732.371219186409,0.0),(0.0,0.0,0.0),(-249580054633.9126,366749711655.78485,0.0)
Object61,2.957248571063753e+26,(5268.014526650398,3162.4062385850066,0.0),(0.0,0.0,0.0),(1809816660020.2732,-3014837353668.603,0.0)
Object62,7.272764324710424e+26,(83.68312465141273,5157.622528386607,0.0),(0.0,0.0,0.0),(4988499415322.942,-80939079216.90341,0.0)
Object63,1.1862563879344238e+25,(-8261.51791091654,-2450.3596071818038,0.0),(0.0,0.0,0.0),(-508352255664.44305,1713936702562.9478,0.0)
Object64,8.627700504545479e+25,(4073.9755122635343,5654.540720700058,0.0),(0.0,0.0,0.0),(2217536806560.15,-1597687786453.973,0.0)
Object65,7.697148853902501e+26,(3118.4733110817224,-18994.404132289088,0.0),(0.0,0.0,0.0),(-353559327289.5016,-58046849922.606346,0.0)
Object66,9.274335842638674e+26,(-4143.956332075984,9559.696281591507,0.0),(0.0,0.0,0.0),(1121963805579.4395,486351122414.21075,0.0)
Object67,4.450904699085853e+26,(12366.736938259452,6914.801258722379,0.0),(0.0,0.0,0.0),(322726583148.0006,-577178520024.7468,0.0)
Object68,3.1571154854555435e+26,(6174.466890778272,-2860.363608811952,0.0),(0.0,0.0,0.0),(-1205063048545.2979,-2601285330166.021,0.0)
Object69,4.595434482730201e+26,(-5820.279864107172,-2355.7053976879156,0.0),(0.0,0.0,0.0),(-1263292267917.7708,3121236873108.4316,0.0)
Object70,8.934932946746562e+26,(-7715.640484241885,-3035.873476674023,0.0),(0.0,0.0,0.0),(-707029480885.224,1796907983216.426,0.0)
Object71,9.792577500515904e+26,(-18589.41484108471,-8800.441637031297,0.0),(0.0,0.0,0.0),(-134280417254.78134,283644217453.74304,0.0)
Object72,2.0209072855582417e+26,(5246.831528311619,-1523.4292242622084,0.0),(0.0,0.0,0.0),(-1240065401567.8826,-4270900244325.9614,0.0)
Object73,4.5123454720968945e+26,(-5825.059109296094,2355.931001991209,0.0),(0.0,0.0,0.0),(1260691727739.3396,3117070842259.613,0.0)
Object74,5.298098866307956e+26,(-6130.552435988175,-1153.1234184996765,0.0),(0.0,0.0,0.0),(-630620504351.7853,3352678479262.897,0.0)
Object75,5.160055163658609e+26,(5553.225950289835,1815.251249762636,0.0),(0.0,0.0,0.0),(1208389285179.5833,-3696710710095.3164,0.0)
Object76,4.59656991706691e+25,(8557.224198758215,1536.221915053735,0.0),(0.0,0.0,0.0),(310335793279.7971,-1728664936993.7007,0.0)
Object77,8.47671166544791e+26,(-1351.2697866879182,8258.512781303778,0.0),(0.0,0.0,0.0),(1870793298068.4277,306101900882.3308,0.0)
Object78,6.528866782489085e+26,(4757.445728145836,2723.8466998069543,0.0),(0.0,0.0,0.0),(2194822614802.8074,-3833457100787.4717,0.0)
Object79,3.538061911821286e+25,(-3114.931789472707,-4203.990797999728,0.0),(0.0,0.0,0.0),(-3896181823601.729,2886861842246.9614,0.0)
Object80,8.169756505689697e+26,(6993.440636011652,997.8848740093126,0.0),(0.0,0.0,0.0),(375766527172.84204,-2633471023791.674,0.0)
Object81,1.869978158511747e+26,(-9446.24137750363,-1836.5303756076119,0.0),(0.0,0.0,0.0),(-273584665995.77832,1407189789237.6575,0.0)
Object82,1.9922038699269065e+25,(-24215.520063452077,-10345.828252546184,0.0),(0.0,0.0,0.0),(-75214939453.5679,176048628582.34232,0.0)
Object83,2.2307845173529386e+26,(3054.7148864318856,-11921.727007372981,0.0),(0.0,0.0,0.0),(-849058596082.4437,-217555051487.25256,0.0)
Object84,4.8251358276734314e+26,(-4491.219630318942,2887.2923954302387,0.0),(0.0,0.0,0.0),(2518212176809.789,3917110708876.1016,0.0)
Object85,8.054023344811352e+26,(-973.3852170268083,5335.472948438411,0.0),(0.0,0.0,0.0),(4439823224258.792,809985981462.1819,0.0)
Object86,6.148343538643775e+26,(534.2145798873433,6268.005789398418,0.0),(0.0,0.0,0.0),(3342464430463.2954,-284874215420.86884,0.0)
Object87,6.665965241123414e+26,(-4274.963729192244,-3728.85388833319,0.0),(0.0,0.0,0.0),(-2711712047925.5586,3108856231982.1157,0.0)
Object88,3.5456042846002345e+26,(-5455.953010984859,8047.165467903757,0.0),(0.0,0.0,0.0),(1162433897032.7693,788126545413.1273,0.0)
Object89,2.5827528893954073e+26,(-7003.0847951932,-5134.746313674926,0.0),(0.0,0.0,0.0),(-1040941474499.4438,1419700403375.0894,0.0)
Object90,9.406964638739708e+26,(-1402.844187774017,-7296.287707208509,0.0),(0.0,0.0,0.0),(-2361506583398.447,454042647144.74146,0.0)
Object91,8.152566409276731e+24,(775.2617783536665,-7055.619404174213,0.0),(0.0,0.0,0.0),(-2619101052667.115,-287783229715.7921,0.0)
Object92,6.866667462539239e+26,(1810.5738434154414,5498.727421005223,0.0),(0.0,0.0,0.0),(3762355112239.712,-1238836049562.9521,0.0)
Object93,4.5580807060847475e+26,(-8463.91556395849,-1651.0587568928947,0.0),(0.0,0.0,0.0),(-341790615384.815,1752140495965.4922,0.0)
Object94,4.574666385748352e+26,(-7189.132253758141,-2814.2794851324425,0.0),(0.0,0.0,0.0),(-811889454566.9492,2073987567741.0466,0.0)
Object95,9.532973930894397e+26,(5344.307041292642,-6049.426835591392,0.0),(0.0,0.0,0.0),(-1526902435180.9844,-1348927040111.3748,0.0)
Object96,4.734296733586072e+26,(-4689.119413141953,-8189.5763277296055,0.0),(0.0,0.0,0.0),(-1293599503807.287,740678431141.1602,0.0)
Object97,1.624673199461941e+26,(-3047.4646799759394,-7362.796054231698,0.0),(0.0,0.0,0.0),(-1931724513005.7036,799541666164.3351,0.0)
Object98,6.666444594953432e+26,(2990.3918720818738,-13434.499782052479,0.0),(0.0,0.0,0.0),(-684061207333.9508,-152265518449.05673,0.0)
Object99,3.0256730299690536e+26,(-5499.817468606805,-2697.6524879348003,0.0),(0.0,0.0,0.0),(-1557901098471.9958,3176158424429.759,0.0)
Object100,5.4137252256992605e+26,(5756.773034051444,-1613.6559702285617,0.0),(0.0,0.0,0.0),(-1002399570730.655,-3576094858255.083,0.0)
Object101,3.652645737655263e+26,(6978.846092983624,-3961.9709846441024,0.0),(0.0,0.0,0.0),(-1017671831613.8301,-1792586344908.7432,0.0)
Object102,5.907004512811225e+26,(567.1413188194241,5133.41508117161,0.0),(0.0,0.0,0.0),(4946801066329.124,-546524143544.4024,0.0)
Object103,4.261262184831304e+26,(-9147.85014461523,8451.74360582157,0.0),(0.0,0.0,0.0),(580771865196.9344,628605674617.3372,0.0)
Object104,5.420161260317506e+26,(5437.705941295807,7541.793512555975,0.0),(0.0,0.0,0.0),(1245627046597.4863,-898109127576.2543,0.0)
Object105,2.3796561877321152e+26,(237.8780407383402,-5341.940921007313,0.0),(0.0,0.0,0.0),(-4638225420819.002,-206541403568.9365,0.0)
Object106,9.181943566506088e+26,(6862.983936395046,-6058.593661473526,0.0),(0.0,0.0,0.0),(-1048313236738.5582,-1187496192358.478,0.0)
Object107,2.429335576256981e+26,(-20208.57958462034,5634.5364476014465,0.0),(0.0,0.0,0.0),(81006580560.32835,290534624339.54395,0.0)
Object108,1.0705285425011069e+26,(-9294.355896053537,-13989.42506600158,0.0),(0.0,0.0,0.0),(-391977370894.2326,260423653659.96118,0.0)
Object109,2.8801291722825768e+26,(-4325.572119518341,-3846.240273234138,0.0),(0.0,0.0,0.0),(-2632868913193.3716,2960986198524.6094,0.0)
Object110,1.355555152620249e+26,(4671.151649039919,-2990.348133396652,0.0),(0.0,0.0,0.0),(-2326718277108.162,-3634511244889.7188,0.0)
Object111,2.1957789510369926e+26,(-550.0252475703078,6876.869554835638,0.0),(0.0,0.0,0.0),(2780384532447.7705,222380500110.67722,0.0)
Object112,8.3577897154611e+26,(-5186.4714100890915,-1025.7187095821723,0.0),(0.0,0.0,0.0),(-921423182945.9993,4659108730588.936,0.0)
Object113,4.3744033822674195e+25,(8555.283986695078,-11452.832299589181,0.0),(0.0,0.0,0.0),(-520425735551.673,-388758854156.0103,0.0)
Object114,4.459697642068039e+26,(2629.4918723669743,14980.851492697755,0.0),(0.0,0.0,0.0),(565197871226.9955,-99205523090.25447,0.0)
Object115,7.085023359183581e+26,(-9199.026636843759,-4764.581061751822,0.0),(0.0,0.0,0.0),(-568884440729.8585,1098351157370.3434,0.0)
Object116,1.2682252740683384e+26,(-396.17903573918534,11572.7318217672,0.0),(0.0,0.0,0.0),(989477024779.4679,33873596969.20257,0.0)
Object117,5.935853406016804e+26,(1416.6587380368967,6728.361586495933,0.0),(0.0,0.0,0.0),(2747668480766.159,-578522499492.0532,0.0)
Object118,4.0497246993449405e+26,(1949.8125146006382,7037.167019424601,0.0),(0.0,0.0,0.0),(2399167306473.805,-664745688978.3787,0.0)
Object119,8.190977683585496e+26,(2493.0031095916333,7176.114175511941,0.0),(0.0,0.0,0.0),(2172872686575.1094,-754862343587.5071,0.0)
Object120,8.883139443671309e+26,(-14883.309225359193,-4486.179706874376,0.0),(0.0,0.0,0.0),(-158550432992.5001,526005482666.24524,0.0)
Object121,8.920339340847662e+26,(1641.9693630844306,-6442.485193586309,0.0),(0.0,0.0,0.0),(-2910286793073.416,-741732671232.684,0.0)
Object122,5.017517059671322e+26,(-6141.5097620043225,-5788.289073724418,0.0),(0.0,0.0,0.0),(-1278396329266.271,1356408333429.599,0.0)
Object123,5.6357091882981164e+26,(-1830.3241867662996,-5827.762174829689,0.0),(0.0,0.0,0.0),(-3394328302305.745,1066056061170.1968,0.0)
Object124,1.0876893278193231e+26,(10428.23899610151,-2443.490252041048,0.0),(0.0,0.0,0.0),(-263997095991.96716,-1126677222870.5984,0.0)
Object125,7.867185137933578e+26,(4533.82569599866,-8164.9428894771,0.0),(0.0,0.0,0.0),(-1330624709794.969,-738868670933.9059,0.0)
Object126,8.378888418376495e+26,(-817.6352165183781,8598.887228820215,0.0),(0.0,0.0,0.0),(1771301684750.0078,168426285633.31528,0.0)
Object127,4.191161712386034e+26,(4349.6955794983005,3522.419310809121,0.0),(0.0,0.0,0.0),(2666842273784.843,-3293177508397.3604,0.0)
Object128,8.896349427366935e+26,(1344.4735831755559,-5512.175420239614,0.0),(0.0,0.0,0.0),(-4006341177021.744,-977185859854.2299,0.0)
Object129,8.729192799851169e+25,(-5360.68013334007,11396.285196995892,0.0),(0.0,0.0,0.0),(757353959850.364,356250502360.76,0.0)
Object130,2.094860574959154e+26,(-8389.21964105345,4665.751615698894,0.0),(0.0,0.0,0.0),(700215184145.9812,1259016651472.8635,0.0)
Object131,6.717411464594813e+26,(-2549.623365452029,13941.556461042246,0.0),(0.0,0.0,0.0),(650110246532.1364,118891766447.30234,0.0)
Object132,7.008089655677566e+26,(-5022.985841557539,-4613.962418522693,0.0),(0.0,0.0,0.0),(-1930494197021.839,2101630689474.5889,0.0)
Object133,9.288783281120908e+25,(1901.3131761207858,-7295.966027920608,0.0),(0.0,0.0,0.0),(-2259811214177.344,-588901979617.0095,0.0)
Object134,3.084039751561634e+26,(4276.797167023773,5313.509598853575,0.0),(0.0,0.0,0.0),(2222803690252.6685,-1789115150440.998,0.0)
Object135,7.637686136234974e+26,(9204.899580815387,2438.9370101113414,0.0),(0.0,0.0,0.0),(374959147289.58606,-1415149831012.3396,0.0)
Object136,9.417353076106804e+26,(-16783.90341277938,-23777.430374624702,0.0),(0.0,0.0,0.0),(-128035337591.87086,90376996408.23697,0.0)
Object137,4.695860947199137e+26,(-3400.9841208118614,4630.0254147745445,0.0),(0.0,0.0,0.0),(3241734197654.544,2381215121397.5015,0.0)
Object138,5.265547168972027e+26,(6176.9942301443425,-5846.885552240113,0.0),(0.0,0.0,0.0),(-1261494556430.963,-1332717140913.955,0.0)
Object139,3.611587891065566e+26,(1769.155387901378,7040.459264228283,0.0),(0.0,0.0,0.0),(2443152498944.13,-613925348440.3903,0.0)
Object140,1.246019084674313e+25,(4291.994179973406,4241.065642558874,0.0),(0.0,0.0,0.0),(2562848409465.2905,-2593624193692.595,0.0)
Object141,1.3964445104260132e+25,(-1880.784548875842,-7931.668446390579,0.0),(0.0,0.0,0.0),(-1943905639363.1042,460945602517.01996,0.0)
Object142,1.3922418546155491e+26,(6585.287352165488,-8199.546691301997,0.0),(0.0,0.0,0.0),(-935849581145.3821,-751607209796.5533,0.0)
Object143,7.87440304314513e+26,(9509.80993703316,5073.173323089078,0.0),(0.0,0.0,0.0),(537847543210.9019,-1008210755930.0706,0.0)
Object144,9.924807429883789e+26,(-6207.338328650265,-480.04696604914255,0.0),(0.0,0.0,0.0),(-264072678518.25525,3414641847247.7153,0.0)
Object145,6.226427531616997e+26,(-7555.218215054556,7329.527331691419,0.0),(0.0,0.0,0.0),(834233206898.337,859920924656.2979,0.0)
Object146,9.262054029779074e+26,(-741.2397786487824,-7200.877201347604,0.0),(0.0,0.0,0.0),(-2520015785075.751,259403943504.46823,0.0)
Object147,8.748425481552077e+26,(-3923.852569593339,4180.2623350184585,0.0),(0.0,0.0,0.0),(2944560380807.9736,2763946348478.4116,0.0)
Object148,7.763411106216094e+26,(-5087.9598114719765,-12240.002340563806,0.0),(0.0,0.0,0.0),(-697663264198.5775,290006697010.09314,0.0)
Object149,9.669505997459531e+26,(1950.961158869491,4879.6722600811045,0.0),(0.0,0.0,0.0),(4463296897365.078,-1784488470362.4026,0.0)
Object150,9.734250253843214e+26,(1696.5441845395849,6326.561549988636,0.0),(0.0,0.0,0.0),(2988594450972.658,-801427836540.0624,0.0)
Object151,4.2620449132629665e+26,(4084.274798830122,6596.244401817886,0.0),(0.0,0.0,0.0),(1875132190303.6228,-1161047814908.3684,0.0)
Object152,2.7721196511798164e+25,(8281.061823337477,-4054.0314061058652,0.0),(0.0,0.0,0.0),(-686615710229.311,-1402531597737.508,0.0)
Object153,3.9430273494926006e+26,(18542.044713955256,-8429.360028845338,0.0),(0.0,0.0,0.0),(-132428164333.2762,-291301941790.589,0.0)
Object154,5.800130072558444e+26,(8045.3076967882425,-797.6082479457226,0.0),(0.0,0.0,0.0),(-200369047744.02948,-2021080707433.7957,0.0)
Object155,4.5932385472745026e+26,(-472.3887088559034,6048.841546322501,0.0),(0.0,0.0,0.0),(3595299310247.077,280777531716.0847,0.0)
Object156,3.279123505678942e+26,(1323.310895999292,-6822.759751982171,0.0),(0.0,0.0,0.0),(-2698134983656.109,-523317770600.3344,0.0)
Object157,2.3100433076599353e+26,(3460.5473365781845,4355.5614755314455,0.0),(0.0,0.0,0.0),(3358702063275.8745,-2668530233065.027,0.0)
Object158,1.0633810452750817e+26,(-2305.8868770359836,-9649.232912560363,0.0),(0.0,0.0,0.0),(-1311826555181.6895,313488508978.0815,0.0)
Object159,2.4089028478707215e+26,(768.6066782399695,-6408.6427352787,0.0),(0.0,0.0,0.0),(-3163769772690.1875,-379439871459.4095,0.0)
Object160,6.850745017113308e+26,(4459.540775283959,8591.756132105695,0.0),(0.0,0.0,0.0),(1257398380343.4666,-652651129955.1298,0.0)
Object161,1.904559929300461e+26,(19631.50209636482,-2571.9971339080416,0.0),(0.0,0.0,0.0),(-43990969541.47771,-335773628745.2324,0.0)
Object162,3.232580945472831e+26,(-10746.089244690374,-7548.707794402431,0.0),(0.0,0.0,0.0),(-442461178591.3502,629873011640.3888,0.0)
Object163,6.6512619525895705e+25,(-6141.441205546064,-4099.356500198718,0.0),(0.0,0.0,0.0),(-1351755804524.672,2025129748374.2786,0.0)
Object164,2.8899993005674534e+26,(6519.562727663413,1846.8330085285213,0.0),(0.0,0.0,0.0),(788005584471.4552,-2781763058157.612,0.0)
Object165,4.40764111427277e+26,(13522.754795411833,16702.47569889398,0.0),(0.0,0.0,0.0),(223402194832.32217,-180872174636.62354,0.0)
Object166,7.044409773969971e+26,(-5467.556333341077,-5972.584037981151,0.0),(0.0,0.0,0.0),(-1493431867106.8281,1367150769497.3179,0.0)
Object167,2.6629342207002543e+26,(-3411.86293892906,-5593.4192267523595,0.0),(0.0,0.0,0.0),(-2640096697395.5435,1610401028757.3008,0.0)
Object168,4.810057003236192e+26,(-3038.8565175139975,5681.042221419945,0.0),(0.0,0.0,0.0),(2820050264347.916,1508478161492.836,0.0)
Object169,9.680778273961884e+26,(5875.173271744773,-3782.6519121958922,0.0),(0.0,0.0,0.0),(-1471833254661.563,-2286035194085.0,0.0)
Object170,1.1283707074772026e+26,(1761.9827571864573,-5976.921863722949,0.0),(0.0,0.0,0.0),(-3279423948909.032,-966766603818.845,0.0)
Object171,8.393575962089457e+26,(-666.2628039904587,5452.711284231918,0.0),(0.0,0.0,0.0),(4366779137752.2964,533573549206.48615,0.0)
Object172,2.8262522204331126e+26,(-3146.5765357907626,-4634.013083343259,0.0),(0.0,0.0,0.0),(-3500432613257.389,2376855422696.822,0.0)
Object173,9.833830868087307e+26,(-3818.7539728379766,-3754.907364054891,0.0),(0.0,0.0,0.0),(-3245045491549.588,3300222658359.5156,0.0)
Object174,9.994675147444461e+26,(-7717.237085399814,-7653.813313658319,0.0),(0.0,0.0,0.0),(-791300854495.5994,797858015314.3534,0.0)
Object175,6.076611639756736e+26,(4327.73464713494,3142.7873991631077,0.0),(0.0,0.0,0.0),(2726846578042.5947,-3754968731374.827,0.0)
Object176,1.3887499191651061e+26,(-5578.067528683047,14333.74673011206,0.0),(0.0,0.0,0.0),(522946919870.9171,203508076979.53326,0.0)
Object177,7.738562204691177e+25,(10703.495578957312,-192.32637073275677,0.0),(0.0,0.0,0.0),(-20810961448.583897,-1158187683831.9102,0.0)
Object178,1.6505536588760793e+26,(3385.8201570339656,-3926.055366765345,0.0),(0.0,0.0,0.0),(-3740322441327.5127,-3225644554800.823,0.0)
Object179,2.021887506874659e+26,(8710.53802219349,2821.496690436751,0.0),(0.0,0.0,0.0),(487963471562.9,-1506443153698.058,0.0)
Object180,5.3827253590500436e+26,(2554.7552376902004,-7366.991735606874,0.0),(0.0,0.0,0.0),(-2062919948177.35,-715387736498.8699,0.0)
Object181,6.28859490927613e+25,(-4512.401719821128,3462.366427072645,0.0),(0.0,0.0,0.0),(2498084532691.475,3255681101063.039,0.0)
Object182,4.135289230262579e+26,(-4242.773801717184,3627.9473577483436,0.0),(0.0,0.0,0.0),(2768470140494.829,3237641405639.8574,0.0)
Object183,2.2348068436752892e+26,(4275.024274827826,4574.46204621893,0.0),(0.0,0.0,0.0),(2474149377795.1245,-2312195082778.508,0.0)
Object184,3.963299983054561e+26,(-23059.930614494155,-6023.270652763783,0.0),(0.0,0.0,0.0),(-59061475156.989,226115278164.51398,0.0)
Object185,5.3767017651067674e+26,(2078.0830352528947,-6436.12327747497,0.0),(0.0,0.0,0.0),(-2761789296590.6895,-891721186303.9016,0.0)
Object186,1.9565128955812685e+26,(-1849.1168489705801,9348.628552600901,0.0),(0.0,0.0,0.0),(1433983714139.6614,283635554888.67426,0.0)
Object187,7.293214745315965e+26,(1526.3150170187814,-5606.527589773085,0.0),(0.0,0.0,0.0),(-3793822393225.8047,-1032826111699.7449,0.0)
Object188,8.794076474563143e+26,(-5108.333957561673,-1822.0087924161942,0.0),(0.0,0.0,0.0),(-1516150472730.4224,4250804374193.6235,0.0)
Object189,6.250523072157431e+26,(24617.16960469303,-4838.445242497586,0.0),(0.0,0.0,0.0),(-40676173566.12243,-206953311107.4919,0.0)
Object190,5.6062131773815925e+26,(-5041.893487183099,-1907.093681099421,0.0),(0.0,0.0,0.0),(-1616295503148.5867,4273093582896.389,0.0)
Object191,9.463988029164507e+26,(4354.574852060779,-4935.570946460883,0.0),(0.0,0.0,0.0),(-2297800985556.7134,-2027312846940.36,0.0)
Object192,3.665826497917551e+26,(9814.380192418195,-12091.362819507767,0.0),(0.0,0.0,0.0),(-424997188948.3867,-344963926342.4454,0.0)
Object193,5.892434716263361e+26,(-9006.524087265889,-5352.96991693262,0.0),(0.0,0.0,0.0),(-617873188453.4271,1039589207680.5061,0.0)
Object194,3.767476344651671e+26,(-5436.324986814155,2101.8184114876008,0.0),(0.0,0.0,0.0),(1409185040794.3394,3644838110868.449,0.0)
Object195,8.690148068204118e+26,(5761.537197432211,-926.2173641153283,0.0),(0.0,0.0,0.0),(-618752167021.6526,-3848949247126.3433,0.0)
Object196,9.77614658589796e+26,(1162.0255642566126,-12794.352234792193,0.0),(0.0,0.0,0.0),(-801036455425.7653,-72752791389.86127,0.0)
Object197,4.576820500119377e+26,(-250.90238783431275,10483.568412379505,0.0),(0.0,0.0,0.0),(1206838650710.3215,28883171004.674362,0.0)
Object198,7.44923347998746e+26,(1502.5279215248593,-14906.508173212302,0.0),(0.0,0.0,0.0),(-588441667228.1033,-59313021193.50287,0.0)
Object199,1.5039318632868586e+25,(1854.775291199314,-17439.862042667355,0.0),(0.0,0.0,0.0),(-429168062203.8918,-45643154492.86216,0.0)
Object200,3.361568848308679e+26,(5481.724431708469,-2565.7952168458564,0.0),(0.0,0.0,0.0),(-1536245921165.9822,-3282131303339.3057,0.0)
Object201,5.9905543165947396e+26,(3196.7951177754035,6490.399123692487,0.0),(0.0,0.0,0.0),(2275107097124.3745,-1120586133748.5242,0.0)
Object202,9.236943288535413e+26,(5862.7780922952725,1036.8453702112245,0.0),(0.0,0.0,0.0),(652200782096.442,-3687829031125.348,0.0)
Object203,7.549973957125725e+26,(-18611.023748118285,11018.677809684936,0.0),(0.0,0.0,0.0),(144579086271.15845,244200334608.99524,0.0)
Object204,3.1866940157854454e+26,(-4333.58563937145,-4524.363719375552,0.0),(0.0,0.0,0.0),(-2442537960346.637,2339543875141.5728,0.0)
Object205,6.585478349980726e+26,(3631.1817595992816,-4054.764873728129,0.0),(0.0,0.0,0.0),(-3337978077286.18,-2989274467360.042,0.0)
Object206,3.960936249748191e+26,(1410.2083212694247,8079.719559703325,0.0),(0.0,0.0,0.0),(1944013476174.3296,-339301873103.8237,0.0)
Object207,8.7637299975242e+26,(1712.6875022788308,-7341.914117383313,0.0),(0.0,0.0,0.0),(-2274589713742.3213,-530605685827.184,0.0)
Object208,2.390480040022005e+26,(2510.669951159402,5683.012854010396,0.0),(0.0,0.0,0.0),(3145839218215.383,-1389784644034.1165,0.0)
Object209,3.0193010686516973e+25,(5186.947838104982,-6700.243493115456,0.0),(0.0,0.0,0.0),(-1462060615257.4084,-1131844261373.4988,0.0)
Object210,7.728487700890922e+26,(5708.466673108889,-18329.32911233182,0.0),(0.0,0.0,0.0),(-343906881782.28973,-107105991783.74661,0.0)
Object211,5.200923232246512e+26,(-1200.6141112444495,5696.874045911898,0.0),(0.0,0.0,0.0),(3832281180901.736,807651850289.5339,0.0)
Object212,7.5191763087962e+26,(-4771.582983986071,-3456.309541339207,0.0),(0.0,0.0,0.0),(-2243337677252.6216,3097023504430.072,0.0)
Object213,4.0469116207846234e+26,(-1326.9298654465551,-7398.807941976661,0.0),(0.0,0.0,0.0),(-2312564349000.121,414743932336.13556,0.0)
Object214,1.2156856263930225e+26,(4988.972071820051,5564.801833035688,0.0),(0.0,0.0,0.0),(1769601233150.1772,-1586487964051.8076,0.0)
Object215,6.228987442308857e+26,(4995.581211427632,1373.6717536298665,0.0),(0.0,0.0,0.0),(1311238259153.7388,-4768531633430.155,0.0)
Object216,4.217646372251122e+26,(-972.6740559920693,9998.734020164993,0.0),(0.0,0.0,0.0),(1309226072090.429,127361147039.46782,0.0)
Object217,7.808195254393502e+26,(-294.61107197042855,-5422.3668235566265,0.0),(0.0,0.0,0.0),(-4495132291087.13,244232045897.88818,0.0)
Object218,3.471618619728487e+26,(-9174.961489683737,3101.1913961614514,0.0),(0.0,0.0,0.0),(453193348246.9505,1340785197164.313,0.0)
Object219,5.120336111451835e+26,(-14476.570393928412,-10855.293782408831,0.0),(0.0,0.0,0.0),(-243246822611.95572,324392855801.6407,0.0)
Object220,6.934546358160176e+26,(5480.313512484395,-2460.7867879865357,0.0),(0.0,0.0,0.0),(-1506768958437.6665,-3355661011929.6377,0.0)
Object221,4.187974454537068e+26,(-21.331445402086302,-7721.000611504924,0.0),(0.0,0.0,0.0),(-2226836651094.027,6152265338.691412,0.0)
Object222,1.8626493070615542e+26,(-10260.804318378832,-8894.760632072528,0.0),(0.0,0.0,0.0),(-471552787558.82526,543973140938.7877,0.0)
Object223,9.675874921924705e+26,(-6501.2719418020015,-602.6816652586824,0.0),(0.0,0.0,0.0),(-287447889015.0263,3100769449791.528,0.0)
Object224,8.407716544783533e+26,(17945.07731726053,3937.9119660777524,0.0),(0.0,0.0,0.0),(84300906767.4747,-384159499473.0858,0.0)
Object225,5.392635067285658e+26,(-1689.2211580853427,6953.369163369073,0.0),(0.0,0.0,0.0),(2519388193866.0444,612049172497.3942,0.0)
Object226,1.1986627821552572e+25,(5050.228017516691,8091.223212547979,0.0),(0.0,0.0,0.0),(1237907203807.5935,-772653711253.3999,0.0)
Object227,4.737555113008847e+26,(1116.5431859460286,23977.990287883542,0.0),(0.0,0.0,0.0),(230146267062.6896,-10716838366.124918,0.0)
Object228,5.052419164804727e+26,(-4226.326533870551,3666.694473052955,0.0),(0.0,0.0,0.0),(2778841531723.0776,3202964355294.163,0.0)
Object229,3.273147672366536e+26,(-342.0875548168206,-7235.618563304976,0.0),(0.0,0.0,0.0),(-2527171281903.648,119480295549.85683,0.0)
Object230,8.202818507859506e+26,(5437.193435097707,-2171.628270430808,0.0),(0.0,0.0,0.0),(-1436425092698.6272,-3596435536585.2827,0.0)
Object231,1.8239094820776526e+26,(7724.476154360033,7492.899406543141,0.0),(0.0,0.0,0.0),(798114642698.5089,-822781301532.8401,0.0)
Object232,4.641855819095219e+26,(4158.566530854012,-5279.145660863274,0.0),(0.0,0.0,0.0),(-2309027959636.748,-1818901581545.1658,0.0)
Object233,3.9463392068598985e+26,(4951.236171608761,-3144.560233993138,0.0),(0.0,0.0,0.0),(-2068740307850.9058,-3257314562198.5884,0.0)
Object234,1.603323603127825e+26,(5555.869424333493,1808.839674911379,0.0),(0.0,0.0,0.0),(1203796859639.732,-3697474274998.2734,0.0)
Object235,8.262697187468874e+26,(-6430.548131803945,-3825.608412362277,0.0),(0.0,0.0,0.0),(-1212292897052.686,2037769417055.3035,0.0)
Object236,7.328180245353615e+25,(21855.866696377936,19322.374851660225,0.0),(0.0,0.0,0.0),(103319274581.37982,-116866188020.52081,0.0)
Object237,3.6623586858983444e+26,(796.5280392247643,6748.617065764809,0.0),(0.0,0.0,0.0),(2854950176281.6304,-336965017252.8033,0.0)
Object238,7.288970612599447e+26,(-4327.888559389286,-3937.9070078886184,0.0),(0.0,0.0,0.0),(-2609447118611.6626,2867867704429.596,0.0)
Object239,2.8515848275984323e+26,(-15576.176638651199,909.8154654537898,0.0),(0.0,0.0,0.0),(31797459158.22906,544377249359.9461,0.0)
Object240,7.162670357010216e+26,(-4776.5093393415145,-2612.360975683501,0.0),(0.0,0.0,0.0),(-2149156366386.1206,3929573880218.721,0.0)
Object241,8.813918065467528e+26,(3907.899058644315,-3533.566635834382,0.0),(0.0,0.0,0.0),(-3207576143969.0083,-3547374391196.838,0.0)
Object242,4.635870979829032e+26,(5737.162976318366,-2845.611362467258,0.0),(0.0,0.0,0.0),(-1438272061373.5808,-2899763941493.0996,0.0)
Object243,4.10781987301247e+26,(-5362.350763924148,1545.6624414162457,0.0),(0.0,0.0,0.0),(1180581910742.697,4095780644799.455,0.0)
Object244,3.644360616623153e+26,(-598.4571430382481,7780.245236857507,0.0),(0.0,0.0,0.0),(2173756565640.5342,167205544854.94733,0.0)
Object245,8.469747816035753e+26,(5367.646261321555,-783.0847533947366,0.0),(0.0,0.0,0.0),(-651295279406.497,-4464296688663.072,0.0)
Object246,8.137843225009708e+26,(6351.745720315063,2675.450816403366,0.0),(0.0,0.0,0.0),(1084825507102.6926,-2575467181000.606,0.0)
Object247,5.70007212448392e+26,(-17276.524410247286,6676.640478252242,0.0),(0.0,0.0,0.0),(139492643090.6618,360952197629.2767,0.0)
Object248,9.139660721776307e+26,(-6747.175748544611,5243.355263169957,0.0),(0.0,0.0,0.0),(1115610081191.5894,1435572626085.4338,0.0)
Object249,2.677710331411297e+26,(-4215.503472223523,-3311.4010855889883,0.0),(0.0,0.0,0.0),(-2853752447835.2744,3632904333174.802,0.0)
Object250,2.58120166932018e+26,(-89.17532247470639,-6610.339635644558,0.0),(0.0,0.0,0.0),(-3037207163314.159,40972770408.13033,0.0)
Object251,7.131688455036062e+26,(11912.638598849246,3557.5400850486644,0.0),(0.0,0.0,0.0),(245762113001.9248,-822949331136.3297,0.0)
Object252,2.9511555187661808e+25,(-2463.072585918929,-4956.220598899142,0.0),(0.0,0.0,0.0),(-3881079863281.1494,1928764312293.3389,0.0)
Object253,4.6851852138271033e+26,(-3671.849783441044,4723.239219103932,0.0),(0.0,0.0,0.0),(2928270236226.7266,2276439522532.972,0.0)
Object254,2.2097856935347796e+26,(2596.9554215176227,-4734.077824478236,0.0),(0.0,0.0,0.0),(-3992007549875.2207,-2189880697732.3694,0.0)
Object255,1.7394881406881895e+26,(4771.12289124592,-3979.8683692311984,0.0),(0.0,0.0,0.0),(-2202815916060.447,-2640767097618.1245,0.0)
Object256,3.713937111122649e+26,(3121.0376365794364,14987.696982107387,0.0),(0.0,0.0,0.0),(554519722857.3733,-115473172918.39948,0.0)
Object257,4.8281409892252774e+26,(-1758.4009948989712,11703.039546938819,0.0),(0.0,0.0,0.0),(937346257471.2262,140837821242.20554,0.0)
Object258,5.939715348666159e+25,(1958.4537288812676,5469.267071153187,0.0),(0.0,0.0,0.0),(3703304357125.4507,-1326091802254.1094,0.0)
Object259,3.1026146031214566e+26,(9155.376858992113,8634.576092426461,0.0),(0.0,0.0,0.0),(575100916745.0266,-609788548782.4728,0.0)
Object260,3.499552683732024e+26,(4812.422902114387,-2133.7892298035194,0.0),(0.0,0.0,0.0),(-1941686700199.1353,-4379166139867.3623,0.0)
Object261,3.4615616741017026e+26,(6125.017773514042,-835.4640163886285,0.0),(0.0,0.0,0.0),(-469501718625.5894,-3442046952192.668,0.0)
Object262,6.301802753108106e+26,(-6848.267263515962,5114.29150070669,0.0),(0.0,0.0,0.0),(1087309962239.3936,1455957138671.0957,0.0)
Object263,7.006199018571108e+26,(62971.44446798607,-66812.05791888811,0.0),(0.0,0.0,0.0),(-11460713401.865866,-10801907620.107483,0.0)
Object264,3.9271742606785985e+26,(-28152.02742399308,-16233.595726554386,0.0),(0.0,0.0,0.0),(-62794046505.65966,108896374473.53401,0.0)
Object265,6.661374623343965e+26,(9691.560678193193,-7049.914902852056,0.0),(0.0,0.0,0.0),(-543709981911.29675,-747441402292.8009,0.0)
Object266,2.662198985100059e+26,(-6455.508172288726,-418.9094752298014,0.0),(0.0,0.0,0.0),(-205414908042.49167,3165499221164.2046,0.0)
Object267,1.9388716231011425e+24,(-1200.5724704865154,7964.193650684653,0.0),(0.0,0.0,0.0),(2023573270055.619,305046118489.6352,0.0)
Object268,4.127332741284424e+26,(-4581.170571532364,-2773.633165997016,0.0),(0.0,0.0,0.0),(-2397270637548.561,3959537919928.3457,0.0)
Object269,6.661350429157292e+26,(-5127.093710518744,-5266.795666999803,0.0),(0.0,0.0,0.0),(-1760678348818.0054,1713976288283.382,0.0)
Object270,4.878273377913559e+26,(4820.472056367337,13679.441628146971,0.0),(0.0,0.0,0.0),(595184369756.5825,-209735872324.99176,0.0)
Object271,6.191907654109061e+26,(16688.170800754036,-9316.770080103093,0.0),(0.0,0.0,0.0),(-177148011503.09778,-317306990250.9524,0.0)
Object272,8.638464645043386e+26,(-1126.31445483384,-5392.2579498065215,0.0),(0.0,0.0,0.0),(-4282326815236.593,894476235599.3373,0.0)
Object273,4.1714476954703627e+26,(4721.976402644519,2421.150467780275,0.0),(0.0,0.0,0.0),(2150976841197.8655,-4195056037175.186,0.0)
Object274,5.1304479416974615e+26,(4794.538539516774,3804.8574416116703,0.0),(0.0,0.0,0.0),(2202664184254.312,-2775598950311.0596,0.0)
Object275,3.476927157659653e+26,(4730.464982886483,-2528.9306962565634,0.0),(0.0,0.0,0.0),(-2175226491875.6104,-4068847266117.674,0.0)
Object276,8.290075801399207e+26,(5915.926102655932,-1383.4882985023107,0.0),(0.0,0.0,0.0),(-818956287812.9791,-3501934122067.9756,0.0)
Object277,4.443505417775714e+26,(10487.43581708619,-3724.5156237239366,0.0),(0.0,0.0,0.0),(-358692664144.4131,-1010001480276.5154,0.0)
Object278,9.516507685482149e+26,(-1557.2062717698957,7337.187813352022,0.0),(0.0,0.0,0.0),(2308232888831.5034,489887245989.93854,0.0)
Object279,1.9687627050552137e+25,(5668.335179917929,11419.682277507754,0.0),(0.0,0.0,0.0),(731572687353.8931,-363127370764.30945,0.0)
Object280,7.147423841969393e+26,(-6872.33090656026,-10465.873465111006,0.0),(0.0,0.0,0.0),(-707862346055.9779,464812067010.70636,0.0)
Object281,1.1465946597136385e+26,(425.5480390261644,-6017.346635163183,0.0),(0.0,0.0,0.0),(-3638986794975.536,-257349923236.04956,0.0)
Object282,6.46591134751902e+26,(-468.4750105184811,5496.594145319801,0.0),(0.0,0.0,0.0),(4346484063443.5034,370451067243.866,0.0)
Object283,5.75873335652712e+25,(2975.675470358106,-5428.480227103966,0.0),(0.0,0.0,0.0),(-3037587542119.1323,-1665083846675.704,0.0)
Object284,8.437134781734549e+26,(-2618.886757024016,-4652.3526007587025,0.0),(0.0,0.0,0.0),(-4058619653042.6255,2284664593009.8584,0.0)
Object285,7.019050092238665e+26,(-2954.3700573131105,-5056.619342921757,0.0),(0.0,0.0,0.0),(-3341975346540.089,1952575668943.214,0.0)
Object286,6.007503598667288e+25,(-11507.086204425306,7088.147399063785,0.0),(0.0,0.0,0.0),(381176726074.6234,618812391886.8623,0.0)
Object287,3.909721034166554e+25,(-6690.783283587056,-263.2478283286311,0.0),(0.0,0.0,0.0),(-116403690995.02652,2958550027942.054,0.0)
Object288,9.617558517512126e+24,(-1132.6001385194174,8366.79008579597,0.0),(0.0,0.0,0.0),(1845412174498.5068,249810747374.99957,0.0)
Object289,6.0128780805475494e+26,(-7496.517828093608,4077.169849856669,0.0),(0.0,0.0,0.0),(870990696914.7738,1601453343366.31,0.0)
Object290,6.911562878349738e+26,(-196.38685289196457,14996.383367774546,0.0),(0.0,0.0,0.0),(590140919312.7212,7728257878.20567,0.0)
Object291,8.632196349159301e+26,(-6103.383301471945,-444.03019779925546,0.0),(0.0,0.0,0.0),(-257218519322.3499,3535577587835.8555,0.0)
Object292,9.525269605821853e+26,(10875.180424802455,-2539.104758587531,0.0),(0.0,0.0,0.0),(-242010785024.1354,-1036550753955.3619,0.0)
Object293,7.495769526955656e+26,(414.8204004267733,5669.794073671159,0.0),(0.0,0.0,0.0),(4096643392544.1167,-299723628481.00977,0.0)
Object294,4.9413577047700634e+26,(5367.420364577318,6355.296110501709,0.0),(0.0,0.0,0.0),(1465637820368.4631,-1237817113059.6426,0.0)
Object295,9.783275878313344e+26,(6816.751443406905,6558.687763258603,0.0),(0.0,0.0,0.0),(1028574718144.2328,-1069045889612.2163,0.0)
Object296,5.388896791074825e+26,(-2676.1935437315105,-5162.934782560565,0.0),(0.0,0.0,0.0),(-3485114483897.895,1806499844328.28,0.0)
Object297,9.804872289672109e+26,(-8290.095499767613,10058.048102948882,0.0),(0.0,0.0,0.0),(602979341174.056,496990695565.9035,0.0)
Object298,3.050156827497338e+26,(4324.49753812247,8398.703747781345,0.0),(0.0,0.0,0.0),(1322565076079.6643,-680989541633.0344,0.0)
Object299,9.62243630803273e+26,(2866.372658516155,4746.775563246631,0.0),(0.0,0.0,0.0),(3695851576378.9106,-2231765072376.9683,0.0)
Object300,7.594865911761807e+26,(5797.727562060779,135.02266579131012,0.0),(0.0,0.0,0.0),(91901065191.86018,-3946132566136.045,0.0)
Object301,5.880285665978087e+25,(8565.607714134661,-6650.643450264658,0.0),(0.0,0.0,0.0),(-692292052864.4934,-891628335332.6134,0.0)
Object302,3.701791767552636e+26,(3147.446744278512,6601.08136659498,0.0),(0.0,0.0,0.0),(2240577726351.1763,-1068324821111.0337,0.0)
Object303,9.948131820761286e+26,(-8174.671304249699,-4566.773293128641,0.0),(0.0,0.0,0.0),(-738404229079.8785,1321767356281.566,0.0)
Object304,2.8016451649217425e+26,(-6223.461757172202,533.5645267837898,0.0),(0.0,0.0,0.0),(290643454796.261,3390046255136.261,0.0)
Object305,8.231476720422585e+26,(-5274.086784768686,262.71564718701825,0.0),(0.0,0.0,0.0),(236848270721.3358,4754792293423.925,0.0)
Object306,3.860511938283426e+24,(-5067.218089351207,-7668.814700925192,0.0),(0.0,0.0,0.0),(-1310933595725.0786,866207711264.028,0.0)
Object307,8.216065353113305e+26,(101907.49113174471,-7110.342475102344,0.0),(0.0,0.0,0.0),(-885419412.7708951,-12690087892.499979,0.0)
Object308,5.297162279993825e+26,(-11.271833563469457,6427.484851232768,0.0),(0.0,0.0,0.0),(3213337777568.402,5635207153.387994,0.0)
Object309,1.549609378415914e+25,(-6055.723046221675,-3061.051110744647,0.0),(0.0,0.0,0.0),(-1300715834970.1323,2573225527259.476,0.0)
Object310,6.752048965138904e+26,(-10117.47593642673,-1624.9818646143387,0.0),(0.0,0.0,0.0),(-200484578284.42007,1248258790198.0593,0.0)
Object311,8.375799135852943e+26,(5054.341443463911,-1822.1971949403721,0.0),(0.0,0.0,0.0),(-1559691091671.0928,-4326211973942.0605,0.0)
Object312,7.768418259574849e+26,(-3744.8004417628367,-5843.61809549456,0.0),(0.0,0.0,0.0),(-2320269288787.769,1486911929504.8342,0.0)
Object313,8.152460200028764e+26,(3746.252413598466,11906.594443566873,0.0),(0.0,0.0,0.0),(812776317821.0338,-255729315110.5739,0.0)
Object314,5.04723897318372e+25,(-2478.4128689675135,-6607.801894750005,0.0),(0.0,0.0,0.0),(-2495632124288.8926,936046036422.5751,0.0)
Object315,6.588564980002585e+26,(-4253.829700043027,3910.843888314143,0.0),(0.0,0.0,0.0),(2690858765552.0107,2926850383808.2144,0.0)
Object316,2.7731599198496308e+26,(-873.5313929656185,-6772.798931729457,0.0),(0.0,0.0,0.0),(-2823297269594.3115,364138788339.16364,0.0)
Object317,3.7336774743972776e+26,(5055.607789116562,3461.218515998469,0.0),(0.0,0.0,0.0),(1997753686130.975,-2918006779882.9927,0.0)
Object318,7.612543792906932e+26,(-3767.131580147281,16586.37631274914,0.0),(0.0,0.0,0.0),(447477562091.34766,101632015563.63524,0.0)
Object319,5.4681172427016046e+26,(4161.503526603127,4120.890667484242,0.0),(0.0,0.0,0.0),(2723285912594.9165,-2750124874371.1533,0.0)
Object320,4.9041533924517075e+26,(4993.085522030322,8451.751525520967,0.0),(0.0,0.0,0.0),(1186101111194.8525,-700719166682.5586,0.0)
Object321,8.083489841112868e+26,(5447.092431829026,-3271.425940162763,0.0),(0.0,0.0,0.0),(-1692935308694.95,-2818824352511.43,0.0)
Object322,5.382243495363272e+26,(8336.662475875206,2623.6851516481297,0.0),(0.0,0.0,0.0),(521736818080.6381,-1657799431781.3308,0.0)
Object323,6.0801670891309284e+26,(-17195.917072506145,-25701.43956289445,0.0),(0.0,0.0,0.0),(-115380268820.94409,77196825088.07217,0.0)
Object324,6.891313564755447e+26,(-6675.407858343256,2720.5717302339867,0.0),(0.0,0.0,0.0),(964194435563.6233,2365822977796.906,0.0)
Object325,3.262147710993364e+26,(5788.308861455741,8354.653556247556,0.0),(0.0,0.0,0.0),(1056302921746.4156,-731832567462.2621,0.0)
Object326,4.352854193257574e+26,(-1698.4532221329043,-5332.803123969856,0.0),(0.0,0.0,0.0),(-4038219829530.2285,1286139263292.5132,0.0)
Object327,2.6481888592228038e+26,(-5918.205404956869,-398.9169764040093,0.0),(0.0,0.0,0.0),(-253746370258.94394,3764500456941.6367,0.0)
Object328,4.48701483879193e+26,(10111.810388838341,-16054.606554526921,0.0),(0.0,0.0,0.0),(-312024035495.7516,-196524771440.3535,0.0)
Object329,5.6521024298745184e+26,(8015.040129889982,-7083.188360580477,0.0),(0.0,0.0,0.0),(-768350729826.4648,-869433596833.5996,0.0)
Object330,6.822439926303926e+26,(5133.538365439111,1841.1727512791429,0.0),(0.0,0.0,0.0),(1506797775979.276,-4201237600640.112,0.0)
Object331,2.554357938941389e+26,(-2965.612159553003,10973.517126309796,0.0),(0.0,0.0,0.0),(991807464606.5356,268037698680.99622,0.0)
Object332,5.905171425031204e+25,(293.8729419092432,5395.621613143688,0.0),(0.0,0.0,0.0),(4539708115190.469,-247255548085.58832,0.0)
Object333,4.0803584881085794e+26,(-3837.7112087458986,-3587.3436988505887,0.0),(0.0,0.0,0.0),(-3284877795811.3467,3514135637570.7505,0.0)
Object334,3.629619388855742e+26,(8663.86851831291,10046.270571436142,0.0),(0.0,0.0,0.0),(571232305858.1619,-492628737816.3193,0.0)
Object335,3.028539259152255e+26,(-4857.291098224243,-3526.096964884358,0.0),(0.0,0.0,0.0),(-2164707286779.574,2981941092105.054,0.0)
Object336,5.4220125981289124e+26,(6412.642494740167,1792.0355061294918,0.0),(0.0,0.0,0.0),(805918128630.4341,-2883907613024.4663,0.0)
Object337,7.910392906569785e+26,(-29586.022736576702,6422.776376639427,0.0),(0.0,0.0,0.0),(30725880229.020695,141536391390.41333,0.0)
Object338,2.0233756058876875e+26,(-3520.9621500582834,-12202.071684580693,0.0),(0.0,0.0,0.0),(-790809891925.6414,228191717713.01944,0.0)
Object339,2.882639039929695e+26,(4535.738662866842,-2538.615366249665,0.0),(0.0,0.0,0.0),(-2399771189784.6846,-4287666068775.3335,0.0)
Object340,8.078186819336585e+24,(15.80964748613724,-5733.414106538608,0.0),(0.0,0.0,0.0),(-4038396271322.379,-11135707324.214699,0.0)
Object341,8.489679019036901e+26,(-5500.835732495061,-1084.7146382686608,0.0),(0.0,0.0,0.0),(-816994702388.5226,4143166777329.732,0.0)
Object342,5.825973600508899e+26,(6264.797274847645,3912.018745940879,0.0),(0.0,0.0,0.0),(1288933425733.8232,-2064127791150.2444,0.0)
Object343,4.978894048150507e+26,(8754.155432174179,-15265.423872559339,0.0),(0.0,0.0,0.0),(-371881036076.9982,-213260006356.45706,0.0)
Object344,8.034665062555325e+26,(-4554.752040220253,2718.485531534212,0.0),(0.0,0.0,0.0),(2418107625797.787,4051476645475.761,0.0)
Object345,3.2174502626531974e+26,(1788.1895268055687,5726.261316096945,0.0),(0.0,0.0,0.0),(3521119022913.163,-1099570524612.5337,0.0)
Object346,1.1336086990943828e+26,(2009.4904562153913,-4846.732079250011,0.0),(0.0,0.0,0.0),(-4454583362510.746,-1846902739209.4607,0.0)
Object347,5.316720352720691e+26,(3784.8372263963106,4916.824678409517,0.0),(0.0,0.0,0.0),(2732319402142.747,-2103264782461.1855,0.0)
Object348,9.402750061044263e+26,(5351.544794210935,-928.1203471069789,0.0),(0.0,0.0,0.0),(-768957046317.7192,-4433808709205.126,0.0)
Object349,8.53946988379228e+26,(-3652.670392256165,5916.116399461365,0.0),(0.0,0.0,0.0),(2336600386209.3403,1442640826001.705,0.0)
Object350,4.9974211026486875e+26,(-4105.880289816375,3913.7960603790466,0.0),(0.0,0.0,0.0),(2846685928420.5693,2986397723459.2188,0.0)
Object351,1.7147980849729393e+26,(-3716.7274466883077,4020.031718453423,0.0),(0.0,0.0,0.0),(3251901100892.414,3006550923496.848,0.0)
Object352,5.82586747715589e+26,(8379.519841533,-5623.613240086849,0.0),(0.0,0.0,0.0),(-726389481585.7662,-1082363742627.2927,0.0)
Object353,8.742053261234773e+26,(-37.36764714494383,-7525.411486418877,0.0),(0.0,0.0,0.0),(-2344034183564.6177,11639369146.152983,0.0)
Object354,9.272724088579657e+26,(207.6966140742198,7154.412278301151,0.0),(0.0,0.0,0.0),(2590262594246.668,-75196780596.47488,0.0)
Object355,9.774675222490259e+26,(4398.300039840469,-8904.085432409334,0.0),(0.0,0.0,0.0),(-1206787864629.6685,-596110083777.9628,0.0)
Object356,5.66779491416599e+26,(7924.660946224509,-783.6439032759463,0.0),(0.0,0.0,0.0),(-206005093994.25034,-2083242804895.123,0.0)
Object357,1.5686429299976706e+26,(-5129.237640668033,5846.083294421855,0.0),(0.0,0.0,0.0),(1649778727755.115,1447483164882.2432,0.0)
Object358,9.28812425984156e+26,(13050.632607544661,1644.0800268451865,0.0),(0.0,0.0,0.0),(95898414836.1837,-761237262929.6553,0.0)
Object359,7.819369380314994e+26,(-5197.954421835396,1698.951911207432,0.0),(0.0,0.0,0.0),(1379120545410.0388,4219428278086.7417,0.0)
Object360,8.42582271048979e+26,(6487.446147586262,-3406.7344472915647,0.0),(0.0,0.0,0.0),(-1149488802888.5662,-2188972114313.6533,0.0)
Object361,8.346870690391406e+26,(5921.47302711624,975.741900147089,0.0),(0.0,0.0,0.0),(599285515827.496,-3636876736541.7183,0.0)
Object362,1.7458170047480223e+26,(-28220.943367556327,-29954.491744228486,0.0),(0.0,0.0,0.0),(-57049302401.48731,53747703215.20058,0.0)
Object363,9.013120936049899e+26,(-2920.6848001756166,-5143.108825962356,0.0),(0.0,0.0,0.0),(-3299893027519.114,1873953621013.8745,0.0)
Object364,9.547632324526996e+26,(-6142.351144587319,8883.565227648402,0.0),(0.0,0.0,0.0),(936099170835.0117,647245747183.8406,0.0)
Object365,7.492908711462973e+26,(5454.650697765114,1533.4330410871232,0.0),(0.0,0.0,0.0),(1119061094099.9448,-3980667700655.895,0.0)
Object366,2.7066291902755526e+26,(-5350.443883603088,1010.0058098487161,0.0),(0.0,0.0,0.0),(830587337089.4205,4399985519087.176,0.0)
Object367,2.3606159161144215e+24,(2071.456774189892,-7707.86233227726,0.0),(0.0,0.0,0.0),(-2012537996091.905,-540861432859.48444,0.0)
Object368,8.168544808419638e+26,(3970.7410397508343,4286.233107230839,0.0),(0.0,0.0,0.0),(2852647701008.033,-2642675984942.28,0.0)
Object369,6.538874362205488e+26,(7441.158663018054,-279.38973249244367,0.0),(0.0,0.0,0.0),(-89827959787.10681,-2392443327061.581,0.0)
Object370,2.9361825094843977e+26,(387.1776865607376,-8177.324041558925,0.0),(0.0,0.0,0.0),(-1978605987897.1523,-93682491376.87323,0.0)
Object371,5.526038358656138e+26,(-5278.160017913525,2904.0952903903917,0.0),(0.0,0.0,0.0),(1763281641691.7888,3204744242482.2827,0.0)
Object372,4.437829580831312e+26,(3434.007581192431,-4689.927126388558,0.0),(0.0,0.0,0.0),(-3170051052410.728,-2321140404398.596,0.0)
Object373,8.332295350806166e+26,(-4513.095751770215,5306.229235092023,0.0),(0.0,0.0,0.0),(2083964204322.3928,1772469597651.1992,0.0)
Object374,5.4348403665996617e+26,(-677.1467962745836,7522.919034173631,0.0),(0.0,0.0,0.0),(2317453395064.347,208596707588.50024,0.0)
Object375,2.1081085311152135e+26,(1810.596442654575,-5393.397100690172,0.0),(0.0,0.0,0.0),(-3888207182398.7993,-1305294967406.4155,0.0)
Object376,8.067765327160603e+26,(-2517.341957427471,-5834.407804357676,0.0),(0.0,0.0,0.0),(-3018776591290.5005,1302496024991.5342,0.0)
Object377,2.7809089454072542e+26,(6251.169566345456,-3654.4639892783566,0.0),(0.0,0.0,0.0),(-1277811301035.9465,-2185769278341.0205,0.0)
Object378,7.38388650739145e+26,(-3067.599850846883,7037.685640119268,0.0),(0.0,0.0,0.0),(2064734183568.462,899980277244.3436,0.0)
Object379,8.610685127797578e+26,(-1103.1883446428915,-6586.965627367078,0.0),(0.0,0.0,0.0),(-2935273228291.7983,491601049250.98456,0.0)
Object380,2.4381296267441325e+26,(-4345.050979188278,-3337.969916744868,0.0),(0.0,0.0,0.0),(-2693854290007.5513,3506602669445.957,0.0)
Object381,5.061121399812927e+26,(8393.724204501399,4516.30667051251,0.0),(0.0,0.0,0.0),(692348620996.2427,-1286755705929.476,0.0)
Object382,3.205355982939396e+26,(4163.690287102503,3144.518030253174,0.0),(0.0,0.0,0.0),(2938727135935.838,-3891200341234.95,0.0)
Object383,1.6581351658672424e+26,(622.5680554489725,5530.982108693658,0.0),(0.0,0.0,0.0),(4258280080110.9873,-479312551900.10693,0.0)
Object384,1.1532475012099462e+26,(-3352.683919064151,4118.157288068947,0.0),(0.0,0.0,0.0),(3650702966178.744,2972118904600.312,0.0)
Object385,7.041963535392999e+26,(4571.287672074268,-3929.9696986712306,0.0),(0.0,0.0,0.0),(-2381378521158.35,-2769987330944.127,0.0)
Object386,2.1226893232986598e+26,(3203.0984725204944,-7130.730654258676,0.0),(0.0,0.0,0.0),(-1981693087757.676,-890169382377.3994,0.0)
Object387,2.3078077494602916e+26,(-5872.798768926403,4268.93318675168,0.0),(0.0,0.0,0.0),(1480731767955.0205,2037052191621.0774,0.0)
Object388,3.5623110616518154e+26,(12266.725923528837,-5751.64433420542,0.0),(0.0,0.0,0.0),(-307034254044.83734,-654822312482.8273,0.0)
Object389,7.787488544029265e+26,(5537.374513769244,-1899.6233401065151,0.0),(0.0,0.0,0.0),(-1256944830380.952,-3663975969349.3867,0.0)
Object390,1.7816367669324584e+26,(-60841.80187211139,20220.213595675752,0.0),(0.0,0.0,0.0),(10185240504.18512,30646975208.410267,0.0)
Object391,1.0652787340058275e+26,(-534.6251490717799,-12904.105805162028,0.0),(0.0,0.0,0.0),(-795183641620.089,32944954060.320717,0.0)
Object392,8.93317144322502e+26,(-53741.10631662111,4682.260736510597,0.0),(0.0,0.0,0.0),(3959586957.9355874,45446547223.87461,0.0)
Object393,6.96091021400208e+26,(9082.892593201035,3442.7666516750173,0.0),(0.0,0.0,0.0),(498682729589.2575,-1315651663100.6062,0.0)
Object394,2.6860192467006906e+26,(5628.369303305205,-2440.9690808043706,0.0),(0.0,0.0,0.0),(-1403403380095.0847,-3235957623059.7046,0.0)
Object395,3.7349044114728947e+26,(-2540.9718892209303,5684.37764928108,0.0),(0.0,0.0,0.0),(3126092208726.8047,1397393508239.5508,0.0)
Object396,9.06923136203378e+26,(5690.613723862055,-2705.4691235646264,0.0),(0.0,0.0,0.0),(-1435667545893.481,-3019745954003.176,0.0)
Object397,6.25970635603702e+26,(3851.4132928628387,5780.906540311838,0.0),(0.0,0.0,0.0),(2289601503095.3467,-1525401181093.0396,0.0)
Object398,2.0063846051645223e+26,(-1332.5634080846878,5545.893377352354,0.0),(0.0,0.0,0.0),(3967643921673.0957,953342725253.6381,0.0)
Object399,2.0285542838953598e+26,(-14723.621840121321,1512.4545350904154,0.0),(0.0,0.0,0.0),(61921413828.75262,602799925464.014,0.0)
Object400,6.320018258023216e+26,(1197.0549964691834,5200.993522166626,0.0),(0.0,0.0,0.0),(4541945845079.227,-1045369301917.4559,0.0)
Object401,6.0741352091010314e+26,(-2120.9820761270093,5438.90891819105,0.0),(0.0,0.0,0.0),(3629086093429.5,1415215197140.277,0.0)
Object402,3.144800187633875e+26,(5064.465571324728,3666.7262061069437,0.0),(0.0,0.0,0.0),(1991402045041.7566,-2750515454080.6426,0.0)
Object403,5.9321896245189256e+26,(-9744.408992552577,15956.99047800863,0.0),(0.0,0.0,0.0),(324095792340.22046,197914635449.6426,0.0)
Object404,8.6215408478943e+26,(-5364.597304281794,2122.51135826856,0.0),(0.0,0.0,0.0),(1467364702929.3118,3708729613656.4775,0.0)
Object405,1.1520511625388002e+26,(2538.172122729691,-6538.444193637039,0.0),(0.0,0.0,0.0),(-2515662723378.8965,-976560295625.7368,0.0)
Object406,1.226419195176992e+26,(-5666.187396212072,-1569.2682186828433,0.0),(0.0,0.0,0.0),(-1024993202444.595,3700962968439.748,0.0)
Object407,6.95168210509282e+24,(16370.78213888925,-1955.3576228335764,0.0),(0.0,0.0,0.0),(-57920243456.65579,-484923921838.026,0.0)
Object408,1.2432958954357983e+26,(10680.51429733427,5186.765539026112,0.0),(0.0,0.0,0.0),(411357771155.841,-847062108956.3386,0.0)
Object409,2.2372120931728664e+26,(6686.324881277864,5398.367645856441,0.0),(0.0,0.0,0.0),(1129232242064.9792,-1398647541661.1606,0.0)
Object410,2.2692504724855996e+26,(7958.481405743124,-4479.910874903896,0.0),(0.0,0.0,0.0),(-780739070358.4613,-1386968970519.5933,0.0)
Object411,7.972721385626224e+26,(-9211.43999813491,4207.226304485059,0.0),(0.0,0.0,0.0),(537804109483.99805,1177486050603.2517,0.0)
Object412,3.5750430506284704e+25,(-4294.69616865585,3246.7080944604368,0.0),(0.0,0.0,0.0),(2761925199563.2104,3653432716330.9155,0.0)
Object413,9.095732140066842e+26,(-306.0173524040368,-6203.80281053846,0.0),(0.0,0.0,0.0),(-3436698075953.481,169523319540.2047,0.0)
Object414,1.8390537375236945e+26,(-5654.838364284844,4200.861752872277,0.0),(0.0,0.0,0.0),(1595274838297.6343,2147421621531.7664,0.0)
Object415,1.099103055066854e+26,(-7344.054173616556,-37109.62958124461,0.0),(0.0,0.0,0.0),(-90999808962.12367,18009005596.336094,0.0)
Object416,2.297483414999808e+26,(1497.5319014525708,-5221.3874501110695,0.0),(0.0,0.0,0.0),(-4324861552354.386,-1240401752579.8838,0.0)
Object417,7.953321220991679e+26,(5179.736957974418,-1398.307563127892,0.0),(0.0,0.0,0.0),(-1201974470144.8965,-4452462211978.899,0.0)
Object418,7.70174716761182e+26,(4962.34469582734,2003.160330538501,0.0),(0.0,0.0,0.0),(1735214612535.846,-4298574056887.678,0.0)
Object419,7.558440566784045e+26,(6901.014133085893,2471.6496612982805,0.0),(0.0,0.0,0.0),(833038749015.9697,-2325900903507.3877,0.0)
Object420,3.11762558112614e+26,(-734.924815946383,-6786.245191841441,0.0),(0.0,0.0,0.0),(-2832602998035.9946,306760244897.05994,0.0)
Object421,5.49366919688709e+26,(3368.5552250927713,-5764.604135700279,0.0),(0.0,0.0,0.0),(-2571175263247.81,-1502470189410.5942,0.0)
Object422,9.319948660579095e+26,(3433.987901111165,-5062.316996537477,0.0),(0.0,0.0,0.0),(-2935931358254.907,-1991568834910.1946,0.0)
Object423,4.218530279616831e+26,(-5440.60310145222,6003.5862941419855,0.0),(0.0,0.0,0.0),(1498533803131.3567,1358009572528.7883,0.0)
Object424,1.666785029879958e+26,(13326.252342545404,14208.724644544887,0.0),(0.0,0.0,0.0),(255162977645.48837,-239315372325.44952,0.0)
Object425,2.180157476059278e+26,(9684.017426613249,3390.650047534982,0.0),(0.0,0.0,0.0),(416701508281.56805,-1190138944250.0688,0.0)
Object426,5.6089199735358916e+26,(11845.033249326714,8226.078248756985,0.0),(0.0,0.0,0.0),(364101406764.98035,-524283034860.44696,0.0)
Object427,9.384592160223581e+26,(-983.867588957014,5065.241153472243,0.0),(0.0,0.0,0.0),(4894568886504.838,950716371331.7802,0.0)
Object428,8.398913030447554e+26,(-11.959162971071637,-6187.011229429931,0.0),(0.0,0.0,0.0),(-3467977445257.231,6703415576.579339,0.0)
Object429,3.839424669389241e+26,(1024.5501389127226,13241.458497275644,0.0),(0.0,0.0,0.0),(750378592986.0675,-58060106584.11875,0.0)
Object430,6.1077758973422135e+26,(5317.889687404774,-4161.195643672398,0.0),(0.0,0.0,0.0),(-1794219900734.651,-2292962005178.0474,0.0)
Object431,7.29387499536092e+26,(-6013.39720106811,881.4949837404365,0.0),(0.0,0.0,0.0),(521255501354.06775,3555909484116.6895,0.0)
Object432,1.2570890166113477e+25,(-2445.110059581747,5288.673257179059,0.0),(0.0,0.0,0.0),(3549391473194.403,1640988651496.0168,0.0)
Object433,2.1308156122539354e+26,(3911.056838777714,-6092.2577548780155,0.0),(0.0,0.0,0.0),(-2131439690643.6091,-1368323881546.0881,0.0)
Object434,4.0381116503796336e+26,(-7947.23007076333,-9466.116638688618,0.0),(0.0,0.0,0.0),(-665538252641.0668,558749254474.1243,0.0)
Object435,6.976548871359255e+26,(-5296.8804812927465,4268.098170623462,0.0),(0.0,0.0,0.0),(1800009953953.696,2233884322730.3853,0.0)
Object436,4.617385040042781e+26,(3685.5469241906967,-5914.442786383627,0.0),(0.0,0.0,0.0),(-2319979497937.7334,-1445680279889.563,0.0)
Object437,1.3790213439297194e+26,(23496.876784190117,-20415.634329009717,0.0),(0.0,0.0,0.0),(-89863648641.74019,-103426376348.85304,0.0)
Object438,3.095437125751929e+24,(3377.890515890595,4966.897079297602,0.0),(0.0,0.0,0.0),(3042440305792.733,-2069104732799.0713,0.0)
Object439,3.706480403191833e+25,(142.62093928355586,5879.21554920482,0.0),(0.0,0.0,0.0),(3837235879077.189,-93085579316.88177,0.0)
Object440,4.918432391362902e+26,(5215.031957781907,-2995.2260266791586,0.0),(0.0,0.0,0.0),(-1828034957161.433,-3182818470667.801,0.0)
Object441,6.186572851980989e+26,(12165.954419426267,2161.8991078554645,0.0),(0.0,0.0,0.0),(152119380779.46506,-856042470321.4451,0.0)
Object442,5.875841441564474e+26,(7980.141513325088,-6377.168778161006,0.0),(0.0,0.0,0.0),(-794189001536.3495,-993817294328.2284,0.0)
Object443,7.36181118839581e+26,(4244.437482564607,-3355.751072125947,0.0),(0.0,0.0,0.0),(-2812261049558.063,-3557017774247.091,0.0)
Object444,8.768493641465683e+26,(1818.0362618522176,6683.627960739188,0.0),(0.0,0.0,0.0),(2670021993317.044,-726281718896.9427,0.0)
Object445,9.414321739327628e+26,(-2896.9865643542107,5915.132664473526,0.0),(0.0,0.0,0.0),(2748215396998.019,1345961879920.6167,0.0)
Object446,4.7372766933129946e+26,(15567.744298533964,13255.958893249139,0.0),(0.0,0.0,0.0),(205859156235.42426,-241760157193.69254,0.0)
Object447,5.1552832269472176e+26,(-4735.790706494721,3013.608426307806,0.0),(0.0,0.0,0.0),(2261851249285.473,3554427984847.1416,0.0)
Object448,1.0754605113748913e+26,(-1793.2039990696908,-5870.042320495066,0.0),(0.0,0.0,0.0),(-3370053699172.1025,1029497478976.4973,0.0)
Object449,1.7277621211671903e+25,(-2739.3395103512858,-6449.623310827572,0.0),(0.0,0.0,0.0),(-2488462507936.321,1056921209115.2552,0.0)
Object450,9.338071669743312e+26,(311.7506842383869,7177.949685687551,0.0),(0.0,0.0,0.0),(2569283459515.417,-111588393842.24219,0.0)
Object451,2.786665656439357e+26,(-10370.533040936634,-1511.7089450660412,0.0),(0.0,0.0,0.0),(-174344446703.1145,1196027086390.944,0.0)
Object452,6.63151931403121e+26,(8615.230798841183,-5090.874896549774,0.0),(0.0,0.0,0.0),(-674414186395.5094,-1141303604562.6985,0.0)
Object453,6.916399206772759e+26,(5466.167087553237,3938.40019105786,0.0),(0.0,0.0,0.0),(1709701852601.0303,-2372921882706.4727,0.0)
Object454,7.264477696220052e+26,(5938.823415829439,-638.8515063098305,0.0),(0.0,0.0,0.0),(-397964336923.98834,-3699513735893.104,0.0)
Object455,4.939729658487651e+26,(5283.394528029015,1337.3556457237717,0.0),(0.0,0.0,0.0),(1096710045024.979,-4332693303570.3813,0.0)
Object456,9.21830960081016e+26,(9126.952652278462,-1338.7006799116987,0.0),(0.0,0.0,0.0),(-226402019495.793,-1543556781083.1514,0.0)
Object457,2.2163859115620238e+26,(44022.562984675744,-34547.67938313689,0.0),(0.0,0.0,0.0),(-26171275929.4409,-33348886627.54888,0.0)
Object458,8.504935589760248e+26,(1179.206410626792,-9916.07276235791,0.0),(0.0,0.0,0.0),(-1321944324612.5166,-157203891039.6329,0.0)
Object459,2.1278680846565318e+26,(97.77906233322891,23346.619753818803,0.0),(0.0,0.0,0.0),(243546033127.2715,-1020006450.8382165,0.0)
Object460,4.379792544196237e+26,(-7287.762285065093,-16853.19759690302,0.0),(0.0,0.0,0.0),(-361413205944.8956,156284498325.33167,0.0)
Object461,7.415935332141158e+26,(8374.765218545737,6206.976684404741,0.0),(0.0,0.0,0.0),(727438987175.3687,-981497279298.1678,0.0)
Object462,5.498378096992077e+26,(-3571.0372161282125,-7326.2116787369105,0.0),(0.0,0.0,0.0),(-1796453222908.5735,875650554113.666,0.0)
Object463,2.665163180381774e+26,(3900.2442927505203,-4754.415938221189,0.0),(0.0,0.0,0.0),(-2714049791771.4272,-2226447443417.766,0.0)
Object464,2.2210980876604606e+26,(-3160.289058725782,6459.991967004397,0.0),(0.0,0.0,0.0),(2305675974079.71,1127958454293.548,0.0)
Object465,4.339021735114797e+26,(-3592.0162474632316,-5466.054879941416,0.0),(0.0,0.0,0.0),(-2593272755555.902,1704168376765.4343,0.0)
Object466,1.5992914844099635e+26,(8612.739223936354,6261.076519863031,0.0),(0.0,0.0,0.0),(688466468845.9287,-947054734402.7676,0.0)
Object467,7.519520065579357e+24,(11158.292045076181,-1346.5365097297345,0.0),(0.0,0.0,0.0),(-125906210861.31712,-1043342130664.9149,0.0)
Object468,3.978530487876332e+26,(-6749.612617417559,6332.635134940745,0.0),(0.0,0.0,0.0),(1060379637951.7576,1130201192878.1074,0.0)
Object469,2.4143265221603633e+26,(5294.473230467179,291.27791680795116,0.0),(0.0,0.0,0.0),(259364811660.22427,-4714398081766.06,0.0)
Object470,6.225953751068861e+26,(-7300.029446419642,667.207662063897,0.0),(0.0,0.0,0.0),(224858043104.4311,2460209061222.4473,0.0)
Object471,2.3375628973173277e+26,(-331.3850220362352,10200.088416781762,0.0),(0.0,0.0,0.0),(1273929517572.5015,41387990378.47658,0.0)
Object472,4.743917976162051e+26,(-23707.095277122775,-10727.123919191174,0.0),(0.0,0.0,0.0),(-80825227731.7301,178624894152.96588,0.0)
Object473,9.031941694033591e+26,(7061.973210266487,1815.9042580706628,0.0),(0.0,0.0,0.0),(621793296014.686,-2418127265940.9893,0.0)
Object474,8.904683191260823e+26,(-7639.4116960229985,2876.1548118107953,0.0),(0.0,0.0,0.0),(701972198340.9232,1864522243471.434,0.0)
Object475,4.429235461353644e+26,(95.22411466077676,-5984.212484855142,0.0),(0.0,0.0,0.0),(-3705625828000.176,-58965977499.705414,0.0)
Object476,5.2822205361341566e+26,(-6721.329592871835,3396.4513990770242,0.0),(0.0,0.0,0.0),(1055727177907.002,2089207083838.6465,0.0)
Object477,8.670351569954276e+25,(1374.0832257289885,-7912.065796504906,0.0),(0.0,0.0,0.0),(-2028163886836.8223,-352229878720.53094,0.0)
Object478,2.6708108471082304e+26,(-37453.93067216151,24145.442203672817,0.0),(0.0,0.0,0.0),(36222017809.618095,56186875038.50608,0.0)
Object479,1.2829883057558455e+26,(4454.43532973235,3404.105952141836,0.0),(0.0,0.0,0.0),(2564651891393.0225,-3355969571481.18,0.0)
Object480,7.921109623381384e+26,(-486.2739353826345,-5303.464271560022,0.0),(0.0,0.0,0.0),(-4660874549698.63,427354969045.5507,0.0)
Object481,9.630651565794887e+26,(-2579.400498094819,-5589.287843122896,0.0),(0.0,0.0,0.0),(-3180906025045.2847,1467956350734.3616,0.0)
Object482,8.117815239062921e+26,(5661.294729338341,2644.337442020684,0.0),(0.0,0.0,0.0),(1438951994448.4265,-3080670118907.6343,0.0)
Object483,2.4046330410132864e+26,(3745.293172140908,-4539.6769196089635,0.0),(0.0,0.0,0.0),(-2956486992925.258,-2439140657851.0806,0.0)
Object484,9.186539730541659e+24,(-5514.27119713947,940.6610311640051,0.0),(0.0,0.0,0.0),(713383487291.8359,4181942151489.448,0.0)
Object485,1.986352021804653e+25,(-5730.719124842296,520.9612993717965,0.0),(0.0,0.0,0.0),(362958673015.0396,3992646308819.6055,0.0)
Object486,1.330767155077051e+26,(5142.271249397758,3056.627732209956,0.0),(0.0,0.0,0.0),(1895460130736.98,-3188798567767.159,0.0)
Object487,5.603469946789056e+26,(6839.839535452289,2310.627867581984,0.0),(0.0,0.0,0.0),(815143052397.7754,-2412957860961.8916,0.0)
Object488,7.998332751294311e+26,(-6451.99195021978,-8430.767934128282,0.0),(0.0,0.0,0.0),(-935377262808.0754,715835925885.952,0.0)
Object489,6.938145083212323e+26,(-453.2813637824287,7386.589230541128,0.0),(0.0,0.0,0.0),(2419379915969.1416,148466334540.9788,0.0)
Object490,5.882324580288515e+26,(6990.617017361686,3246.7359771068004,0.0),(0.0,0.0,0.0),(941234687047.1525,-2026592635495.499,0.0)
Object491,3.701530851086551e+26,(1144.754192045386,5256.7151633719495,0.0),(0.0,0.0,0.0),(4481547570398.7705,-975946043988.0419,0.0)
Object492,6.31806386566763e+26,(-8036.3016869866815,4992.990715778635,0.0),(0.0,0.0,0.0),(782669911374.114,1259720253284.8384,0.0)
Object493,4.689176765617356e+26,(-441.9799094389426,9048.658680500612,0.0),(0.0,0.0,0.0),(1615547477016.153,78911090891.80585,0.0)
Object494,5.9492276956015e+25,(8606.075566097581,575.6212933253809,0.0),(0.0,0.0,0.0),(119084177204.04272,-1780419591193.323,0.0)
Object495,1.9115852195800918e+26,(-6603.177676263236,5130.761612196847,0.0),(0.0,0.0,0.0),(1164817995642.2842,1499095215698.6956,0.0)
Object496,9.864172605194845e+26,(-5416.225783202352,-2546.3755642688457,0.0),(0.0,0.0,0.0),(-1576823688654.4136,3353956595364.413,0.0)
Object497,5.532870680181142e+26,(-8707.423072583711,78469.67658618535,0.0),(0.0,0.0,0.0),(21167245515.884422,2348832950.5936112,0.0)
Object498,3.365643206290498e+26,(-15418.084631162681,-5440.261545133577,0.0),(0.0,0.0,0.0),(-165244976939.14072,468315910583.6044,0.0)
Object499,6.432903232045991e+26,(7925.681420365677,14169.889052506767,0.0),(0.0,0.0,0.0),(439524871826.37537,-245840605915.44598,0.0)
Object500,8.475480725429988e+25,(-6740.636811226854,1372.5703880076442,0.0),(0.0,0.0,0.0),(559765569458.878,2748985724971.6963,0.0)
Object501,3.986351107722923e+26,(-1550.6152063557038,-6869.549758331936,0.0),(0.0,0.0,0.0),(-2611020874253.1426,589367398761.2529,0.0)
Object502,2.3382040799162897e+26,(423.8427548621131,7089.696233138672,0.0),(0.0,0.0,0.0),(2627006521112.7383,-157050125186.56668,0.0)
Object503,3.838002743338278e+26,(912.6630535376681,5382.202683038558,0.0),(0.0,0.0,0.0),(4391905600005.771,-744737835381.4656,0.0)
Object504,3.1506281686902e+26,(-5314.357893594398,-2311.2332206128317,0.0),(0.0,0.0,0.0),(-1576455766843.211,3624839792759.7334,0.0)
Object505,4.07296355999878e+26,(5788.5695363085615,5295.801698032667,0.0),(0.0,0.0,0.0),(1455786958448.4458,-1591246145443.943,0.0)
Object506,2.6643254316016445e+26,(2181.108249538945,5947.8090926957275,0.0),(0.0,0.0,0.0),(3105519609712.661,-1138818400907.9058,0.0)
Object507,9.62079991732172e+26,(-7869.604720059825,-675.8993022585788,0.0),(0.0,0.0,0.0),(-182085741619.79245,2120053692788.858,0.0)
Object508,2.110556497243908e+26,(8883.198352359348,-1651.545301207857,0.0),(0.0,0.0,0.0),(-297225427475.23486,-1598692101086.369,0.0)
Object509,9.37300911014291e+25,(-132.23962413689668,6595.657344559646,0.0),(0.0,0.0,0.0),(3049737927596.3696,61145716976.03977,0.0)
Object510,5.622410583965367e+26,(7263.447739264823,-2296.9636130486397,0.0),(0.0,0.0,0.0),(-689721977095.4724,-2181035653675.933,0.0)
Object511,2.3390390223009166e+26,(-6810.576337284366,-1647.25168146857,0.0),(0.0,0.0,0.0),(-635642434310.82,2628069147412.6157,0.0)
Object512,3.215900374511546e+26,(-5107.18421150098,2662.299780784502,0.0),(0.0,0.0,0.0),(1849934128324.0212,3548794332135.366,0.0)
Object513,8.349967873834957e+26,(-11765.155182981833,-4347.99366465814,0.0),(0.0,0.0,0.0),(-292507663290.6171,791491045352.3138,0.0)
Object514,5.1006612644717135e+25,(-5829.045998270373,-1357.8976577553397,0.0),(0.0,0.0,0.0),(-840792685293.3761,3609269969348.0146,0.0)
Object515,7.117303536746927e+26,(5419.33516906001,2065.6802321785467,0.0),(0.0,0.0,0.0),(1405700046501.8645,-3687869777948.473,0.0)
Object516,7.562980309269408e+26,(13606.843131032443,9157.421642150777,0.0),(0.0,0.0,0.0),(275533416008.15436,-409409997211.8255,0.0)
Object517,4.74182906968444e+26,(219.41101890821858,5364.0812699387725,0.0),(0.0,0.0,0.0),(4602150124269.485,-188245180697.2862,0.0)
Object518,2.67000800257953e+26,(4587.523697636372,-4711.110656520133,0.0),(0.0,0.0,0.0),(-2199562104751.768,-2141860808556.143,0.0)
Object519,4.124371629065489e+26,(-25333.875310579533,-25802.124090775575,0.0),(0.0,0.0,0.0),(-72444612625.41806,71129910728.2299,0.0)
Object520,2.3410333961815622e+26,(3887.7830357465064,3934.3070053594174,0.0),(0.0,0.0,0.0),(3086471484200.101,-3049973339712.029,0.0)
Object521,4.8977770250441155e+26,(7772.015476492447,3174.616617655696,0.0),(0.0,0.0,0.0),(712214195316.382,-1743624637315.772,0.0)
Object522,3.895253514923891e+26,(-6282.884786677974,-497.2734680605696,0.0),(0.0,0.0,0.0),(-263688027274.54996,3331610474722.939,0.0)
Object523,7.583620543888255e+26,(-2612.7618497396056,-6186.726631313653,0.0),(0.0,0.0,0.0),(-2711478284782.0615,1145104259661.087,0.0)
Object524,9.94562996458271e+26,(6012.821058586828,-568.5889780928549,0.0),(0.0,0.0,0.0),(-342613702730.9758,-3623135456566.647,0.0)
Object525,3.375749846395632e+26,(1933.1628253660422,-9403.169385828285,0.0),(0.0,0.0,0.0),(-1410991189423.509,-290080461426.4931,0.0)
Object526,4.2196130615662534e+25,(6177.946119932636,716.6995601895342,0.0),(0.0,0.0,0.0),(395490952623.5631,-3409129755267.4053,0.0)
Object527,8.565876416321465e+26,(-9231.002830427677,6269.49618880215,0.0),(0.0,0.0,0.0),(598997441260.4686,881944403374.9001,0.0)
Object528,9.33901984184066e+26,(-6362.116750823307,-505.6124105960487,0.0),(0.0,0.0,0.0),(-258197394464.67722,3248895663787.5166,0.0)
Object529,5.514453040542637e+26,(12321.004994986666,-2625.749793001066,0.0),(0.0,0.0,0.0),(-174349767014.75195,-818114641383.3682,0.0)
Object530,3.442642217294619e+26,(12091.140820459588,4912.997038351178,0.0),(0.0,0.0,0.0),(293385030285.748,-722035793652.8063,0.0)
Object531,9.925907810462433e+26,(-5743.0884833482105,639.1206271012529,0.0),(0.0,0.0,0.0),(439712344123.0011,3951221087907.0566,0.0)
Object532,8.690714947059385e+26,(-5264.192746919116,3384.7925100468788,0.0),(0.0,0.0,0.0),(1833016563422.4382,2850795866957.695,0.0)
Object533,1.2226349559038662e+26,(1039.4158454521014,-5168.953004108206,0.0),(0.0,0.0,0.0),(-4681790475888.42,-941453172790.9839,0.0)
Object534,7.146441854852507e+24,(-3105.925289564923,6854.075540697384,0.0),(0.0,0.0,0.0),(2135382360847.2996,967648815374.9841,0.0)
Object535,7.117641653026725e+25,(-2621.587411101872,5315.264782412572,0.0),(0.0,0.0,0.0),(3389575857400.3657,1671801831234.8857,0.0)
Object536,8.908341442861024e+24,(8320.193629846854,-11390.466652827326,0.0),(0.0,0.0,0.0),(-538773240770.3719,-393548203284.27057,0.0)
Object537,8.725061348200432e+26,(-34223.457575542176,14835.687806529133,0.0),(0.0,0.0,0.0),(37948711165.048584,87541347832.35158,0.0)
Object538,8.822565990176087e+26,(6995.578883775408,-772.0264067784083,0.0),(0.0,0.0,0.0),(-293978525284.9688,-2663833705311.645,0.0)
Object539,1.3411851584001644e+26,(-6663.432084995564,-261.6887764122456,0.0),(0.0,0.0,0.0),(-117146068868.63953,2982913079545.6807,0.0)
Object540,7.203044957747977e+26,(2198.450032456915,6329.176117079327,0.0),(0.0,0.0,0.0),(2793439651288.602,-970305989032.2355,0.0)
Object541,6.877463836414046e+26,(558.041479794292,6488.656106260983,0.0),(0.0,0.0,0.0),(3118389549072.61,-268189697533.88577,0.0)
Object542,2.6566928195724514e+26,(-5100.435357568041,6161.426101199965,0.0),(0.0,0.0,0.0),(1598378789004.2163,1323139733613.9714,0.0)
Object543,2.648028326434975e+26,(6591.447594150696,8888.886899919473,0.0),(0.0,0.0,0.0),(870761479201.8567,-645702743412.8087,0.0)
Object544,1.4606699021644408e+26,(-971.2078874386286,6623.638572552915,0.0),(0.0,0.0,0.0),(2930825273831.9863,429739725601.15314,0.0)
Object545,5.459661620669527e+26,(-5567.610749891954,-131.81308341543672,0.0),(0.0,0.0,0.0),(-101304187596.72787,4278955239177.4194,0.0)
Object546,8.269577663007035e+26,(-3973.4250039261506,-3611.3887817609643,0.0),(0.0,0.0,0.0),(-3097009042607.476,3407479479758.888,0.0)
Object547,8.358737711629838e+25,(-6442.007041675726,-4367.097887724458,0.0),(0.0,0.0,0.0),(-1229805219651.8184,1814114107026.502,0.0)
Object548,3.397061248144772e+25,(-5673.409521720359,-3203.5383037894994,0.0),(0.0,0.0,0.0),(-1537624556735.9685,2723105820429.143,0.0)
Object549,2.1760238848497394e+26,(3895.04236717701,-4715.403429467181,0.0),(0.0,0.0,0.0),(-2736155406428.9014,-2260133494542.8506,0.0)
Object550,9.829247030927487e+26,(4909.458380205222,-9499.40219407217,0.0),(0.0,0.0,0.0),(-1031410123095.0406,-533050919290.1931,0.0)
Object551,8.740065789750093e+26,(5663.478118524888,3478.35882125574,0.0),(0.0,0.0,0.0),(1572770379067.7295,-2560791190627.7944,0.0)
Object552,8.802901647648624e+26,(-4410.948552640741,7759.688035662432,0.0),(0.0,0.0,0.0),(1448601315215.2693,823448809454.2046,0.0)
Object553,7.665370784941966e+26,(-2296.0234452044706,-7724.93900828711,0.0),(0.0,0.0,0.0),(-1959308749364.5442,582350076823.8099,0.0)
Object554,3.032848449955295e+26,(-7500.119591610585,-6573.223218001839,0.0),(0.0,0.0,0.0),(-879736030150.7407,1003788433216.3334,0.0)
Object555,1.5521542890400976e+26,(40674.80335550708,5179.0569943592645,0.0),(0.0,0.0,0.0),(9973279745.327497,-78327230785.92894,0.0)
Object556,1.4237533108767644e+26,(-2329.5946485591257,-12206.411393331802,0.0),(0.0,0.0,0.0),(-844419907217.5616,161157610832.73468,0.0)
Object557,1.4244364036520147e+26,(7186.708861611089,17788.617067029492,0.0),(0.0,0.0,0.0),(334397365410.86774,-135098557703.62004,0.0)
Object558,4.967863232680594e+26,(4639.850050325963,2306.681493872389,0.0),(0.0,0.0,0.0),(2201082175550.502,-4427438842392.935,0.0)
Object559,5.921448324848181e+26,(-5398.583147393389,-9545.006294814075,0.0),(0.0,0.0,0.0),(-960902011320.3615,543478887743.52673,0.0)
Object560,5.5967072457231516e+26,(-1916.4015594310424,5321.907811904626,0.0),(0.0,0.0,0.0),(3903719652277.089,1405716651549.448,0.0)
Object561,1.9160241365818506e+26,(1601.6675022400234,-5651.845861703756,0.0),(0.0,0.0,0.0),(-3701160420726.9487,-1048865894702.2937,0.0)
Object562,5.249961997286886e+26,(-20543.72358189521,2551.8650966868086,0.0),(0.0,0.0,0.0),(38184397803.97334,307402501270.32117,0.0)
Object563,9.853523327326061e+26,(5527.341788935075,-48.670718809336975,0.0),(0.0,0.0,0.0),(-38256813829.91218,-4344675627700.34,0.0)
Object564,4.216202832893521e+25,(-323.54903116011076,7364.605347383278,0.0),(0.0,0.0,0.0),(2440537071455.3926,107220056979.73909,0.0)
Object565,8.220887004562514e+26,(6041.810961800363,2758.242710662855,0.0),(0.0,0.0,0.0),(1249818593270.045,-2737673391790.1606,0.0)
Object566,9.513296232359531e+26,(3282.1696189402746,9520.843888238702,0.0),(0.0,0.0,0.0),(1237474577432.496,-426600993560.79926,0.0)
Object567,1.8796386901843273e+26,(9020.117928182442,-10146.528782405636,0.0),(0.0,0.0,0.0),(-538292692318.04126,-478534449437.23694,0.0)
Object568,2.988755407743924e+26,(-2959.133873860323,5514.507569637956,0.0),(0.0,0.0,0.0),(2986613152712.639,1602643216407.6206,0.0)
Object569,5.3315624764166525e+26,(-5791.709874187729,-1406.5840107160498,0.0),(0.0,0.0,0.0),(-881968482018.3119,3631568059292.4106,0.0)
Object570,3.690496742460832e+26,(3579.928820939681,3941.96838104307,0.0),(0.0,0.0,0.0),(3465844304392.1875,-3147533088761.1367,0.0)
Object571,7.09031134554867e+26,(2066.0640774518874,11030.32694398434,0.0),(0.0,0.0,0.0),(1036096618997.7083,-194068772045.59845,0.0)
Object572,6.321400259226435e+26,(-3978.151490240828,3614.6549558234433,0.0),(0.0,0.0,0.0),(3089968331409.648,3400701387165.728,0.0)
Object573,5.609316179608196e+26,(3709.310386881585,-7507.995791007842,0.0),(0.0,0.0,0.0),(-1697142086690.9573,-838469672254.7855,0.0)
Object574,1.8444113151066742e+26,(6971.183350862751,-2887.9102980403823,0.0),(0.0,0.0,0.0),(-892334107790.831,-2154022817072.7705,0.0)
Object575,6.778666518062399e+26,(-5346.170520607321,-10158.080883943961,0.0),(0.0,0.0,0.0),(-891531141667.1925,469210430812.59515,0.0)
Object576,2.3867759915133947e+26,(5896.8962041135355,-5368.390462958531,0.0),(0.0,0.0,0.0),(-1405305101029.0413,-1543654168425.1099,0.0)
Object577,8.622845312703572e+26,(-2808.916326121336,4415.540678068189,0.0),(0.0,0.0,0.0),(4089850720862.5073,2601730863513.6084,0.0)
Object578,4.671175968291433e+26,(-6806.515961881168,-47.623314951339204,0.0),(0.0,0.0,0.0),(-20047196035.10287,2865225991582.332,0.0)
Object579,4.213576356766816e+26,(5648.7878346067955,-2420.401241931068,0.0),(0.0,0.0,0.0),(-1384384155785.825,-3230907438878.302,0.0)
Object580,8.037056596146082e+26,(-1389.959280262127,-7491.5977743992,0.0),(0.0,0.0,0.0),(-2248247008255.8374,417130215416.21356,0.0)
Object581,1.3205783098436664e+26,(3510.776692611527,4108.782492614964,0.0),(0.0,0.0,0.0),(3455483404071.4585,-2952560915191.978,0.0)
Object582,4.671730183339646e+26,(9443.724240497548,-5502.934332964241,0.0),(0.0,0.0,0.0),(-559457611897.6572,-960099301814.2756,0.0)
Object583,7.433893516017429e+26,(3836.5227302968237,6529.272912344847,0.0),(0.0,0.0,0.0),(1995729411660.6196,-1172666750823.278,0.0)
Object584,4.9740765942240185e+26,(5010.9727315471355,8545.363618379255,0.0),(0.0,0.0,0.0),(1166938214976.254,-684288678139.9894,0.0)
Object585,7.876131557924707e+26,(-3834.92907288464,3934.758886595635,0.0),(0.0,0.0,0.0),(3149092063310.272,3069195611431.0986,0.0)
Object586,1.7163457106080886e+26,(-5361.811865171234,2401.328607288098,0.0),(0.0,0.0,0.0),(1572072715917.3418,3510206023255.145,0.0)
Object587,7.595347345099562e+26,(-7249.232126653329,-5652.061329078712,0.0),(0.0,0.0,0.0),(-966015679338.0143,1238994322563.2769,0.0)
Object588,6.213711770512534e+26,(-2669.8730814972155,-4974.824265836723,0.0),(0.0,0.0,0.0),(-3669442351615.0137,1969304810616.261,0.0)
Object589,4.957986137821214e+26,(-7197.967824203045,-8715.343871608062,0.0),(0.0,0.0,0.0),(-801109893179.9764,661633473068.718,0.0)
Object590,7.441431983507793e+26,(13556.071527283175,4778.053864052127,0.0),(0.0,0.0,0.0),(213602302222.60544,-606022487336.783,0.0)
Object591,7.861783031421526e+26,(2141.2130464036563,-5711.247550768397,0.0),(0.0,0.0,0.0),(-3341196852450.072,-1252653510021.0095,0.0)
Object592,8.235963060671163e+26,(2914.9778476862066,-7154.012471843564,0.0),(0.0,0.0,0.0),(-2060059819407.9978,-839393104515.4141,0.0)
Object593,5.381864712286743e+26,(2354.292270889292,-5039.58470572448,0.0),(0.0,0.0,0.0),(-3887340275960.7476,-1816009790571.6956,0.0)
Object594,4.677294059474441e+26,(-6567.562494342807,6118.616216022918,0.0),(0.0,0.0,0.0),(1123132290063.3892,1205540802688.2583,0.0)
Object595,3.34242342315237e+26,(3507.157304315927,24795.19488874351,0.0),(0.0,0.0,0.0),(209604652552.44046,-29647538223.2878,0.0)
Object596,9.706114105551836e+26,(4467.65926742774,7741.072001564869,0.0),(0.0,0.0,0.0),(1439297203658.0657,-830671706606.7716,0.0)
Object597,3.925829399139293e+26,(9743.906704903959,-1062.3121252429057,0.0),(0.0,0.0,0.0),(-149760014154.57455,-1373652405326.3562,0.0)
Object598,8.876283330720729e+26,(-1829.911699845487,5481.669479269946,0.0),(0.0,0.0,0.0),(3770394233945.1465,1258647305865.1223,0.0)
Object599,5.600766927203959e+26,(-7489.671429226062,7755.604478873109,0.0),(0.0,0.0,0.0),(821480192868.466,793312339091.3354,0.0)
Object600,6.570434640733523e+26,(-5414.022549619059,2276.587724181029,0.0),(0.0,0.0,0.0),(1491764505247.4094,3547610568372.0947,0.0)
Object601,4.843612441342335e+24,(-4820.8984459868525,3604.6094022565503,0.0),(0.0,0.0,0.0),(2193913143187.3599,2934196547343.219,0.0)
Object602,1.1630051856422993e+26,(-3007.7939481324875,-4918.492485865035,0.0),(0.0,0.0,0.0),(-3407316653105.2896,2083668204848.0728,0.0)
Object603,2.7931263705793824e+25,(6119.620889954572,-5697.24412246522,0.0),(0.0,0.0,0.0),(-1293932895432.2786,-1389861239377.691,0.0)
Object604,1.3494936246818798e+26,(-5584.043997273973,1545.9856684784538,0.0),(0.0,0.0,0.0),(1055085223689.4469,3810929447848.005,0.0)
Object605,6.968884343724019e+26,(639.1957799814054,-7364.440503179829,0.0),(0.0,0.0,0.0),(-2420314729105.8994,-210070942986.55,0.0)
Object606,8.07936537605352e+26,(7229.3968446728195,920.9829269088227,0.0),(0.0,0.0,0.0),(315862697641.5698,-2479412726296.799,0.0)
Object607,7.076105296278319e+26,(-1656.1442968893234,-8148.211172352609,0.0),(0.0,0.0,0.0),(-1881676272925.0398,382455407951.4602,0.0)
Object608,5.433068168172028e+26,(-3700.098790925272,3950.796809204939,0.0),(0.0,0.0,0.0),(3307000788502.112,3097154880407.027,0.0)
Object609,2.2986435182393696e+26,(14186.566376699378,4800.144272704658,0.0),(0.0,0.0,0.0),(189692753292.15503,-560626656798.7369,0.0)
Object610,4.262687038990971e+26,(-10851.341011185204,5917.35947020669,0.0),(0.0,0.0,0.0),(416030549483.3886,762922953429.6523,0.0)
Object611,7.035832948249633e+26,(-7788.892112929774,2289.7244050377158,0.0),(0.0,0.0,0.0),(568067486538.87,1932379440853.0857,0.0)
Object612,4.241447429426099e+26,(-7291.283299239906,-2290.3863641790317,0.0),(0.0,0.0,0.0),(-681134923594.956,2168344944158.4043,0.0)
Object613,5.8279577357778876e+26,(2886.997021449541,6078.816466524006,0.0),(0.0,0.0,0.0),(2647906474231.2563,-1257563564598.5996,0.0)
Object614,3.1704793109758785e+26,(9813.839304783429,2644.651137728434,0.0),(0.0,0.0,0.0),(334366658911.85284,-1240776377884.2908,0.0)
Object615,8.299754423790483e+26,(5814.930093658886,7465.006173824952,0.0),(0.0,0.0,0.0),(1169625998828.2996,-911090126457.0068,0.0)
Object616,9.151479983928193e+26,(-5317.006340777804,4370.996720715047,0.0),(0.0,0.0,0.0),(1779430711466.8203,2164550783349.9558,0.0)
Object617,5.155213176818034e+26,(5304.788322421375,1435.0175694640106,0.0),(0.0,0.0,0.0),(1147852629782.1917,-4243233919849.193,0.0)
Object618,5.7464084630826884e+26,(6368.053338002004,1791.9557536219618,0.0),(0.0,0.0,0.0),(821682529266.7811,-2920004114331.0103,0.0)
Object619,6.0529316591135244e+26,(6082.707913137446,1091.7380027266208,0.0),(0.0,0.0,0.0),(614063820586.616,-3421306990619.558,0.0)
Object620,4.210468908235013e+26,(-3584.2763953718,13200.772119426592,0.0),(0.0,0.0,0.0),(684704715596.9703,185911166991.69147,0.0)
Object621,6.700369388088534e+26,(2778.9337599742153,9757.169712654457,0.0),(0.0,0.0,0.0),(1240463829343.198,-353295772740.1155,0.0)
Object622,4.770934640892771e+26,(-7072.5163742396135,1527.5420999121022,0.0),(0.0,0.0,0.0),(535316310278.1534,2478513273092.525,0.0)
Object623,7.024171866734013e+26,(-944.6563540194107,7664.751881437491,0.0),(0.0,0.0,0.0),(2209141069049.285,272269628565.10056,0.0)
Object624,7.29081493110362e+25,(-1809.9061263800793,-6907.203770046863,0.0),(0.0,0.0,0.0),(-2518699037690.693,659978910509.6963,0.0)
Object625,7.44393827725443e+26,(3717.148016970574,5589.301451206334,0.0),(0.0,0.0,0.0),(2453283234146.84,-1631548591265.889,0.0)
Object626,7.730124653584265e+26,(3815.427544833272,-3793.7720135678737,0.0),(0.0,0.0,0.0),(-3233214592834.8564,-3251670361777.342,0.0)
Object627,5.4872027381278214e+26,(-30056.7172000759,9902.088402730311,0.0),(0.0,0.0,0.0),(41478061730.079666,125902165353.77965,0.0)
Object628,8.638025814162163e+26,(-3691.104718438428,26788.75028707672,0.0),(0.0,0.0,0.0),(179839045947.90298,24779235460.56566,0.0)
Object629,3.115208710645683e+26,(-4385.739740801383,4624.285755444442,0.0),(0.0,0.0,0.0),(2371349844896.8545,2249022617571.2993,0.0)
Object630,1.4535856136808167e+26,(-4905.490014482096,-1859.7526210298552,0.0),(0.0,0.0,0.0),(-1709871916567.41,4510148026096.069,0.0)
Object631,5.104084383022487e+26,(-4644.962531798601,-2440.7632747803277,0.0),(0.0,0.0,0.0),(-2242775537949.087,4268176454738.553,0.0)
Object632,2.9087282431175542e+26,(20465.428934878324,7192.685221709116,0.0),(0.0,0.0,0.0),(93539981599.4374,-266150371799.2861,0.0)
Object633,1.8319732310501292e+26,(76751.48084618071,27933.16727842198,0.0),(0.0,0.0,0.0),(6805644109.08906,-18699750668.381065,0.0)
Object634,4.091178836639453e+26,(4873.918999732499,-3154.5808846962436,0.0),(0.0,0.0,0.0),(-2139992859527.5215,-3306351061702.89,0.0)
Object635,8.913092787586974e+26,(5440.459618771354,-5329.592163165923,0.0),(0.0,0.0,0.0),(-1601611118064.1033,-1634928217026.448,0.0)
Object636,4.98113388406396e+26,(-19246.593682137824,7382.03455477956,0.0),(0.0,0.0,0.0),(111878574861.78943,291692142067.70953,0.0)
Object637,4.67395700661997e+26,(7940.872668430547,-5237.5724537827955,0.0),(0.0,0.0,0.0),(-807741460869.6244,-1224645987502.3164,0.0)
Object638,7.726779584764722e+26,(5654.399155263801,-3527.157300685865,0.0),(0.0,0.0,0.0),(-1581973363172.1157,-2536067457675.008,0.0)
Object639,8.658900259256167e+26,(7123.687785953672,-3790.3423131261898,0.0),(0.0,0.0,0.0),(-957659572797.5594,-1799855326579.4338,0.0)
Object640,9.86850911865782e+26,(5586.929960751896,-551.4535157997751,0.0),(0.0,0.0,0.0),(-413726908422.96716,-4191583141663.731,0.0)
Object641,6.25612898437124e+26,(-4308.403676018615,-6863.704759625455,0.0),(0.0,0.0,0.0),(-1712067753610.9458,1074678946950.0503,0.0)
Object642,2.901357561616983e+26,(-5846.692999735113,-2198.394989004282,0.0),(0.0,0.0,0.0),(-1197483219395.9453,3184740135945.108,0.0)
Object643,8.44765616101216e+26,(-5393.446220858396,1319.4472581585478,0.0),(0.0,0.0,0.0),(1023217504070.473,4182560952187.6904,0.0)
Object644,8.037593731820633e+26,(-2827.8984036316197,10807.809870215866,0.0),(0.0,0.0,0.0),(1029025744673.7264,269247913832.93903,0.0)
Object645,2.626385662599971e+26,(3207.5714947354704,-6454.743156596141,0.0),(0.0,0.0,0.0),(-2288301553416.1143,-1137131355350.0183,0.0)
Object646,9.072447126321324e+26,(8295.189655650642,-469.8270422793766,0.0),(0.0,0.0,0.0),(-108745959592.26515,-1920000932102.919,0.0)
Object647,2.118145464553296e+26,(19028.04446913606,-32798.629360317194,0.0),(0.0,0.0,0.0),(-79862146367.79199,-46331828558.83532,0.0)
Object648,5.2763914002656026e+26,(13500.772417468392,27912.318427225942,0.0),(0.0,0.0,0.0),(124308741540.60992,-60126285583.09506,0.0)
Object649,4.1787939370685236e+26,(26034.981546084102,28321.97801691567,0.0),(0.0,0.0,0.0),(66037626174.02285,-60705095447.81858,0.0)
Object650,2.042737538408775e+25,(3558.1935347444573,4965.044630211419,0.0),(0.0,0.0,0.0),(2891903003718.23,-2072478967928.2542,0.0)
Object651,1.4373285452645674e+26,(3797.6301661902567,5044.824140529728,0.0),(0.0,0.0,0.0),(2659993017242.611,-2002382926092.496,0.0)
Object652,5.0238399572123356e+26,(-5707.174300671048,-55911.91633897616,0.0),(0.0,0.0,0.0),(-41809924146.38615,4267722164.173463,0.0)
Object653,5.3677741003142286e+26,(-735.0219490909502,-8004.427559136954,0.0),(0.0,0.0,0.0),(-2046020135020.0627,187879732362.01346,0.0)
Object654,6.505264998748169e+24,(5061.480764981484,4515.532947492952,0.0),(0.0,0.0,0.0),(1920837545791.9658,-2153075263480.9448,0.0)
Object655,6.447037309811145e+26,(-5920.319720157465,-3416.3146459640175,0.0),(0.0,0.0,0.0),(-1420118936067.6384,2461002282709.1875,0.0)
Object656,6.577574759279794e+25,(-1061.8958542926596,-11338.591366823644,0.0),(0.0,0.0,0.0),(-1019139093138.5743,95445681296.7061,0.0)
Object657,1.4293756206241542e+25,(2259.747571162981,-8307.773626520198,0.0),(0.0,0.0,0.0),(-1728117088934.016,-470054742697.603,0.0)
Object658,2.8798851260242034e+26,(4280.965628064801,-5804.631838529913,0.0),(0.0,0.0,0.0),(-2053782440770.7634,-1514682116116.6677,0.0)
Object659,4.7110003064822706e+26,(6458.017829191635,-2182.181039432314,0.0),(0.0,0.0,0.0),(-914537668744.6707,-2706512641937.7593,0.0)
Object660,3.655113609372681e+26,(13955.499803270824,-4041.972212389621,0.0),(0.0,0.0,0.0),(-174953040981.00192,-604050943623.0271,0.0)
Object661,2.234702675078959e+26,(-9381.601024687277,-11145.77264696007,0.0),(0.0,0.0,0.0),(-478521646118.759,402780435933.9069,0.0)
Object662,8.142688337938947e+26,(-5427.798679102399,-2771.278268176829,0.0),(0.0,0.0,0.0),(-1625326342095.342,3183348375383.1836,0.0)
Object663,9.628392240941972e+26,(6310.790832911011,479.9582597767502,0.0),(0.0,0.0,0.0),(251324854203.1729,-3304576082774.0024,0.0)
Object664,9.980284879222747e+26,(713.279961220272,-5931.593735261812,0.0),(0.0,0.0,0.0),(-3692709369115.1284,-444051921483.1081,0.0)
Object665,4.800354056119486e+26,(5026.722557247218,-1727.4098200972805,0.0),(0.0,0.0,0.0),(-1527090449941.1655,-4443797830930.338,0.0)
Object666,4.3093832332022114e+26,(-9023.349252489543,-1425.299293274649,0.0),(0.0,0.0,0.0),(-248192717418.5473,1571269684731.717,0.0)
Object667,7.20622262099117e+26,(7226.612156676696,13800.961262814732,0.0),(0.0,0.0,0.0),(484585929453.04553,-253744250277.36313,0.0)
Object668,1.2632770783017995e+26,(-5076.43691355765,1764.040589322858,0.0),(0.0,0.0,0.0),(1508714402069.104,4341676449530.8965,0.0)
Object669,5.276186716787857e+26,(8413.373324936338,-3142.996664238627,0.0),(0.0,0.0,0.0),(-575931218940.2057,-1541689308666.0007,0.0)
Object670,2.09435481355913e+26,(10443.129407346783,6406.473038358112,0.0),(0.0,0.0,0.0),(462466680210.9603,-753862438679.1892,0.0)
Object671,2.6799690629582988e+26,(-46921.898123259954,-16344.120643562395,0.0),(0.0,0.0,0.0),(-17687830767.50621,50779519522.28693,0.0)
Object672,6.485108394101048e+26,(-166.65193677098844,6520.6920940272275,0.0),(0.0,0.0,0.0),(3119088875663.837,79715802340.42142,0.0)
Object673,1.239379733124412e+26,(-2870.7587252026015,19521.88710764219,0.0),(0.0,0.0,0.0),(337333789988.9446,49606060908.80045,0.0)
Object674,4.330461412717888e+26,(-7952.922441149182,-2276.4171177500116,0.0),(0.0,0.0,0.0),(-533841757166.89087,1865036973009.3184,0.0)
Object675,4.840836075209963e+26,(6397.793917953774,-489.2529090151127,0.0),(0.0,0.0,0.0),(-245858176976.93082,-3215003774854.6597,0.0)
Object676,3.0671385313386592e+26,(-2039.6631373967539,7627.898913757599,0.0),(0.0,0.0,0.0),(2057037865103.4958,550041938562.3557,0.0)
Object677,8.521524035353309e+26,(-6350.5138790577,-1797.3088067864971,0.0),(0.0,0.0,0.0),(-829929479152.3835,2932428003521.3906,0.0)
Object678,3.8089285897279263e+25,(6152.765689502052,3680.837173485064,0.0),(0.0,0.0,0.0),(1325799813454.279,-2216163122381.814,0.0)
Object679,3.039827741997456e+26,(8516.893958139492,11764.438425879844,0.0),(0.0,0.0,0.0),(509770685258.39545,-369049733794.5946,0.0)
Object680,7.014063965566603e+26,(-5152.724716080778,801.8801058570251,0.0),(0.0,0.0,0.0),(750672106424.2975,4823672127781.36,0.0)
Object681,8.006981854842724e+25,(4613.673179984925,3415.8753054038575,0.0),(0.0,0.0,0.0),(2397047641860.067,-3237587273428.992,0.0)
Object682,5.133644865089603e+26,(-4995.594482771874,-4434.003211047175,0.0),(0.0,0.0,0.0),(-1975129025849.6948,2225290148575.9307,0.0)
Object683,2.8001906072420037e+26,(3903.011500819377,-5808.41594002286,0.0),(0.0,0.0,0.0),(-2250024096292.115,-1511921669458.5215,0.0)
Object684,9.473920973176439e+26,(-4316.3863250982495,4451.592174831101,0.0),(0.0,0.0,0.0),(2478834629481.362,2403546299090.009,0.0)
Object685,2.6940364380216525e+26,(6708.019285903847,256.08711644144455,0.0),(0.0,0.0,0.0),(112381957226.86722,-2943765180150.4043,0.0)
Object686,1.8711756213977284e+26,(-2601.1494914851805,5040.6862395314865,0.0),(0.0,0.0,0.0),(3666591559059.3257,1892074276421.8315,0.0)
Object687,6.836857148779236e+26,(5303.096923252791,-371.4066000355716,0.0),(0.0,0.0,0.0),(-328181360556.2373,-4685909090651.624,0.0)
Object688,3.055872263987836e+26,(560.2798072480754,-5498.519200033465,0.0),(0.0,0.0,0.0),(-4323346432244.8203,-440533826945.63293,0.0)
Object689,1.9762931703341793e+24,(1105.7644703648123,5590.467524877533,0.0),(0.0,0.0,0.0),(4009996466806.029,-793155778036.5916,0.0)
Object690,2.6432342313516843e+26,(-2563.4531742818585,-6254.701109263833,0.0),(0.0,0.0,0.0),(-2688305205612.8125,1101786383135.054,0.0)
Object691,8.164841799433526e+26,(58895.486091214465,10740.241059678689,0.0),(0.0,0.0,0.0),(6645029124.549188,-36438867452.41358,0.0)
Object692,3.3332084325211276e+26,(3087.113925507618,6339.592517258475,0.0),(0.0,0.0,0.0),(2400468023527.791,-1168926589996.8337,0.0)
Object693,2.4222876285675164e+26,(-11370.599521393322,-20166.448409321034,0.0),(0.0,0.0,0.0),(-215750444429.20822,121648187641.86877,0.0)
Object694,8.473282794902561e+26,(-11992.279972416134,6333.569733008158,0.0),(0.0,0.0,0.0),(337065387379.7435,638215519030.6763,0.0)
Object695,7.864319007178034e+26,(5344.282452854375,1070.006649648913,0.0),(0.0,0.0,0.0),(877313506849.3745,-4381852376193.7925,0.0)
Object696,5.619302184849605e+26,(5214.675096612968,-1756.5767621685561,0.0),(0.0,0.0,0.0),(-1399614050977.1577,-4154975002339.1416,0.0)
Object697,7.737169965198022e+26,(1977.5324072342503,-8190.74888383452,0.0),(0.0,0.0,0.0),(-1817547437812.1006,-438819332753.899,0.0)
Object698,4.4938693411014616e+26,(-6655.544701246966,-378.3105910669887,0.0),(0.0,0.0,0.0),(-169526194063.79446,2982441383524.635,0.0)
Object699,2.798302623757067e+26,(378.53823178132245,-7471.354882816016,0.0),(0.0,0.0,0.0),(-2369036146143.808,-120027862128.44374,0.0)
Object700,3.9302370128862336e+26,(-6425.507064525384,4587.2311264356085,0.0),(0.0,0.0,0.0),(1237505708757.8076,1733420761859.9707,0.0)
Object701,7.760865914801204e+26,(5197.169722836247,-3813.068957867843,0.0),(0.0,0.0,0.0),(-1889981520233.23,-2576023366534.827,0.0)
Object702,6.867931487056397e+26,(15347.205212355164,19485.396105317912,0.0),(0.0,0.0,0.0),(169514503950.5102,-133514036077.97607,0.0)
Object703,5.21367754874519e+26,(-7925.915803838532,-1115.7649629393688,0.0),(0.0,0.0,0.0),(-288855898679.7047,2051908429124.8381,0.0)
Object704,7.047659670845739e+26,(3962.2133467569324,-8440.18679266119,0.0),(0.0,0.0,0.0),(-1382273319703.6426,-648902913020.5933,0.0)
Object705,8.197554002821741e+26,(3681.2616544107227,4649.3960718364415,0.0),(0.0,0.0,0.0),(2959408823633.624,-2343177060814.287,0.0)
Object706,4.701467257943168e+26,(-6005.7747019898525,1902.443395764216,0.0),(0.0,0.0,0.0),(1010074116689.5742,3188677040618.1543,0.0)
Object707,5.605098006627006e+26,(-5981.823275452357,-3371.546622712917,0.0),(0.0,0.0,0.0),(-1382463064686.0671,2452776325880.416,0.0)
Object708,1.1794519526941565e+26,(-5335.311855929565,3059.5581826915977,0.0),(0.0,0.0,0.0),(1745845731543.451,3044436769603.5767,0.0)
Object709,3.907772669978314e+26,(-4594.65359328339,5162.218690961639,0.0),(0.0,0.0,0.0),(2076296557044.2517,1848016135629.4995,0.0)
Object710,3.5869092092117784e+26,(3768.566965604964,6833.818910890006,0.0),(0.0,0.0,0.0),(1908727987096.3901,-1052584116186.4072,0.0)
Object711,5.277121883010504e+26,(-20841.509840364382,4742.271214947061,0.0),(0.0,0.0,0.0),(64469680203.959816,283333747370.0295,0.0)
Object712,9.30686257120773e+26,(2196.9867006007553,5051.445865863497,0.0),(0.0,0.0,0.0),(4011899628465.533,-1744864809390.0144,0.0)
Object713,3.995820972362495e+26,(10575.379505084837,12581.074581648572,0.0),(0.0,0.0,0.0),(376199395526.74084,-316225084865.3247,0.0)
Object714,4.0250946865195535e+26,(-1035.6679024094979,-6108.174234319486,0.0),(0.0,0.0,0.0),(-3409994862506.085,578179680375.8499,0.0)
Object715,8.58845342740201e+26,(-6089.262074814346,16193.817298347481,0.0),(0.0,0.0,0.0),(415134359968.2069,156100434353.09647,0.0)
Object716,8.581765099648837e+26,(4613.5963738787505,-2702.2505416791914,0.0),(0.0,0.0,0.0),(-2346947958804.987,-4006982485678.8926,0.0)
Object717,7.894440257558784e+26,(-9989.820179754235,-330.8598547561529,0.0),(0.0,0.0,0.0),(-43984269621.7026,1328039464269.4695,0.0)
Object718,3.2291977863255714e+26,(7004.434730228588,2750.7895534328045,0.0),(0.0,0.0,0.0),(856919686654.3694,-2182005528822.8303,0.0)
Object719,1.1173343945121363e+26,(-6861.928483570213,7421.217255447443,0.0),(0.0,0.0,0.0),(954093547638.3647,882189735885.2512,0.0)
Object720,9.753876529608242e+26,(-7269.274402953872,3947.4325070157265,0.0),(0.0,0.0,0.0),(925842406722.0557,1704956955284.8174,0.0)
Object721,4.938462290518923e+26,(3869.746181977797,-4264.40407904798,0.0),(0.0,0.0,0.0),(-2964664468302.1772,-2690293601261.82,0.0)
Object722,3.6792101963619235e+26,(-1906.042218346228,-5649.5689585707305,0.0),(0.0,0.0,0.0),(-3538220834971.923,1193719085251.2178,0.0)
Object723,1.7679133745489988e+26,(-2361.6654034972385,8689.420434861737,0.0),(0.0,0.0,0.0),(1579911134744.867,429398196979.5648,0.0)
Object724,9.676180387713673e+26,(3477.230507234262,-4200.1219406281125,0.0),(0.0,0.0,0.0),(-3439242468659.697,-2847307531269.1387,0.0)
Object725,1.7767851815071956e+26,(-9996.44283634883,-30228.66641646127,0.0),(0.0,0.0,0.0),(-124335341274.12173,41116968723.03449,0.0)
Object726,6.206397084780477e+25,(613.6246711675433,10536.42505519928,0.0),(0.0,0.0,0.0),(1189729354993.1182,-69287949224.84435,0.0)
Object727,6.0802380626743625e+26,(-2281.694935788404,-6377.216228135564,0.0),(0.0,0.0,0.0),(-2724628338438.3037,974840817580.0211,0.0)
Object728,4.371288735459212e+26,(-8060.316076018513,5393.076266458388,0.0),(0.0,0.0,0.0),(784894693296.7417,1173078035945.5095,0.0)
Object729,6.817231905108689e+26,(-6660.4374950040965,258.6764541289793,0.0),(0.0,0.0,0.0),(115959746999.52719,2985747772936.999,0.0)
Object730,8.256023942325558e+26,(-7517.037964983983,-4176.534756841857,0.0),(0.0,0.0,0.0),(-871877529748.9438,1569228289361.851,0.0)
Object731,9.664598998006523e+26,(2955.6755835996073,-6046.460460203324,0.0),(0.0,0.0,0.0),(-2633032551202.6035,-1287098472508.794,0.0)
Object732,8.147248088211426e+25,(-10445.42880125998,-2785.5517328084584,0.0),(0.0,0.0,0.0),(-292696748427.24335,1097571805989.9716,0.0)
Object733,7.947765473763064e+26,(16489.090602554603,10567.907400852,0.0),(0.0,0.0,0.0),(186750270571.53424,-291386176534.5667,0.0)
Object734,7.513746058520408e+26,(-7010.252665524492,-4882.031826748062,0.0),(0.0,0.0,0.0),(-1039571281994.8212,1492750889225.817,0.0)
Object735,4.048285846984434e+26,(-5078.842501353574,-4806.721599831497,0.0),(0.0,0.0,0.0),(-1866107517032.6448,1971752674407.653,0.0)
Object736,6.414967486903649e+26,(-866.8057819747102,6451.8176460550885,0.0),(0.0,0.0,0.0),(3104721271866.0444,417121266829.181,0.0)
Object737,3.7105065134567353e+26,(6277.7155728027155,2580.2260564354265,0.0),(0.0,0.0,0.0),(1095492522062.2931,-2665344165673.6836,0.0)
Object738,6.653888022131098e+26,(24595.21760839673,10433.709633381794,0.0),(0.0,0.0,0.0),(72631711560.89015,-171213577325.8422,0.0)
Object739,3.723176474790769e+26,(-1054.097456049568,-5489.069081142717,0.0),(0.0,0.0,0.0),(-4173032776374.0923,801371447245.779,0.0)
Object740,2.563925005821329e+26,(-6970.857694558493,-3435.717458661462,0.0),(0.0,0.0,0.0),(-971705753632.586,1971530724239.309,0.0)
Object741,2.5118453146654425e+26,(2993.5141511986158,-5227.898364057455,0.0),(0.0,0.0,0.0),(-3174317933737.621,-1817626318135.2637,0.0)
Object742,5.082841506149358e+25,(-122.95988699067091,-8630.770153171496,0.0),(0.0,0.0,0.0),(-1781595865808.8787,25381839909.432392,0.0)
Object743,8.705904113439968e+26,(22903.221288543376,-29109.04470565238,0.0),(0.0,0.0,0.0),(-76047967439.34308,-59835128374.000015,0.0)
Object744,1.009446988932e+26,(-5520.629596385859,-2621.327288304525,0.0),(0.0,0.0,0.0),(-1524573557006.877,3210818404184.58,0.0)
Object745,2.6799924303763467e+25,(-4935.309535589844,2881.1100192749313,0.0),(0.0,0.0,0.0),(2049342153771.618,3510500399335.895,0.0)
Object746,8.781676848325435e+26,(-4603.069324006937,3582.71519014228,0.0),(0.0,0.0,0.0),(2396475050520.6035,3078989036346.282,0.0)
Object747,9.347660611130346e+26,(-2432.954689832554,4711.428074683492,0.0),(0.0,0.0,0.0),(4195113364609.92,2166332706987.6985,0.0)
Object748,9.86888078861083e+26,(6258.206951763768,924.3132435618355,0.0),(0.0,0.0,0.0),(484676591285.767,-3281578441149.7896,0.0)
Object749,1.9568028049827108e+26,(414.3024845568555,6906.7207340777595,0.0),(0.0,0.0,0.0),(2767941274631.51,-166036096049.0506,0.0)
Object750,9.766242415265725e+26,(-10814.143738803594,11373.407616793178,0.0),(0.0,0.0,0.0),(390601776314.86646,371394739028.2642,0.0)
Object751,7.269015721748396e+25,(3754.299046656038,4487.774464901186,0.0),(0.0,0.0,0.0),(2974187173831.892,-2488090290326.02,0.0)
Object752,4.5075436481818556e+26,(-4381.693688206382,4942.063937262742,0.0),(0.0,0.0,0.0),(2277047317273.92,2018857704899.007,0.0)
Object753,2.9340225508671413e+26,(-13250.905188227154,542.2160072686835,0.0),(0.0,0.0,0.0),(30859320149.20674,754153178785.9187,0.0)
Object754,5.19646473195308e+26,(-1873.6583210316405,-5115.467332715135,0.0),(0.0,0.0,0.0),(-4200110079778.387,1538387538885.6626,0.0)
Object755,8.324650951469783e+26,(6577.258077887028,1093.8320926070166,0.0),(0.0,0.0,0.0),(489873537497.9079,-2945630050012.4307,0.0)
Object756,7.049649946653682e+26,(1895.0665023067218,5500.598407008495,0.0),(0.0,0.0,0.0),(3708118664916.3965,-1277521271050.7798,0.0)
Object757,7.02228857407906e+25,(1533.5217394877009,-6815.734741773225,0.0),(0.0,0.0,0.0),(-2653654091337.54,-597064937578.2291,0.0)
Object758,1.6766077865749977e+25,(-7944.716689409977,6790.760364525942,0.0),(0.0,0.0,0.0),(789638691946.3391,923822275820.7858,0.0)
Object759,2.1885911151975085e+26,(5516.286769511304,7414.856524662756,0.0),(0.0,0.0,0.0),(1247049980415.034,-927743549049.4078,0.0)
Object760,7.71609705205999e+25,(-1964.3944814276012,-4888.894266432399,0.0),(0.0,0.0,0.0),(-4437300511249.04,1782940714546.1357,0.0)
Object761,5.634562115300325e+26,(510.4115584227462,6641.572671938218,0.0),(0.0,0.0,0.0),(2983063515998.853,-229251439874.80786,0.0)
Object762,6.753059274662504e+26,(-5069.186605213219,-7054.90612065516,0.0),(0.0,0.0,0.0),(-1428513785220.1453,1026435054068.1489,0.0)
Object763,6.45574236149597e+26,(-5435.061751170514,-3994.5900047847085,0.0),(0.0,0.0,0.0),(-1727999655746.6511,2351126103989.392,0.0)
Object764,7.002684935971871e+26,(-438.7456472208971,-8504.778514934775,0.0),(0.0,0.0,0.0),(-1828029031744.7896,94304605259.6243,0.0)
Object765,5.141651351837915e+26,(1506.1519904327188,-7743.579030926177,0.0),(0.0,0.0,0.0),(-2093952053827.1077,-407280669719.6146,0.0)
Object766,5.648853365635029e+26,(1056.1132538027664,-6717.949506122909,0.0),(0.0,0.0,0.0),(-2835716889621.7275,-445796472336.13354,0.0)
Object767,6.416603455402749e+26,(-6402.882437100335,9108.465916919275,0.0),(0.0,0.0,0.0),(876108410381.5568,615868709944.6583,0.0)
Object768,7.217675430879816e+26,(352.18260096763333,-10075.265057198529,0.0),(0.0,0.0,0.0),(-1305365285555.6682,-45629265222.29697,0.0)
Object769,7.496215403912249e+26,(4913.015505311943,3250.00798163243,0.0),(0.0,0.0,0.0),(2110695540514.2922,-3190724446261.4697,0.0)
Object770,2.4159500441402976e+26,(3683.4307950346997,-3851.4127211479376,0.0),(0.0,0.0,0.0),(-3377996130125.943,-3230662583340.417,0.0)
Object771,2.5199790958072963e+26,(4550.553178028468,-4185.503093299245,0.0),(0.0,0.0,0.0),(-2350987909999.9526,-2556035742151.083,0.0)
Object772,6.707525482342202e+26,(8019.290189354222,29077.775013544433,0.0),(0.0,0.0,0.0),(140657907668.71176,-38791708736.22141,0.0)
Object773,4.0864090230805963e+26,(-7169.5305756567495,2790.4150581136178,0.0),(0.0,0.0,0.0),(813490299803.0546,2090134784959.5422,0.0)
Object774,6.334752230970245e+25,(-8102.355266366429,-2831.1527648900515,0.0),(0.0,0.0,0.0),(-594462574520.3706,1701267070803.9036,0.0)
Object775,4.173622624747858e+26,(-8308.460487930592,7201.897817144172,0.0),(0.0,0.0,0.0),(719216441827.0092,829723156438.6847,0.0)
Object776,4.600985963697993e+26,(5031.239850483933,6624.919312201894,0.0),(0.0,0.0,0.0),(1527686965159.4553,-1160189154910.7031,0.0)
Object777,4.0074504152627633e+26,(-1905.214685268871,4835.927612302101,0.0),(0.0,0.0,0.0),(4571805960395.905,1801158444098.2947,0.0)
Object778,5.716927399614563e+26,(-888.0300552319735,-6181.52782287797,0.0),(0.0,0.0,0.0),(-3369313086761.841,484031031205.14655,0.0)
Object779,5.437875195177936e+25,(-12294.694658383238,-3060.193332830642,0.0),(0.0,0.0,0.0),(-199746047476.31512,802503762292.8926,0.0)
Object780,7.735635051002739e+26,(-7625.351297718682,-543.188523141085,0.0),(0.0,0.0,0.0),(-161403976697.5447,2265810065445.559,0.0)
Object781,9.521378019729491e+26,(2659.5100432040454,-4730.935521450408,0.0),(0.0,0.0,0.0),(-3928752263802.265,-2208560242571.1016,0.0)
Object782,7.826456422074592e+26,(5555.043866352302,515.5750306855975,0.0),(0.0,0.0,0.0),(394168910290.15735,-4246958167276.653,0.0)
Object783,1.4233282382733462e+26,(-1970.4426846503613,5381.735711054821,0.0),(0.0,0.0,0.0),(3795286988493.2803,1389588022180.955,0.0)
Object784,1.000947026097742e+26,(-5935.961383036696,2610.1200635565124,0.0),(0.0,0.0,0.0),(1270800370218.6533,2890067023540.712,0.0)
Object785,6.361819087318636e+26,(3049.7202534404005,-11579.038360785087,0.0),(0.0,0.0,0.0),(-895371369206.3684,-235825473060.62994,0.0)
Object786,9.245296381514786e+26,(1056.9575253968073,-11091.829681392455,0.0),(0.0,0.0,0.0),(-1064499388473.6342,-101437785446.25645,0.0)
Object787,7.756905011895228e+26,(-4514.70450458926,-5078.37866849151,0.0),(0.0,0.0,0.0),(-2148773754580.5027,1910270813269.1094,0.0)
Object788,5.170559215393551e+26,(1377.6726480650768,-6455.655472435383,0.0),(0.0,0.0,0.0),(-2979529152458.0244,-635848030456.5273,0.0)
Object789,3.004809348673056e+26,(2925.525111122641,-6455.973372734896,0.0),(0.0,0.0,0.0),(-2406855252169.0317,-1090666747294.0735,0.0)
Object790,2.5868244515981896e+26,(10107.631810283645,4751.4942317821915,0.0),(0.0,0.0,0.0),(452748800264.5665,-963111381891.6371,0.0)
Object791,6.038953962700273e+26,(-8889.681606056305,5520.160634896211,0.0),(0.0,0.0,0.0),(639557061476.2716,1029944420364.8485,0.0)
Object792,9.178365024273091e+26,(5398.395587969303,-823.6206135915451,0.0),(0.0,0.0,0.0),(-671403878678.5001,-4400695753106.755,0.0)
Object793,2.0230166111140427e+26,(-6715.651602493502,-8338.364991058994,0.0),(0.0,0.0,0.0),(-901952340666.2416,726425107135.8691,0.0)
Object794,3.117439692429741e+26,(-1555.1644156481634,5509.314826246885,0.0),(0.0,0.0,0.0),(3898538635473.3223,1100475966636.2852,0.0)
Object795,8.764025629421428e+26,(-3511.4365764840536,-6712.093669544806,0.0),(0.0,0.0,0.0),(-2049890137183.4368,1072401483033.5322,0.0)
Object796,2.780782189428663e+25,(-7291.1959756544575,-60138.67530054197,0.0),(0.0,0.0,0.0),(-35910950390.21216,4353833463.383289,0.0)
Object797,7.209119811932253e+26,(4520.009559223674,4534.569049243451,0.0),(0.0,0.0,0.0),(2293586401006.4893,-2286222206536.7803,0.0)
Object798,2.5980896812462727e+26,(-7088.9948082941755,-2186.4897827204077,0.0),(0.0,0.0,0.0),(-710942399413.9395,2305003672219.8037,0.0)
Object799,3.2831984732535464e+26,(8554.291120887927,-624.6396095834324,0.0),(0.0,0.0,0.0),(-131417645512.0619,-1799733447710.0146,0.0)
Object800,3.432943549510206e+26,(13582.220328534931,1817.2003090687565,0.0),(0.0,0.0,0.0),(93750379096.88576,-700714334255.2664,0.0)
Object801,1.3032941899800391e+26,(-6236.9080190191125,888.9401858712026,0.0),(0.0,0.0,0.0),(471958631366.918,3311316801065.516,0.0)
Object802,8.074774450821095e+26,(3091.7979867819527,-6642.681604427062,0.0),(0.0,0.0,0.0),(-2241874922441.608,-1043467801798.9623,0.0)
Object803,8.786320500827548e+26,(5244.473097338304,1225.3730337667737,0.0),(0.0,0.0,0.0),(1041300860961.1906,-4456662747636.071,0.0)
Object804,8.646345293190531e+26,(2583.3760621327447,8632.54254420199,0.0),(0.0,0.0,0.0),(1566348272535.7927,-468745634500.20123,0.0)
Object805,2.367417332901659e+26,(-1099.1392494203178,6262.384489887376,0.0),(0.0,0.0,0.0),(3234417378984.3457,567687131952.6439,0.0)
Object806,9.885200129851494e+26,(3734.6553727730147,-5855.127972425866,0.0),(0.0,0.0,0.0),(-2320591253022.95,-1480174068257.217,0.0)
Object807,3.402770936385302e+26,(8390.734164851066,-10092.199838049744,0.0),(0.0,0.0,0.0),(-592599583158.6566,-492691945093.9763,0.0)
Object808,2.5355501011355688e+26,(4004.313643631494,3818.6799253242775,0.0),(0.0,0.0,0.0),(2992355103822.5435,-3137819509135.5874,0.0)
Object809,9.872714364148995e+26,(-10755.749560712287,-3127.5219126180273,0.0),(0.0,0.0,0.0),(-295422645880.07574,1015977531869.3865,0.0)
Object810,1.894806778233022e+26,(6853.776346093893,279.37131720789796,0.0),(0.0,0.0,0.0),(114908209221.10522,-2819026570811.31,0.0)
Object811,5.4613927595422485e+26,(12060.369548879096,11708.31804142645,0.0),(0.0,0.0,0.0),(327281535997.6962,-337122399365.23834,0.0)
Object812,4.291379848036529e+26,(9746.953157352795,2874.4498450647206,0.0),(0.0,0.0,0.0),(363631920247.6023,-1233037097257.762,0.0)
Object813,6.257800439709888e+25,(-507.2726562110594,-5313.558504887699,0.0),(0.0,0.0,0.0),(-4638303752398.367,442807708361.26733,0.0)
Object814,6.885880945006056e+26,(4727.369068143034,3176.3103100218923,0.0),(0.0,0.0,0.0),(2282459619460.977,-3397032390154.2783,0.0)
Object815,4.2951715954496466e+26,(-17521.119271552114,18508.025854951,0.0),(0.0,0.0,0.0),(148420920626.6903,140506646850.08325,0.0)
Object816,2.844059933365719e+26,(9575.469950754943,793.0442164740732,0.0),(0.0,0.0,0.0),(118687365542.39688,-1433069277446.3274,0.0)
Object817,8.38918399976248e+26,(2987.462737206359,8452.670637497762,0.0),(0.0,0.0,0.0),(1557301255167.9219,-550403496118.7247,0.0)
Object818,7.107203172571456e+26,(694.5773813569259,6286.844054945549,0.0),(0.0,0.0,0.0),(3298160031095.2793,-364384313921.7293,0.0)
Object819,2.617715422462046e+26,(-8077.543319281259,1873.2365869531486,0.0),(0.0,0.0,0.0),(436184143557.10394,1880860292450.7275,0.0)
Object820,4.610911834832402e+26,(-4848.203117502933,2988.861571666697,0.0),(0.0,0.0,0.0),(2147621951111.2705,3483636558246.232,0.0)
Object821,9.029409579832815e+26,(-5551.91919533543,-2791.7924807305703,0.0),(0.0,0.0,0.0),(-1544331240796.203,3071145981985.3564,0.0)
Object822,5.741412345607126e+26,(4839.29091875895,-2316.588490524627,0.0),(0.0,0.0,0.0),(-1991282306729.1155,-4159735068638.484,0.0)
Object823,4.518715230252801e+26,(12442.099763720678,11038.287960065429,0.0),(0.0,0.0,0.0),(318454246317.6975,-358954170900.41064,0.0)
Object824,5.019962789317006e+26,(2801.3657847474306,-9435.491370708178,0.0),(0.0,0.0,0.0),(-1313650204552.9194,-390018345794.40765,0.0)
Object825,6.60091571753225e+26,(7519.643315584698,1507.0684957149265,0.0),(0.0,0.0,0.0),(443534132018.5099,-2213050356071.892,0.0)
Object826,6.036280290571405e+26,(-8141.234753331862,1518.5355799341642,0.0),(0.0,0.0,0.0),(354907809807.8998,1902746194173.6243,0.0)
Object827,6.651068622577331e+25,(-19352.57995152148,14872.80479940363,0.0),(0.0,0.0,0.0),(135789812957.41019,176690492970.48538,0.0)
Object828,1.2191074947125962e+26,(8855.903394743918,-7803.313883138367,0.0),(0.0,0.0,0.0),(-629948884578.7627,-714922730137.8937,0.0)
Object829,9.146984143100163e+25,(7293.292207450904,814.5145788347513,0.0),(0.0,0.0,0.0),(273585910926.9175,-2449731464704.034,0.0)
Object830,3.3731547963567784e+26,(-7434.460489371949,-151.3828772078959,0.0),(0.0,0.0,0.0),(-48876358470.230095,2400333264985.3535,0.0)
Object831,3.3738730523827766e+26,(5860.726355377549,-1544.066084943242,0.0),(0.0,0.0,0.0),(-920735804106.1705,-3494786036740.863,0.0)
Object832,2.2390436736309888e+26,(-3677.878785701682,4579.628236894822,0.0),(0.0,0.0,0.0),(3000171683568.059,2409424350117.0205,0.0)
Object833,9.216598764542198e+26,(1018.7274400977306,9389.37752276218,0.0),(0.0,0.0,0.0),(1479595686260.9841,-160532976993.43933,0.0)
Object834,7.957095333006927e+26,(7140.677306412965,4544.638628970999,0.0),(0.0,0.0,0.0),(994899247220.77,-1563216584814.6313,0.0)
Object835,4.964743524845551e+26,(8598.731530720994,1112.1405279720161,0.0),(0.0,0.0,0.0),(226511193332.1058,-1751315495819.2708,0.0)
Object836,7.777693261039621e+26,(-10964.745888430443,-5491.818362478921,0.0),(0.0,0.0,0.0),(-395318161352.6044,789276501554.9963,0.0)
Object837,5.250855891153091e+26,(-587.8257023388245,5770.361991482007,0.0),(0.0,0.0,0.0),(3925625956072.526,399902785675.18304,0.0)
Object838,5.207677151110623e+26,(-5928.597513007461,-17051.667084550907,0.0),(0.0,0.0,0.0),(-384738441928.57544,133767528926.40657,0.0)
Object839,2.423025968313757e+26,(-8339.740292756198,-3621.8548677427702,0.0),(0.0,0.0,0.0),(-639671099218.5657,1472916788515.447,0.0)
Object840,8.741719121439228e+26,(-3860.663837272759,5675.645353138131,0.0),(0.0,0.0,0.0),(2329592571448.9365,1584625753827.1663,0.0)
Object841,1.5708095487466185e+26,(6412.777602464914,5923.807695457314,0.0),(0.0,0.0,0.0),(1181895139491.5217,-1279452519163.5654,0.0)
Object842,7.187027984808069e+26,(2345.0399851021743,5784.5908452372605,0.0),(0.0,0.0,0.0),(3157715237342.6816,-1280119664683.2625,0.0)
Object843,9.198453931703534e+26,(13449.390932366892,-8089.105789642566,0.0),(0.0,0.0,0.0),(-277774370542.6299,-461842902982.3636,0.0)
Object844,3.3658331050411255e+26,(4239.177485249498,21612.148483282683,0.0),(0.0,0.0,0.0),(268566093100.71887,-52678674498.957565,0.0)
Object845,1.7228752519788597e+26,(12048.272753651907,11837.237332030654,0.0),(0.0,0.0,0.0),(326123011093.1756,-331937163941.1724,0.0)
Object846,4.046734568945273e+26,(503.8676424415019,10414.561666656531,0.0),(0.0,0.0,0.0),(1219650642867.7178,-59008003763.76383,0.0)
Object847,4.791918200798329e+26,(-2260.839712170209,-8444.22318936508,0.0),(0.0,0.0,0.0),(-1678112951268.9912,449294661765.2526,0.0)
Object848,5.2474734170020355e+26,(-1708.7793505314637,-5226.244057827802,0.0),(0.0,0.0,0.0),(-4173461333553.014,1364560182821.0432,0.0)
Object849,7.828195530871231e+26,(-6795.79029802685,-3018.981835338796,0.0),(0.0,0.0,0.0),(-974649467274.1921,2193956027209.9783,0.0)
Object850,1.1215125852661137e+26,(-8435.17308059455,-4710.589106408962,0.0),(0.0,0.0,0.0),(-693428217551.7448,1241710304568.714,0.0)
Object851,6.8419123390376005e+25,(4188.230792527912,-3847.212673543176,0.0),(0.0,0.0,0.0),(-2776705982294.9404,-3022834057711.1113,0.0)
Object852,9.819178960732082e+26,(8340.74202039556,-381.456816546258,0.0),(0.0,0.0,0.0),(-86998282654.76506,-1902260492841.0146,0.0)
Object853,9.434289834929489e+26,(5776.477697335948,3043.466428998426,0.0),(0.0,0.0,0.0),(1451543911572.4648,-2755020049510.282,0.0)
Object854,6.066201775730202e+26,(-4269.560751041548,-5089.598718798297,0.0),(0.0,0.0,0.0),(-2304498614151.8906,1933196972380.5027,0.0)
Object855,7.317901758485732e+26,(-10031.010680054893,-3745.0479835754672,0.0),(0.0,0.0,0.0),(-405001240063.4208,1084784970000.0469,0.0)
Object856,9.540634448520594e+26,(-2247.2348004636456,5235.4825287975655,0.0),(0.0,0.0,0.0),(3758093608233.6416,1613092717503.9717,0.0)
Object857,4.576467857381752e+26,(6349.029069203994,6319.428768758449,0.0),(0.0,0.0,0.0),(1167047454242.7214,-1172513922264.4158,0.0)
Object858,7.499583582211367e+26,(-3935.6605340700225,-6010.964932614861,0.0),(0.0,0.0,0.0),(-2151510775301.1978,1408694966932.0027,0.0)
Object859,2.692309203381338e+26,(10354.926159809023,11396.202483833069,0.0),(0.0,0.0,0.0),(414389773350.97644,-376526786928.9477,0.0)
Object860,5.548330191301057e+26,(-3617.2968054494154,-66408.56303325317,0.0),(0.0,0.0,0.0),(-29968317660.918625,1632384361.1139767,0.0)
Object861,5.061798177336083e+26,(-2187.8867384996734,-13732.82161683769,0.0),(0.0,0.0,0.0),(-677941556909.1185,108008345496.94226,0.0)
Object862,3.544443197862759e+25,(1717.9572781556008,-5249.583296313494,0.0),(0.0,0.0,0.0),(-4135353688867.553,-1353319028679.218,0.0)
Object863,2.3031410017252128e+26,(2910.2321961469474,-4866.746370526457,0.0),(0.0,0.0,0.0),(-3543342239247.308,-2118858860012.762,0.0)
Object864,7.388489934280543e+26,(3360.9527764970076,-5459.0987671142475,0.0),(0.0,0.0,0.0),(-2750642727090.3247,-1693462731697.826,0.0)
Object865,1.157491996422166e+26,(14492.02616739972,-14509.735037529943,0.0),(0.0,0.0,0.0),(-223342628119.49908,-223070042466.78516,0.0)
Object866,4.921797300826927e+25,(1498.9033656331144,8384.801805395693,0.0),(0.0,0.0,0.0),(1801203172638.004,-321990854443.1884,0.0)
Object867,1.5723892600497766e+26,(-5558.220317138236,2082.693096490221,0.0),(0.0,0.0,0.0),(1322118845028.4653,3528425690032.0796,0.0)
Object868,1.2521823465714992e+26,(1973.7297751876918,9348.76368611165,0.0),(0.0,0.0,0.0),(1422735796699.384,-300370840300.79956,0.0)
Object869,6.322548124292957e+26,(6060.156170499631,7549.116267376663,0.0),(0.0,0.0,0.0),(1104651775702.4128,-886774297503.6547,0.0)
Object870,6.061934728085333e+26,(2987.9807879841132,-4455.019989503282,0.0),(0.0,0.0,0.0),(-3831438918975.926,-2569745120607.4443,0.0)
Object871,9.887125715291684e+26,(3857.9340422522287,-5554.984759525093,0.0),(0.0,0.0,0.0),(-2383733071976.1084,-1655501385534.9119,0.0)
Object872,5.931833249687223e+26,(-2673.7471242988177,-5587.207206534302,0.0),(0.0,0.0,0.0),(-3121179603133.33,1493634418737.5059,0.0)
Object873,6.326239231621793e+26,(-4988.319355748334,-7463.10081800665,0.0),(0.0,0.0,0.0),(-1369648696857.6692,915470026698.024,0.0)
Object874,3.800149773132324e+26,(-7315.49331637157,518.1575353874774,0.0),(0.0,0.0,0.0),(174385920140.58447,2462029298297.8066,0.0)
Object875,5.817261209882435e+25,(3850.0947662324365,-4726.820539311616,0.0),(0.0,0.0,0.0),(-2769426210181.4053,-2255755907931.9707,0.0)
Object876,7.417753786165516e+26,(-11267.078909605814,97.33291408388934,0.0),(0.0,0.0,0.0),(9032700524.81018,1045608780316.1708,0.0)
Object877,3.67590065771191e+26,(-3519.4794258376114,-7026.349792776779,0.0),(0.0,0.0,0.0),(-1921976564197.7402,962712813072.5707,0.0)
Object878,4.397519053508518e+26,(6126.903522862703,-8880.210679288006,0.0),(0.0,0.0,0.0),(-938751405808.5085,-647691761272.6749,0.0)
Object879,5.532506953769005e+26,(2875.247942385391,8080.400797253693,0.0),(0.0,0.0,0.0),(1700244851266.5051,-604997899586.4766,0.0)
Object880,4.7788226641262935e+26,(-5691.37352051915,2223.5877368348542,0.0),(0.0,0.0,0.0),(1293903200331.5896,3311803843173.0757,0.0)
Object881,2.6330561423212184e+26,(8491.198580448125,-2659.785215709518,0.0),(0.0,0.0,0.0),(-501193812697.3162,-1600030019630.583,0.0)
Object882,1.004255622715679e+26,(5263.9599027155755,-138.9600151844027,0.0),(0.0,0.0,0.0),(-126339405018.706,-4785877155157.782,0.0)
Object883,7.718609782021683e+26,(-5023.124086101691,2482.1278923538894,0.0),(0.0,0.0,0.0),(1873358701628.6553,3791147605667.953,0.0)
Object884,3.0935069950459002e+26,(-1965.0184132644322,4864.032210585246,0.0),(0.0,0.0,0.0),(4472617705745.939,1806891025136.9033,0.0)
Object885,4.239779025860765e+26,(10285.224062357407,-7005.419201553383,0.0),(0.0,0.0,0.0),(-482567940485.73645,-708497129208.9967,0.0)
Object886,1.8704871587728437e+26,(-3800.9952384057387,6137.154303917118,0.0),(0.0,0.0,0.0),(2165698972950.9033,1341307563140.8716,0.0)
Object887,1.8455474698260377e+25,(-721.2912788196861,-9755.91136617328,0.0),(0.0,0.0,0.0),(-1383418565853.1543,102281346053.11813,0.0)
Object888,4.888305268458353e+26,(5611.127086328592,-2557.8899058039146,0.0),(0.0,0.0,0.0),(-1448021035496.9177,-3176458077970.611,0.0)
Object889,1.5122967535626652e+26,(-6676.08294896472,3505.378709887116,0.0),(0.0,0.0,0.0),(1085402438641.7367,2067176562960.9175,0.0)
Object890,4.4559572571627115e+26,(2769.828343552906,-15799.954037043934,0.0),(0.0,0.0,0.0),(-508171232228.8488,-89085517534.13924,0.0)
Object891,8.701922187078039e+26,(78.42436585523194,-6122.482848273038,0.0),(0.0,0.0,0.0),(-3540613124176.339,-45352571151.84293,0.0)
Object892,6.906250230527089e+26,(-2995.2534733622433,-10312.77009168683,0.0),(0.0,0.0,0.0),(-1105431777823.6,321062948427.4248,0.0)
Object893,5.031863426710152e+26,(-5839.887055087441,2152.5663661283043,0.0),(0.0,0.0,0.0),(1185207101439.5352,3215452827939.3794,0.0)
Object894,5.1827493464828806e+26,(7056.438438495232,-15974.171788396092,0.0),(0.0,0.0,0.0),(-398179176534.4844,-175891863686.31314,0.0)
Object895,2.2274196455184258e+26,(1622.9042104129776,-7928.812614475256,0.0),(0.0,0.0,0.0),(-1985582009637.7944,-406417651702.1525,0.0)
Object896,3.34657251760243e+26,(-4632.569663796536,3897.7890907738847,0.0),(0.0,0.0,0.0),(2331773434779.1123,2771341041097.651,0.0)
Object897,1.8285726965795e+26,(-4115.312815883085,-3750.194283647063,0.0),(0.0,0.0,0.0),(-2884409023478.5024,3165234791256.2236,0.0)
Object898,3.9388957790487755e+26,(3922.4397102196585,3526.5448169890205,0.0),(0.0,0.0,0.0),(3190113874836.6787,-3548240556167.318,0.0)
Object899,6.0084894653642594e+26,(5292.552529834939,-5140.912210776056,0.0),(0.0,0.0,0.0),(-1699035428908.4966,-1749151490799.6096,0.0)
Object900,9.592809949801915e+26,(-11208.45115760623,-4123.3607255565485,0.0),(0.0,0.0,0.0),(-321342929923.48785,873500228239.9996,0.0)
Object901,9.103765560299735e+26,(999.5406423259993,6192.95458832215,0.0),(0.0,0.0,0.0),(3330366489619.1597,-537519953156.4458,0.0)
Object902,8.00812407935159e+26,(-2040.051097296568,-5254.251772293241,0.0),(0.0,0.0,0.0),(-3895351753661.7944,1512435445388.9211,0.0)
Object903,9.50419693141834e+26,(7818.163074794574,11557.60040058921,0.0),(0.0,0.0,0.0),(564746084865.1106,-382023675701.9319,0.0)
Object904,5.717614612235385e+26,(-5690.98326729768,-423.3764733562151,0.0),(0.0,0.0,0.0),(-302419530146.26935,4065092403749.128,0.0)
Object905,7.734817463231218e+26,(-6388.116019378868,1883.0857086929807,0.0),(0.0,0.0,0.0),(846273705026.2501,2870870182329.395,0.0)
Object906,4.89679044602116e+26,(2053.738799074583,4877.36695886748,0.0),(0.0,0.0,0.0),(4368541679474.6333,-1839485037351.9463,0.0)
Object907,7.673217092539062e+26,(-3645.669980861081,4460.327381409356,0.0),(0.0,0.0,0.0),(3097319950850.529,2531609319307.3984,0.0)
Object908,7.003256242998657e+26,(6996.261267649178,3073.280811123208,0.0),(0.0,0.0,0.0),(914333470881.7351,-2081461552388.116,0.0)
Object909,7.10129291052867e+26,(696.0539647603375,17520.731438432038,0.0),(0.0,0.0,0.0),(431428370611.04,-17139548592.99988,0.0)
Object910,6.224247107478968e+26,(-565.1016326181368,-5841.41915807925,0.0),(0.0,0.0,0.0),(-3836502251834.405,371145029552.65704,0.0)
Object911,4.286452614915236e+25,(853.6752699962062,-7022.335335419485,0.0),(0.0,0.0,0.0),(-2633423269134.294,-320134002851.3775,0.0)
Object912,9.899434376789525e+26,(-4504.403925236216,2524.6720995002906,0.0),(0.0,0.0,0.0),(2434258663931.6133,4343092428923.3877,0.0)
Object913,4.6361258478184435e+26,(3487.2140756003128,-6502.13640581618,0.0),(0.0,0.0,0.0),(-2149008224239.7686,-1152552216752.3745,0.0)
Object914,2.2275717984204382e+26,(-5922.036847565568,-8672.427046587964,0.0),(0.0,0.0,0.0),(-994093189300.045,678824562642.4744,0.0)
Object915,6.83710489919746e+26,(9920.045816054115,4564.809129014838,0.0),(0.0,0.0,0.0),(465376021464.17786,-1011335046907.8553,0.0)
Object916,2.0941940620979472e+26,(-6699.996273683936,-194.07862050505656,0.0),(0.0,0.0,0.0),(-85555539401.37787,2953554563045.3203,0.0)
Object917,6.52830541266283e+26,(-3789.794002332771,-3729.614868158571,0.0),(0.0,0.0,0.0),(-3293492377281.0117,3346634464783.456,0.0)
Object918,5.338012734136408e+26,(-6223.637353122756,-219.9011265817452,0.0),(0.0,0.0,0.0),(-120871065035.53993,3420890501837.7656,0.0)
Object919,6.202319867014165e+26,(6736.069179005354,-6683.607717970127,0.0),(0.0,0.0,0.0),(-1038389571557.8842,-1046540174697.1442,0.0)
Object920,4.1453091148542475e+26,(5977.342322913827,-647.4582017040915,0.0),(0.0,0.0,0.0),(-395484089414.70557,-3651114125167.807,0.0)
Object921,4.224135679212869e+26,(-8938.66746292072,1453.6113884784536,0.0),(0.0,0.0,0.0),(259816462692.85098,1597684896948.0723,0.0)
Object922,7.738254147436349e+26,(1821.918791183943,-4910.549391151005,0.0),(0.0,0.0,0.0),(-4536943844907.493,-1683303147399.1145,0.0)
Object923,5.850837816113584e+26,(-1174.8838633768585,5745.676051136849,0.0),(0.0,0.0,0.0),(3781584418763.279,773263663328.7477,0.0)
Object924,2.4514521489793395e+26,(-6467.750270373549,1190.8104456556127,0.0),(0.0,0.0,0.0),(555784767113.7756,3018681177078.973,0.0)
Object925,5.502623208922903e+26,(6091.5310451450605,606.7802164529445,0.0),(0.0,0.0,0.0),(351124090164.02905,-3524972037545.6006,0.0)
Object926,1.7894188102086894e+26,(5488.354528829359,-984.6321301686852,0.0),(0.0,0.0,0.0),(-753965104933.7797,-4202613007899.401,0.0)
Object927,2.708858844643327e+26,(11788.585128424955,-3096.9054160160977,0.0),(0.0,0.0,0.0),(-227043336722.7373,-864256198770.4335,0.0)
Object928,9.965244753334548e+26,(6166.542200257145,-3397.1174385186205,0.0),(0.0,0.0,0.0),(-1292310048106.1257,-2345837196295.999,0.0)
Object929,9.06652035162283e+26,(-6417.604838433338,-876.4895737981378,0.0),(0.0,0.0,0.0),(-428182558668.7908,3135127379026.2583,0.0)
Object930,9.012603150823937e+26,(-720.0620596571559,5365.710213357349,0.0),(0.0,0.0,0.0),(4489094658744.39,602422907208.9375,0.0)
Object931,9.679572822864898e+26,(4244.765499191841,4254.313013578547,0.0),(0.0,0.0,0.0),(2601947891798.6396,-2596108609439.5093,0.0)
Object932,7.915665156134518e+26,(-21027.060804940596,18138.157340209244,0.0),(0.0,0.0,0.0),(112445541681.3269,130354985781.0676,0.0)
Object933,3.7688505600951134e+26,(-4667.382095948384,-3611.8405188801903,0.0),(0.0,0.0,0.0),(-2332607737810.2397,3014300198310.422,0.0)
Object934,3.267671267248046e+26,(3022.745498724437,4646.685593188702,0.0),(0.0,0.0,0.0),(3621329092638.1743,-2355734209824.202,0.0)
Object935,2.514707043372001e+26,(10464.67892622442,7498.578695435678,0.0),(0.0,0.0,0.0),(466536452605.516,-651077275066.5626,0.0)
Object936,7.382285241765106e+25,(709.6270419189023,-6694.875947896838,0.0),(0.0,0.0,0.0),(-2912575978186.6606,-308720085607.25336,0.0)
Object937,9.241932144003317e+26,(12110.009307205673,354.1715100955347,0.0),(0.0,0.0,0.0),(26440138991.060265,-904054448589.563,0.0)
Object938,6.37384389113414e+26,(944.1547770971118,-5990.74378843687,0.0),(0.0,0.0,0.0),(-3565298392303.8257,-561899094294.0377,0.0)
Object939,8.221266106837772e+26,(5961.306403183113,-3752.211084228471,0.0),(0.0,0.0,0.0),(-1425252150042.7478,-2264362152735.166,0.0)
Object940,2.4444656824185386e+26,(7109.095998728159,2893.1287635647072,0.0),(0.0,0.0,0.0),(849436520136.2477,-2087264778023.1125,0.0)
Object941,5.180666948289247e+26,(-14991.141977107185,3482.0838446499088,0.0),(0.0,0.0,0.0),(126807289091.81282,545933458043.5893,0.0)
Object942,1.5535843584217267e+26,(326.9408214166627,-7630.585975049711,0.0),(0.0,0.0,0.0),(-2273682998323.305,-97418440673.30348,0.0)
Object943,1.978932161514873e+25,(5526.2939033581015,9192.415593912376,0.0),(0.0,0.0,0.0),(988995738107.94,-594564188500.413,0.0)
Object944,4.749507119176173e+26,(-573.7737367686087,7447.884163132724,0.0),(0.0,0.0,0.0),(2372028198151.402,182737466529.202,0.0)
Object945,6.524045511242826e+26,(1751.6272843917527,7607.164497288361,0.0),(0.0,0.0,0.0),(2122951673988.19,-488831295409.5304,0.0)
Object946,3.523584067106354e+26,(1518.0932218639389,-7315.866516155016,0.0),(0.0,0.0,0.0),(-2328335514246.5254,-483145824844.8779,0.0)
Object947,8.639546655380501e+26,(9974.08179373214,-14423.9392896984,0.0),(0.0,0.0,0.0),(-355048939496.4482,-245514563822.7014,0.0)
Object948,6.656522769514766e+26,(9206.07157763408,2115.113405047729,0.0),(0.0,0.0,0.0),(333150892599.16486,-1450045636371.6282,0.0)
Object949,5.386246044316254e+26,(-7246.856292462671,2049.1153787131266,0.0),(0.0,0.0,0.0),(636870050850.534,2252340587276.101,0.0)
Object950,6.774716265381653e+26,(-11213.356855677353,-3857.9867700986824,0.0),(0.0,0.0,0.0),(-307124662765.48206,892667250562.0912,0.0)
Object951,4.1443453921719945e+26,(12292.333347733005,14309.443930568208,0.0),(0.0,0.0,0.0),(282970714610.6961,-243082146903.71814,0.0)
Object952,9.673550985967507e+26,(-5737.928773198432,236.84473999476305,0.0),(0.0,0.0,0.0),(166008304450.0983,4021806972429.138,0.0)
Object953,6.096291743190248e+26,(-1355.8830574263627,6562.31059396828,0.0),(0.0,0.0,0.0),(2895301791571.348,598217744971.7279,0.0)
Object954,6.5233545524475e+26,(5874.837913945989,6864.409849555674,0.0),(0.0,0.0,0.0),(1235487480695.6833,-1057379855351.5034,0.0)
Object955,5.436797102452748e+26,(-2555.781774162126,4568.950298305059,0.0),(0.0,0.0,0.0),(4227240055280.166,2364635722192.2646,0.0)
Object956,3.0260114884646e+26,(-4422.358486571319,-3243.419117768832,0.0),(0.0,0.0,0.0),(-2610305421607.3433,3559116449226.9956,0.0)
Object957,9.404218795528242e+26,(-4522.6295235801335,22643.932641791125,0.0),(0.0,0.0,0.0),(244148957103.81525,48763406030.94432,0.0)
Object958,1.330030047813986e+26,(6219.868053365209,-4732.254405657599,0.0),(0.0,0.0,0.0),(-1315980596711.5332,-1729667293996.026,0.0)
Object959,1.2422535643070827e+26,(2980.842538085445,-4923.900550366811,0.0),(0.0,0.0,0.0),(-3427783012120.2095,-2075119371184.9846,0.0)
Object960,2.8100030627919753e+26,(12228.3117547952,-10525.010486631134,0.0),(0.0,0.0,0.0),(-332684936443.82227,-386524566804.62994,0.0)
Object961,8.955309609174346e+26,(789.3252981775113,-5303.75003824173,0.0),(0.0,0.0,0.0),(-4566709275156.827,-679635943306.6631,0.0)
Object962,2.9047001422480023e+26,(4744.100677146736,-6577.158138465649,0.0),(0.0,0.0,0.0),(-1637124082816.073,-1180856732703.2236,0.0)
Object963,1.996197446460758e+26,(4858.5703540196155,-5062.739764376827,0.0),(0.0,0.0,0.0),(-1945307266310.7522,-1866857206459.581,0.0)
Object964,1.6549111538053215e+26,(-1293.9941547123299,7952.303433161195,0.0),(0.0,0.0,0.0),(2018507657130.7468,328450383152.81824,0.0)
Object965,5.650252430714348e+26,(-3858.739923948352,-6632.62148699723,0.0),(0.0,0.0,0.0),(-1948753743871.5886,1133749888812.8938,0.0)
Object966,5.917192588147495e+26,(29117.45459477622,-97847.25586717876,0.0),(0.0,0.0,0.0),(-12208662181.360785,-3633062200.6536603,0.0)
Object967,2.10667687014605e+26,(-603.0874939686416,-6168.741360455037,0.0),(0.0,0.0,0.0),(-3439144822058.2007,336228269420.80023,0.0)
Object968,5.625245009691967e+26,(6198.096991905791,236.48015599621118,0.0),(0.0,0.0,0.0),(131556554251.29749,-3448070641426.3447,0.0)
Object969,2.5322920155325928e+26,(26743.39849011397,-1201.532332134366,0.0),(0.0,0.0,0.0),(-8314048331.952397,-185051955457.99564,0.0)
Object970,1.6402540173628446e+26,(8433.37633442218,-10048.519573589714,0.0),(0.0,0.0,0.0),(-590869799407.1139,-495896668812.93713,0.0)
Object971,1.710351959961394e+26,(1316.1652938588525,-7602.38842979568,0.0),(0.0,0.0,0.0),(-2197364220716.565,-380419200094.9987,0.0)
Object972,4.743013483284737e+26,(5398.864633207802,-5406.432752666268,0.0),(0.0,0.0,0.0),(-1609110296061.5427,-1606857805463.8494,0.0)
Object973,4.1874853418458407e+24,(-6799.2306773029095,2752.130559111741,0.0),(0.0,0.0,0.0),(925743335519.4597,2287079900818.4224,0.0)
Object974,7.100734884133573e+26,(-2875.2400162182544,-9385.086644916018,0.0),(0.0,0.0,0.0),(-1317414590704.3208,403606625325.59406,0.0)
Object975,7.610075075491232e+26,(-11898.824182208942,31520.704487480358,0.0),(0.0,0.0,0.0),(109411784396.33623,41302109428.132996,0.0)
Object976,7.310830167767545e+26,(-19197.50101200455,4537.812393335297,0.0),(0.0,0.0,0.0),(78475715784.279,331996456133.60645,0.0)
Object977,7.612601795644955e+26,(2423.8338215694152,4573.701857514103,0.0),(0.0,0.0,0.0),(4377829652223.7266,-2320031324013.039,0.0)
Object978,6.251710019854653e+26,(6129.92735927771,733.0357496800734,0.0),(0.0,0.0,0.0),(413570890703.66315,-3458439126647.8926,0.0)
Object979,7.312628134371124e+26,(9464.338496327917,-6484.1509164015415,0.0),(0.0,0.0,0.0),(-570060703868.2134,-832066917384.1311,0.0)
Object980,6.779183391385027e+26,(5029.166937039144,-5231.650525329409,0.0),(0.0,0.0,0.0),(-1817291967702.1182,-1746956268325.824,0.0)
Object981,8.091642056538222e+26,(2359.9760739793405,6982.131453937807,0.0),(0.0,0.0,0.0),(2315224571017.6772,-782551091960.5023,0.0)
Object982,5.612252390865002e+26,(3312.583460260747,7461.0797783502185,0.0),(0.0,0.0,0.0),(1820667786681.865,-808343319728.6462,0.0)
Object983,1.704402919410342e+26,(23891.611224975815,8264.784555454513,0.0),(0.0,0.0,0.0),(67905157801.04161,-196298357140.1638,0.0)
Object984,3.420839090881661e+26,(2555.8137788747827,7711.9656977275745,0.0),(0.0,0.0,0.0),(1909081906788.963,-632686662987.8175,0.0)
Object985,5.91977289796747e+25,(4670.613286441205,21065.617304762338,0.0),(0.0,0.0,0.0),(278375117704.56494,-61720599237.86998,0.0)
Object986,9.247064999165069e+26,(-4203.491391796,11563.380127721544,0.0),(0.0,0.0,0.0),(824171941251.5466,299600949043.0289,0.0)
Object987,1.172034837662873e+26,(6205.535346310866,-2643.6141274165097,0.0),(0.0,0.0,0.0),(-1143560666717.3538,-2684357775353.686,0.0)
Object988,3.414688052433033e+26,(-5184.673679901754,544.486287590847,0.0),(0.0,0.0,0.0),(510173428783.371,4857941896208.076,0.0)
Object989,5.764695164811744e+25,(-30377.838691924997,6202.518975427083,0.0),(0.0,0.0,0.0),(27626814858.448544,135306788849.25769,0.0)
Object990,4.56567250366023e+26,(18821.146570728848,51764.44927308125,0.0),(0.0,0.0,0.0),(41123779570.73406,-14952282767.656666,0.0)
Object991,9.59774123504772e+25,(-10343.956270089051,17228.17541703251,0.0),(0.0,0.0,0.0),(281850160066.7361,169225449583.3368,0.0)
Object992,3.682745659010651e+26,(-11480.009333023323,-1420.0769161819942,0.0),(0.0,0.0,0.0),(-121795990300.8158,984608009217.8546,0.0)
Object993,2.3494027883671367e+26,(-5335.140846555637,-5628.288726517604,0.0),(0.0,0.0,0.0),(-1601979624429.4458,1518540953554.022,0.0)
Object994,5.753296715326419e+26,(4280.254103562115,-6726.444573466074,0.0),(0.0,0.0,0.0),(-1761945711228.4512,-1121183008106.3381,0.0)
Object995,7.706856404428564e+26,(-3749.4760945266225,4844.044058629138,0.0),(0.0,0.0,0.0),(2797669870681.4336,2165503899951.321,0.0)
Object996,8.70647855965988e+26,(9870.059236418985,-5368.392752716547,0.0),(0.0,0.0,0.0),(-502459574541.8191,-923797120120.188,0.0)
Object997,6.130398218849849e+26,(12746.928598291524,16445.622323112082,0.0),(0.0,0.0,0.0),(242351222029.87473,-187845352533.848,0.0)
Object998,6.870825064590672e+26,(-1078.365218473278,-7288.504770401271,0.0),(0.0,0.0,0.0),(-2419118294701.412,357918820190.9855,0.0)
Object999,9.943450651594024e+24,(4516.9559951426845,2705.588260317383,0.0),(0.0,0.0,0.0),(2460591627241.8486,-4107936253746.227,0.0)
