FRAME,NAME,MASS,VELOCITY,ACCELERATION,POSITION
0,Sun,1.989e+30,(0,0,0),(0,0,0),(0,0,0)
0,Mercury,3.285e+23,(0,47400,0),(0,0,0),(5.79e+10,0,0)
0,Venus,4.867e+24,(0,35020,0),(0,0,0),(1.082e+11,0,0)
0,Earth,5.972e+24,(0,29783,0),(0,0,0),(1.496e+11,0,0)
0,Mars,6.39e+23,(0,24070,0),(0,0,0),(2.279e+11,0,0)
1,Sun,1.989e+30,(0.00457211,0,0),(5.29179e-08,0,0),(395.03,0,0)
1,Mercury,3.285e+23,(-3421.33,47400,0),(-0.0395987,0,0),(5.76044e+10,4.09536e+09,0)
1,Venus,4.867e+24,(-979.695,35020,0),(-0.0113391,0,0),(1.08115e+11,3.02573e+09,0)
1,Earth,5.972e+24,(-512.513,29783,0),(-0.00593186,0,0),(1.49556e+11,2.57325e+09,0)
1,Mars,6.39e+23,(-220.841,24070,0),(-0.00255604,0,0),(2.27881e+11,2.07965e+09,0)
2,Sun,1.989e+30,(0.0091469,0.000134526,0),(5.2949e-08,1.55701e-09,0),(1185.32,11.6231,0)
2,Mercury,3.285e+23,(-6851.83,47156.1,0),(-0.0397048,-0.00282281,0),(5.70124e+10,8.16965e+09,0)
2,Venus,4.867e+24,(-1959.77,34992.6,0),(-0.0113435,-0.000317469,0),(1.07946e+11,6.04909e+09,0)
2,Earth,5.972e+24,(-1025.1,29774.2,0),(-0.00593274,-0.000102073,0),(1.49467e+11,5.14574e+09,0)
2,Mars,6.39e+23,(-441.692,24068,0),(-0.00255614,-2.3326e-05,0),(2.27843e+11,4.15912e+09,0)
3,Sun,1.989e+30,(0.0137192,0.000404142,0),(5.29205e-08,3.12056e-09,0),(2370.66,46.541,0)
3,Mercury,3.285e+23,(-10274.6,46665.6,0),(-0.0396149,-0.00567669,0),(5.61247e+10,1.22016e+10,0)
3,Venus,4.867e+24,(-2939.47,34937.7,0),(-0.011339,-0.000635435,0),(1.07692e+11,9.0677e+09,0)
3,Earth,5.972e+24,(-1537.61,29756.5,0),(-0.00593186,-0.000204207,0),(1.49334e+11,7.71671e+09,0)
3,Mars,6.39e+23,(-662.534,24064,0),(-0.00255604,-4.66561e-05,0),(2.27786e+11,6.23825e+09,0)
4,Sun,1.989e+30,(0.0182839,0.000809171,0),(5.28315e-08,4.68783e-09,0),(3950.39,116.453,0)
4,Mercury,3.285e+23,(-13672.1,45927,0),(-0.0393231,-0.00854892,0),(5.49434e+10,1.61697e+10,0)
4,Venus,4.867e+24,(-3918,34855.3,0),(-0.0113256,-0.000953647,0),(1.07354e+11,1.20792e+10,0)
4,Earth,5.972e+24,(-2049.9,29730.1,0),(-0.00592922,-0.000306371,0),(1.49157e+11,1.02854e+10,0)
4,Mars,6.39e+23,(-883.349,24057.9,0),(-0.00255573,-6.99883e-05,0),(2.27709e+11,8.31685e+09,0)
5,Sun,1.989e+30,(0.0228355,0.00134968,0),(5.26809e-08,6.25584e-09,0),(5923.38,233.065,0)
5,Mercury,3.285e+23,(-17026.4,44939.8,0),(-0.0388237,-0.0114257,0),(5.34723e+10,2.00525e+10,0)
5,Venus,4.867e+24,(-4894.6,34745.4,0),(-0.0113033,-0.00127185,0),(1.06931e+11,1.50812e+10,0)
5,Earth,5.972e+24,(-2561.8,29694.8,0),(-0.00592482,-0.000408535,0),(1.48936e+11,1.2851e+10,0)
5,Mars,6.39e+23,(-1104.12,24049.8,0),(-0.00255521,-9.33208e-05,0),(2.27614e+11,1.03948e+10,0)
6,Sun,1.989e+30,(0.0273687,0.00202545,0),(5.24679e-08,7.82144e-09,0),(8288.04,408.064,0)
6,Mercury,3.285e+23,(-20319.3,43705,0),(-0.0381122,-0.0142924,0),(5.17167e+10,2.38286e+10,0)
6,Venus,4.867e+24,(-5868.49,34608,0),(-0.0112719,-0.0015898,0),(1.06424e+11,1.80713e+10,0)
6,Earth,5.972e+24,(-3073.17,29650.6,0),(-0.00591866,-0.000510669,0),(1.4867e+11,1.54128e+10,0)
6,Mars,6.39e+23,(-1324.83,24039.8,0),(-0.00255447,-0.000116652,0),(2.27499e+11,1.24718e+10,0)
7,Sun,1.989e+30,(0.0318781,0.00283599,0),(5.21918e-08,9.3813e-09,0),(11042.3,653.094,0)
7,Mercury,3.285e+23,(-23532.1,42224.7,0),(-0.0371848,-0.0171331,0),(4.96836e+10,2.74768e+10,0)
7,Venus,4.867e+24,(-6838.9,34443.2,0),(-0.0112315,-0.00190722,0),(1.05833e+11,2.10472e+10,0)
7,Earth,5.972e+24,(-3583.86,29597.7,0),(-0.00591073,-0.000612742,0),(1.48361e+11,1.79701e+10,0)
7,Mars,6.39e+23,(-1545.45,24027.7,0),(-0.00255353,-0.000139979,0),(2.27366e+11,1.45478e+10,0)
8,Sun,1.989e+30,(0.0363581,0.00378051,0),(5.18522e-08,1.09319e-08,0),(14183.7,979.73,0)
8,Mercury,3.285e+23,(-26645.9,40502.6,0),(-0.0360391,-0.019931,0),(4.73814e+10,3.09762e+10,0)
8,Venus,4.867e+24,(-7805.03,34251.1,0),(-0.0111821,-0.00222387,0),(1.05158e+11,2.40065e+10,0)
8,Earth,5.972e+24,(-4093.71,29536,0),(-0.00590103,-0.000714724,0),(1.48007e+11,2.0522e+10,0)
8,Mars,6.39e+23,(-1765.97,24013.6,0),(-0.00255237,-0.000163301,0),(2.27213e+11,1.66226e+10,0)
9,Sun,1.989e+30,(0.0408033,0.00485789,0),(5.1449e-08,1.24697e-08,0),(17709.1,1399.45,0)
9,Mercury,3.285e+23,(-29641.7,38544.1,0),(-0.0346739,-0.0226686,0),(4.48203e+10,3.43064e+10,0)
9,Venus,4.867e+24,(-8766.12,34031.7,0),(-0.0111237,-0.00253949,0),(1.04401e+11,2.69469e+10,0)
9,Earth,5.972e+24,(-4602.57,29465.4,0),(-0.00588957,-0.000816583,0),(1.47609e+11,2.30678e+10,0)
9,Mars,6.39e+23,(-1986.38,23997.4,0),(-0.002551,-0.000186616,0),(2.27042e+11,1.86959e+10,0)
10,Sun,1.989e+30,(0.0452082,0.00606669,0),(5.0982e-08,1.39908e-08,0),(21615,1923.61,0)
10,Mercury,3.285e+23,(-32500.6,36355.8,0),(-0.0330893,-0.0253274,0),(4.20123e+10,3.74476e+10,0)
10,Venus,4.867e+24,(-9721.38,33785.1,0),(-0.0110563,-0.0028538,0),(1.03561e+11,2.98659e+10,0)
10,Earth,5.972e+24,(-5110.28,29386.1,0),(-0.00587634,-0.000918289,0),(1.47168e+11,2.56067e+10,0)
10,Mars,6.39e+23,(-2206.65,23979.3,0),(-0.00254942,-0.000209922,0),(2.26851e+11,2.07677e+10,0)
11,Sun,1.989e+30,(0.0495672,0.00740514,0),(5.04518e-08,1.54913e-08,0),(25897.7,2563.42,0)
11,Mercury,3.285e+23,(-35203.9,33946.2,0),(-0.0312875,-0.0278882,0),(3.89707e+10,4.03805e+10,0)
11,Venus,4.867e+24,(-10670,33511.5,0),(-0.0109798,-0.00316654,0),(1.02639e+11,3.27613e+10,0)
11,Earth,5.972e+24,(-5616.71,29297.9,0),(-0.00586135,-0.00101981,0),(1.46683e+11,2.81381e+10,0)
11,Mars,6.39e+23,(-2426.77,23959.2,0),(-0.00254763,-0.000233217,0),(2.26641e+11,2.28378e+10,0)
12,Sun,1.989e+30,(0.053875,0.00887112,0),(4.9859e-08,1.69673e-08,0),(30552.5,3329.88,0)
12,Mercury,3.285e+23,(-37733,31325.6,0),(-0.0292723,-0.0303314,0),(3.57105e+10,4.3087e+10,0)
12,Venus,4.867e+24,(-11611.3,33211.1,0),(-0.0108944,-0.00347746,0),(1.01636e+11,3.56307e+10,0)
12,Earth,5.972e+24,(-6121.68,29201.1,0),(-0.00584459,-0.00112112,0),(1.46154e+11,3.06611e+10,0)
12,Mars,6.39e+23,(-2646.71,23937,0),(-0.00254563,-0.0002565,0),(2.26413e+11,2.4906e+10,0)
13,Sun,1.989e+30,(0.0581263,0.0104621,0),(4.92047e-08,1.84147e-08,0),(35574.6,4233.81,0)
13,Mercury,3.285e+23,(-40070,28505.8,0),(-0.0270494,-0.032637,0),(3.22485e+10,4.55499e+10,0)
13,Venus,4.867e+24,(-12544.4,32883.9,0),(-0.0108001,-0.00378629,0),(1.00552e+11,3.84719e+10,0)
13,Earth,5.972e+24,(-6625.05,29095.5,0),(-0.00582607,-0.00122218,0),(1.45581e+11,3.31749e+10,0)
13,Mars,6.39e+23,(-2866.46,23912.8,0),(-0.00254342,-0.000279767,0),(2.26165e+11,2.6972e+10,0)
14,Sun,1.989e+30,(0.0623159,0.0121754,0),(4.84903e-08,1.98294e-08,0),(40958.7,5285.77,0)
14,Mercury,3.285e+23,(-42197.8,25500.3,0),(-0.024627,-0.034785,0),(2.86026e+10,4.77532e+10,0)
14,Venus,4.867e+24,(-13468.6,32530.3,0),(-0.0106968,-0.00409276,0),(9.93884e+10,4.12825e+10,0)
14,Earth,5.972e+24,(-7126.67,28981.2,0),(-0.0058058,-0.00132297,0),(1.44965e+11,3.56789e+10,0)
14,Mars,6.39e+23,(-3086,23886.6,0),(-0.002541,-0.000303019,0),(2.25898e+11,2.90358e+10,0)
15,Sun,1.989e+30,(0.0664387,0.0140077,0),(4.77175e-08,2.12075e-08,0),(46699,6496.04,0)
15,Mercury,3.285e+23,(-44099.9,22324.7,0),(-0.0220152,-0.0367555,0),(2.47923e+10,4.9682e+10,0)
15,Venus,4.867e+24,(-14383.2,32150.5,0),(-0.0105846,-0.0043966,0),(9.81457e+10,4.40603e+10,0)
15,Earth,5.972e+24,(-7626.39,28858.2,0),(-0.00578377,-0.00142345,0),(1.44307e+11,3.81722e+10,0)
15,Mars,6.39e+23,(-3305.32,23858.4,0),(-0.00253836,-0.000326251,0),(2.25613e+11,3.10972e+10,0)
16,Sun,1.989e+30,(0.0704899,0.0159556,0),(4.68887e-08,2.2545e-08,0),(52789.3,7874.6,0)
16,Mercury,3.285e+23,(-45761.1,18995.8,0),(-0.0192266,-0.038529,0),(2.08386e+10,5.13233e+10,0)
16,Venus,4.867e+24,(-15287.2,31744.6,0),(-0.0104637,-0.00469755,0),(9.68249e+10,4.68031e+10,0)
16,Earth,5.972e+24,(-8124.05,28726.6,0),(-0.00575998,-0.00152358,0),(1.43605e+11,4.06542e+10,0)
16,Mars,6.39e+23,(-3524.39,23828.3,0),(-0.00253552,-0.000349464,0),(2.25308e+11,3.3156e+10,0)
17,Sun,1.989e+30,(0.0744648,0.0180152,0),(4.60064e-08,2.3838e-08,0),(59223.1,9431.12,0)
17,Mercury,3.285e+23,(-47167.4,15532.2,0),(-0.0162763,-0.040087,0),(1.67633e+10,5.26652e+10,0)
17,Venus,4.867e+24,(-16180.1,31313,0),(-0.010334,-0.00499535,0),(9.54269e+10,4.95085e+10,0)
17,Earth,5.972e+24,(-8619.51,28586.3,0),(-0.00573445,-0.00162335,0),(1.4286e+11,4.31241e+10,0)
17,Mars,6.39e+23,(-3743.19,23796.1,0),(-0.00253246,-0.000372654,0),(2.24985e+11,3.5212e+10,0)
18,Sun,1.989e+30,(0.0783592,0.0201824,0),(4.50737e-08,2.50829e-08,0),(65993.3,11174.9,0)
18,Mercury,3.285e+23,(-48306.2,11954.3,0),(-0.0131813,-0.041412,0),(1.25897e+10,5.36981e+10,0)
18,Venus,4.867e+24,(-17061,30856,0),(-0.0101956,-0.00528972,0),(9.39529e+10,5.21745e+10,0)
18,Earth,5.972e+24,(-9112.61,28437.5,0),(-0.00570717,-0.00172272,0),(1.42073e+11,4.55811e+10,0)
18,Mars,6.39e+23,(-3961.71,23761.9,0),(-0.0025292,-0.00039582,0),(2.24643e+11,3.7265e+10,0)
19,Sun,1.989e+30,(0.0821689,0.0224527,0),(4.40941e-08,2.62764e-08,0),(73092.7,13114.8,0)
19,Mercury,3.285e+23,(-49166.9,8283.31,0),(-0.00996126,-0.0424878,0),(8.34164e+09,5.44138e+10,0)
19,Venus,4.867e+24,(-17929.2,30373.8,0),(-0.0100487,-0.00558042,0),(9.24038e+10,5.47988e+10,0)
19,Earth,5.972e+24,(-9603.2,28280.1,0),(-0.00567816,-0.00182166,0),(1.41243e+11,4.80245e+10,0)
19,Mars,6.39e+23,(-4179.94,23725.7,0),(-0.00252572,-0.000418961,0),(2.24281e+11,3.93149e+10,0)
20,Sun,1.989e+30,(0.0858903,0.0248214,0),(4.30713e-08,2.74154e-08,0),(80513.6,15259.3,0)
20,Mercury,3.285e+23,(-49740.4,4542.16,0),(-0.00663782,-0.0433003,0),(4.04407e+09,5.48062e+10,0)
20,Venus,4.867e+24,(-18784,29866.9,0),(-0.00989323,-0.00586716,0),(9.07809e+10,5.73792e+10,0)
20,Earth,5.972e+24,(-10091.1,28114.2,0),(-0.00564742,-0.00192014,0),(1.40371e+11,5.04535e+10,0)
20,Mars,6.39e+23,(-4397.84,23687.5,0),(-0.00252204,-0.000442073,0),(2.23901e+11,4.13615e+10,0)
21,Sun,1.989e+30,(0.0895199,0.0272835,0),(4.20095e-08,2.8497e-08,0),(88248.1,17616.6,0)
21,Mercury,3.285e+23,(-50019.9,754.614,0),(-0.00323456,-0.0438373,0),(-2.77646e+08,5.48714e+10,0)
21,Venus,4.867e+24,(-19624.6,29335.6,0),(-0.00972936,-0.0061497,0),(8.90853e+10,5.99138e+10,0)
21,Earth,5.972e+24,(-10576.3,27939.8,0),(-0.00561494,-0.00201812,0),(1.39457e+11,5.28675e+10,0)
21,Mars,6.39e+23,(-4615.41,23647.3,0),(-0.00251814,-0.000465156,0),(2.23503e+11,4.34046e+10,0)
22,Sun,1.989e+30,(0.0930548,0.0298339,0),(4.09132e-08,2.95191e-08,0),(96288.1,20194.3,0)
22,Mercury,3.285e+23,(-50000.6,-3054.69,0),(0.000223221,-0.0440892,0),(-4.5977e+09,5.46075e+10,0)
22,Venus,4.867e+24,(-20450.3,28780.2,0),(-0.00955719,-0.00642777,0),(8.73184e+10,6.24005e+10,0)
22,Earth,5.972e+24,(-11058.4,27757,0),(-0.00558076,-0.00211558,0),(1.38502e+11,5.52657e+10,0)
22,Mars,6.39e+23,(-4832.62,23605.1,0),(-0.00251404,-0.000488208,0),(2.23085e+11,4.54441e+10,0)
23,Sun,1.989e+30,(0.0964924,0.0324674,0),(3.9787e-08,3.04796e-08,0),(104625,22999.5,0)
23,Mercury,3.285e+23,(-49680.1,-6860.51,0),(0.00370885,-0.0440489,0),(-8.89006e+09,5.40147e+10,0)
23,Venus,4.867e+24,(-21260.5,28201.2,0),(-0.00937684,-0.00670111,0),(8.54815e+10,6.4837e+10,0)
23,Earth,5.972e+24,(-11537.5,27565.9,0),(-0.00554485,-0.00221248,0),(1.37505e+11,5.76474e+10,0)
23,Mars,6.39e+23,(-5049.46,23560.9,0),(-0.00250972,-0.000511225,0),(2.22649e+11,4.74797e+10,0)
24,Sun,1.989e+30,(0.0998305,0.0351784,0),(3.86359e-08,3.13773e-08,0),(113250,26038.9,0)
24,Mercury,3.285e+23,(-49058.5,-10637.3,0),(0.00719458,-0.0437123,0),(-1.31287e+10,5.30957e+10,0)
24,Venus,4.867e+24,(-22054.4,27599.1,0),(-0.00918843,-0.00696948,0),(8.3576e+10,6.72216e+10,0)
24,Earth,5.972e+24,(-12013.3,27366.4,0),(-0.00550725,-0.00230879,0),(1.36467e+11,6.00119e+10,0)
24,Mars,6.39e+23,(-5265.91,23514.8,0),(-0.0025052,-0.000534208,0),(2.22194e+11,4.95114e+10,0)
25,Sun,1.989e+30,(0.103068,0.0379614,0),(3.74649e-08,3.22113e-08,0),(122155,29318.8,0)
25,Mercury,3.285e+23,(-48138.2,-14359.3,0),(0.010652,-0.0430787,0),(-1.72879e+10,5.1855e+10,0)
25,Venus,4.867e+24,(-22831.3,26974.2,0),(-0.00899208,-0.00723263,0),(8.16034e+10,6.95522e+10,0)
25,Earth,5.972e+24,(-12485.8,27158.6,0),(-0.00546795,-0.00240449,0),(1.35388e+11,6.23584e+10,0)
25,Mars,6.39e+23,(-5481.95,23466.6,0),(-0.00250046,-0.000557153,0),(2.2172e+11,5.15389e+10,0)
26,Sun,1.989e+30,(0.106202,0.040811,0),(3.62791e-08,3.29812e-08,0),(131331,32844.8,0)
26,Mercury,3.285e+23,(-46924.1,-18001,0),(0.0140526,-0.0421503,0),(-2.13421e+10,5.02997e+10,0)
26,Venus,4.867e+24,(-23590.6,26327,0),(-0.00878796,-0.00749029,0),(7.95651e+10,7.18268e+10,0)
26,Earth,5.972e+24,(-12954.7,26942.7,0),(-0.00542697,-0.00249955,0),(1.34269e+11,6.46862e+10,0)
26,Mars,6.39e+23,(-5697.56,23416.5,0),(-0.00249552,-0.00058006,0),(2.21228e+11,5.35621e+10,0)
27,Sun,1.989e+30,(0.109233,0.0437216,0),(3.50837e-08,3.36873e-08,0),(140769,36622.4,0)
27,Mercury,3.285e+23,(-45423.5,-21537.6,0),(0.0173678,-0.0409326,0),(-2.52667e+10,4.84389e+10,0)
27,Venus,4.867e+24,(-24331.5,25658.1,0),(-0.00857619,-0.00774223,0),(7.74629e+10,7.40437e+10,0)
27,Earth,5.972e+24,(-13419.9,26718.6,0),(-0.00538431,-0.00259392,0),(1.33109e+11,6.69947e+10,0)
27,Mars,6.39e+23,(-5912.73,23364.4,0),(-0.00249037,-0.000602925,0),(2.20717e+11,5.55808e+10,0)
28,Sun,1.989e+30,(0.112161,0.0466877,0),(3.38835e-08,3.43303e-08,0),(150460,40656.2,0)
28,Mercury,3.285e+23,(-43646.2,-24944.8,0),(0.02057,-0.0394344,0),(-2.90377e+10,4.62837e+10,0)
28,Venus,4.867e+24,(-25053.6,24967.9,0),(-0.00835694,-0.00798821,0),(7.52983e+10,7.62009e+10,0)
28,Earth,5.972e+24,(-13881.3,26486.3,0),(-0.00533999,-0.00268759,0),(1.3191e+11,6.92831e+10,0)
28,Mars,6.39e+23,(-6127.44,23310.4,0),(-0.00248501,-0.000625748,0),(2.20188e+11,5.75948e+10,0)
29,Sun,1.989e+30,(0.114985,0.0497041,0),(3.26835e-08,3.49116e-08,0),(160394,44950.6,0)
29,Mercury,3.285e+23,(-41604.4,-28199.2,0),(0.0236324,-0.0376678,0),(-3.26323e+10,4.38473e+10,0)
29,Venus,4.867e+24,(-25756,24257,0),(-0.00813038,-0.008228,0),(7.30729e+10,7.82967e+10,0)
29,Earth,5.972e+24,(-14338.7,26246.1,0),(-0.00529402,-0.00278052,0),(1.30671e+11,7.15508e+10,0)
29,Mars,6.39e+23,(-6341.66,23254.3,0),(-0.00247944,-0.000648526,0),(2.1964e+11,5.9604e+10,0)
30,Sun,1.989e+30,(0.117705,0.0527655,0),(3.14883e-08,3.5433e-08,0),(170564,49509.6,0)
30,Mercury,3.285e+23,(-39312.2,-31279.2,0),(0.0265301,-0.0356476,0),(-3.60289e+10,4.11447e+10,0)
30,Venus,4.867e+24,(-26438.3,23525.9,0),(-0.00789668,-0.00846135,0),(7.07887e+10,8.03293e+10,0)
30,Earth,5.972e+24,(-14791.9,25997.9,0),(-0.0052464,-0.00287268,0),(1.29393e+11,7.3797e+10,0)
30,Mars,6.39e+23,(-6555.38,23196.3,0),(-0.00247367,-0.000671257,0),(2.19073e+11,6.16082e+10,0)
31,Sun,1.989e+30,(0.120323,0.055867,0),(3.03021e-08,3.58967e-08,0),(180960,54336.5,0)
31,Mercury,3.285e+23,(-36785.9,-34164.2,0),(0.0292398,-0.0333913,0),(-3.92072e+10,3.81929e+10,0)
31,Venus,4.867e+24,(-27099.8,22775.3,0),(-0.00765603,-0.00868804,0),(6.84472e+10,8.22971e+10,0)
31,Earth,5.972e+24,(-15241,25741.8,0),(-0.00519715,-0.00296404,0),(1.28076e+11,7.60211e+10,0)
31,Mars,6.39e+23,(-6768.59,23136.4,0),(-0.00246768,-0.00069394,0),(2.18489e+11,6.36071e+10,0)
32,Sun,1.989e+30,(0.12284,0.0590037,0),(2.91289e-08,3.63053e-08,0),(191573,59434.4,0)
32,Mercury,3.285e+23,(-34043.5,-36835.6,0),(0.0317406,-0.0309192,0),(-4.21486e+10,3.50103e+10,0)
32,Venus,4.867e+24,(-27739.9,22005.6,0),(-0.00740861,-0.00890786,0),(6.60505e+10,8.41984e+10,0)
32,Earth,5.972e+24,(-15685.6,25477.9,0),(-0.00514629,-0.00305458,0),(1.26721e+11,7.82224e+10,0)
32,Mars,6.39e+23,(-6981.26,23074.5,0),(-0.00246149,-0.000716572,0),(2.17885e+11,6.56008e+10,0)
33,Sun,1.989e+30,(0.125257,0.0621714,0),(2.79724e-08,3.66621e-08,0),(202396,64806,0)
33,Mercury,3.285e+23,(-31104.7,-39276.7,0),(0.034014,-0.0282532,0),(-4.4836e+10,3.16168e+10,0)
33,Venus,4.867e+24,(-28358.1,21217.6,0),(-0.00715462,-0.00912057,0),(6.36004e+10,8.60316e+10,0)
33,Earth,5.972e+24,(-16125.7,25206.2,0),(-0.00509382,-0.00314426,0),(1.25328e+11,8.04002e+10,0)
33,Mars,6.39e+23,(-7193.38,23010.6,0),(-0.0024551,-0.000739152,0),(2.17264e+11,6.75889e+10,0)
34,Sun,1.989e+30,(0.127575,0.0653656,0),(2.68355e-08,3.69701e-08,0),(213418,70453.6,0)
34,Mercury,3.285e+23,(-27990.4,-41472.8,0),(0.0360446,-0.0254172,0),(-4.72544e+10,2.80336e+10,0)
34,Venus,4.867e+24,(-28953.7,20411.9,0),(-0.00689427,-0.00932599,0),(6.10988e+10,8.77952e+10,0)
34,Earth,5.972e+24,(-16561.2,24926.9,0),(-0.00503977,-0.00323305,0),(1.23897e+11,8.25539e+10,0)
34,Mars,6.39e+23,(-7404.93,22944.8,0),(-0.00244849,-0.000761678,0),(2.16624e+11,6.95713e+10,0)
35,Sun,1.989e+30,(0.129798,0.0685825,0),(2.5721e-08,3.72331e-08,0),(224633,76379.1,0)
35,Mercury,3.285e+23,(-24722.8,-43411.3,0),(0.0378196,-0.0224362,0),(-4.93904e+10,2.42829e+10,0)
35,Venus,4.867e+24,(-29526.4,19589,0),(-0.00662778,-0.00952389,0),(5.85477e+10,8.94877e+10,0)
35,Earth,5.972e+24,(-16991.8,24640,0),(-0.00498413,-0.00332093,0),(1.22429e+11,8.46828e+10,0)
35,Mars,6.39e+23,(-7615.9,22877,0),(-0.00244168,-0.000784149,0),(2.15966e+11,7.15479e+10,0)
36,Sun,1.989e+30,(0.131926,0.0718186,0),(2.46311e-08,3.74547e-08,0),(236031,82584.2,0)
36,Mercury,3.285e+23,(-21324.7,-45081.9,0),(0.0393294,-0.0193362,0),(-5.12329e+10,2.03878e+10,0)
36,Venus,4.867e+24,(-30075.5,18749.7,0),(-0.00635536,-0.00971408,0),(5.59492e+10,9.11077e+10,0)
36,Earth,5.972e+24,(-17417.5,24345.5,0),(-0.00492694,-0.00340786,0),(1.20924e+11,8.67862e+10,0)
36,Mars,6.39e+23,(-7826.25,22807.3,0),(-0.00243467,-0.000806561,0),(2.1529e+11,7.35185e+10,0)
37,Sun,1.989e+30,(0.133962,0.0750706,0),(2.35674e-08,3.76388e-08,0),(247605,89070.3,0)
37,Mercury,3.285e+23,(-17819.7,-46476.7,0),(0.0405673,-0.0161433,0),(-5.27725e+10,1.63722e+10,0)
37,Venus,4.867e+24,(-30600.5,17894.7,0),(-0.00607724,-0.00989637,0),(5.33053e+10,9.26538e+10,0)
37,Earth,5.972e+24,(-17838.1,24043.7,0),(-0.0048682,-0.00349382,0),(1.19383e+11,8.88636e+10,0)
37,Mars,6.39e+23,(-8035.98,22735.7,0),(-0.00242745,-0.000828914,0),(2.14596e+11,7.54828e+10,0)
38,Sun,1.989e+30,(0.135909,0.0783356,0),(2.25313e-08,3.7789e-08,0),(259348,95838.5,0)
38,Mercury,3.285e+23,(-14231.6,-47589.9,0),(0.0415296,-0.012884,0),(-5.40021e+10,1.22604e+10,0)
38,Venus,4.867e+24,(-31101.1,17024.6,0),(-0.00579366,-0.0100706,0),(5.06182e+10,9.41247e+10,0)
38,Earth,5.972e+24,(-18253.5,23734.5,0),(-0.00480794,-0.00357878,0),(1.17806e+11,9.09143e+10,0)
38,Mars,6.39e+23,(-8245.07,22662.2,0),(-0.00242003,-0.000851205,0),(2.13883e+11,7.74408e+10,0)
39,Sun,1.989e+30,(0.137768,0.0816109,0),(2.15233e-08,3.79092e-08,0),(271251,102890,0)
39,Mercury,3.285e+23,(-10584.1,-48417.9,0),(0.0422157,-0.00958434,0),(-5.49166e+10,8.07712e+09,0)
39,Venus,4.867e+24,(-31576.7,16140.1,0),(-0.00550486,-0.0102365,0),(4.78899e+10,9.55192e+10,0)
39,Earth,5.972e+24,(-18663.6,23418,0),(-0.00474616,-0.00366271,0),(1.16193e+11,9.29376e+10,0)
39,Mars,6.39e+23,(-8453.51,22586.7,0),(-0.0024124,-0.000873433,0),(2.13153e+11,7.93923e+10,0)
40,Sun,1.989e+30,(0.139543,0.0848944,0),(2.0544e-08,3.80031e-08,0),(283308,110225,0)
40,Mercury,3.285e+23,(-6901.14,-48959.6,0),(0.0426273,-0.00626948,0),(-5.55129e+10,3.84701e+09,0)
40,Venus,4.867e+24,(-32027,15242.1,0),(-0.0052111,-0.0103941,0),(4.51228e+10,9.68361e+10,0)
40,Earth,5.972e+24,(-19068.2,23094.4,0),(-0.00468289,-0.00374558,0),(1.14546e+11,9.49329e+10,0)
40,Mars,6.39e+23,(-8661.26,22509.3,0),(-0.00240457,-0.000895595,0),(2.12404e+11,8.13371e+10,0)
41,Sun,1.989e+30,(0.141236,0.088184,0),(1.95933e-08,3.80743e-08,0),(295510,117844,0)
41,Mercury,3.285e+23,(-3205.91,-49215.7,0),(0.0427689,-0.00296374,0),(-5.57898e+10,-4.05226e+08,0)
41,Venus,4.867e+24,(-32451.4,14331.2,0),(-0.00491261,-0.010543,0),(4.2319e+10,9.80743e+10,0)
41,Earth,5.972e+24,(-19467.2,22763.7,0),(-0.00461814,-0.00382736,0),(1.12864e+11,9.68997e+10,0)
41,Mars,6.39e+23,(-8868.32,22430.1,0),(-0.00239653,-0.00091769,0),(2.11638e+11,8.32751e+10,0)
42,Sun,1.989e+30,(0.142849,0.0914781,0),(1.86706e-08,3.81259e-08,0),(307853,125747,0)
42,Mercury,3.285e+23,(478.82,-49188.9,0),(0.0426473,0.000309871,0),(-5.57485e+10,-4.65515e+09,0)
42,Venus,4.867e+24,(-32849.7,13408.1,0),(-0.00460967,-0.0106832,0),(3.94808e+10,9.92328e+10,0)
42,Earth,5.972e+24,(-19860.5,22426,0),(-0.00455193,-0.00390804,0),(1.11148e+11,9.88373e+10,0)
42,Mars,6.39e+23,(-9074.67,22348.9,0),(-0.0023883,-0.000939717,0),(2.10854e+11,8.5206e+10,0)
43,Sun,1.989e+30,(0.144385,0.0947752,0),(1.77754e-08,3.81612e-08,0),(320328,133936,0)
43,Mercury,3.285e+23,(4131.04,-48883.9,0),(0.0422711,0.00352984,0),(-5.53916e+10,-8.87872e+09,0)
43,Venus,4.867e+24,(-33221.4,12473.8,0),(-0.00430254,-0.0108145,0),(3.66104e+10,1.00311e+11,0)
43,Earth,5.972e+24,(-20247.9,22081.5,0),(-0.00448428,-0.00398757,0),(1.09398e+11,1.00745e+11,0)
43,Mars,6.39e+23,(-9280.29,22265.8,0),(-0.00237986,-0.000961672,0),(2.10052e+11,8.71298e+10,0)
44,Sun,1.989e+30,(0.145846,0.0980742,0),(1.69066e-08,3.81831e-08,0),(332929,142410,0)
44,Mercury,3.285e+23,(7729.66,-48307.1,0),(0.0416507,0.00667627,0),(-5.47237e+10,-1.30525e+10,0)
44,Venus,4.867e+24,(-33566.3,11528.8,0),(-0.00399149,-0.0109367,0),(3.37103e+10,1.01307e+11,0)
44,Earth,5.972e+24,(-20629.4,21730.2,0),(-0.00441521,-0.00406594,0),(1.07616e+11,1.02623e+11,0)
44,Mars,6.39e+23,(-9485.16,22180.8,0),(-0.00237122,-0.000983555,0),(2.09233e+11,8.90462e+10,0)
45,Sun,1.989e+30,(0.147234,0.101374,0),(1.60629e-08,3.81941e-08,0),(345650,151168,0)
45,Mercury,3.285e+23,(11254.6,-47466.4,0),(0.0407981,0.00973103,0),(-5.37513e+10,-1.71535e+10,0)
45,Venus,4.867e+24,(-33884,10574.1,0),(-0.0036768,-0.0110499,0),(3.07827e+10,1.0222e+11,0)
45,Earth,5.972e+24,(-21004.8,21372.3,0),(-0.00434475,-0.00414311,0),(1.05801e+11,1.04469e+11,0)
45,Mars,6.39e+23,(-9689.27,22093.9,0),(-0.00236238,-0.00100536,0),(2.08396e+11,9.09551e+10,0)
46,Sun,1.989e+30,(0.148551,0.104674,0),(1.52431e-08,3.81966e-08,0),(358484,160212,0)
46,Mercury,3.285e+23,(14687,-46371,0),(0.0397262,0.0126778,0),(-5.24824e+10,-2.116e+10,0)
46,Venus,4.867e+24,(-34174.2,9610.44,0),(-0.00335874,-0.0111537,0),(2.78301e+10,1.03051e+11,0)
46,Earth,5.972e+24,(-21373.9,21007.7,0),(-0.0042729,-0.00421906,0),(1.03954e+11,1.06284e+11,0)
46,Mars,6.39e+23,(-9892.6,22005.2,0),(-0.00235333,-0.0010271,0),(2.07541e+11,9.28564e+10,0)
47,Sun,1.989e+30,(0.149799,0.107974,0),(1.44454e-08,3.81926e-08,0),(371427,169541,0)
47,Mercury,3.285e+23,(18009,-45031.6,0),(0.0384492,0.0155021,0),(-5.09264e+10,-2.50507e+10,0)
47,Venus,4.867e+24,(-34436.6,8638.6,0),(-0.00303761,-0.0112482,0),(2.48548e+10,1.03797e+11,0)
47,Earth,5.972e+24,(-21736.8,20636.8,0),(-0.00419969,-0.00429377,0),(1.02076e+11,1.08067e+11,0)
47,Mars,6.39e+23,(-10095.1,21914.6,0),(-0.00234409,-0.00104875,0),(2.06669e+11,9.47498e+10,0)
48,Sun,1.989e+30,(0.15098,0.111273,0),(1.36684e-08,3.81839e-08,0),(384472,179155,0)
48,Mercury,3.285e+23,(21204.2,-43459.9,0),(0.0369815,0.0181912,0),(-4.90943e+10,-2.88057e+10,0)
48,Venus,4.867e+24,(-34671.1,7659.41,0),(-0.0027137,-0.0113332,0),(2.18592e+10,1.04459e+11,0)
48,Earth,5.972e+24,(-22093.2,20259.4,0),(-0.00412515,-0.00436721,0),(1.00168e+11,1.09818e+11,0)
48,Mars,6.39e+23,(-10296.8,21822.1,0),(-0.00233465,-0.00107032,0),(2.05779e+11,9.66352e+10,0)
49,Sun,1.989e+30,(0.152095,0.114571,0),(1.29102e-08,3.8172e-08,0),(397613,189054,0)
49,Mercury,3.285e+23,(24257.4,-41668.4,0),(0.0353382,0.0207343,0),(-4.69985e+10,-3.24058e+10,0)
49,Venus,4.867e+24,(-34877.3,6673.71,0),(-0.00238729,-0.0114086,0),(1.88458e+10,1.05035e+11,0)
49,Earth,5.972e+24,(-22443.1,19875.9,0),(-0.00404929,-0.00443936,0),(9.82285e+10,1.11535e+11,0)
49,Mars,6.39e+23,(-10497.7,21727.8,0),(-0.00232501,-0.00109181,0),(2.04872e+11,9.85125e+10,0)
50,Sun,1.989e+30,(0.153147,0.117868,0),(1.21692e-08,3.81581e-08,0),(410845,199238,0)
50,Mercury,3.285e+23,(27154.8,-39670.7,0),(0.0335346,0.0231223,0),(-4.46523e+10,-3.58334e+10,0)
50,Venus,4.867e+24,(-35055.2,5682.32,0),(-0.00205868,-0.0114744,0),(1.5817e+10,1.05526e+11,0)
50,Earth,5.972e+24,(-22786.3,19486.2,0),(-0.00397214,-0.00451018,0),(9.62597e+10,1.13219e+11,0)
50,Mars,6.39e+23,(-10697.8,21631.6,0),(-0.00231517,-0.00111322,0),(2.03948e+11,1.00381e+11,0)
51,Sun,1.989e+30,(0.154135,0.121164,0),(1.14436e-08,3.81433e-08,0),(424162,209707,0)
51,Mercury,3.285e+23,(29883.8,-37480.7,0),(0.0315859,0.0253475,0),(-4.20704e+10,-3.90717e+10,0)
51,Venus,4.867e+24,(-35204.5,4686.08,0),(-0.00172817,-0.0115305,0),(1.27753e+10,1.05931e+11,0)
51,Earth,5.972e+24,(-23122.7,19090.5,0),(-0.00389371,-0.00457966,0),(9.42619e+10,1.14868e+11,0)
51,Mars,6.39e+23,(-10896.9,21533.6,0),(-0.00230514,-0.00113455,0),(2.03006e+11,1.02242e+11,0)
52,Sun,1.989e+30,(0.155063,0.124458,0),(1.07317e-08,3.81283e-08,0),(437559,220460,0)
52,Mercury,3.285e+23,(32433.2,-35113,0),(0.0295073,0.0274039,0),(-3.92681e+10,-4.21055e+10,0)
52,Venus,4.867e+24,(-35325.2,3685.85,0),(-0.00139607,-0.0115768,0),(9.72325e+09,1.0625e+11,0)
52,Earth,5.972e+24,(-23452.2,18688.9,0),(-0.00381404,-0.00464778,0),(9.22357e+10,1.16483e+11,0)
52,Mars,6.39e+23,(-11095.2,21433.7,0),(-0.00229491,-0.00115578,0),(2.02048e+11,1.04094e+11,0)
53,Sun,1.989e+30,(0.155929,0.127751,0),(1.0032e-08,3.81137e-08,0),(451032,231497,0)
53,Mercury,3.285e+23,(34793.1,-32582.6,0),(0.0273136,0.0292869,0),(-3.6262e+10,-4.49206e+10,0)
53,Venus,4.867e+24,(-35417,2682.46,0),(-0.00106267,-0.0116133,0),(6.66323e+09,1.06481e+11,0)
53,Earth,5.972e+24,(-23774.7,18281.6,0),(-0.00373315,-0.0047145,0),(9.01815e+10,1.18062e+11,0)
53,Mars,6.39e+23,(-11292.6,21332,0),(-0.00228448,-0.00117693,0),(2.01072e+11,1.05937e+11,0)
54,Sun,1.989e+30,(0.156737,0.131043,0),(9.34282e-09,3.80999e-08,0),(464574,242820,0)
54,Mercury,3.285e+23,(36954.8,-29904.8,0),(0.0250193,0.0309931,0),(-3.30691e+10,-4.75044e+10,0)
54,Venus,4.867e+24,(-35479.9,1676.77,0),(-0.00072828,-0.0116399,0),(3.59776e+09,1.06626e+11,0)
54,Earth,5.972e+24,(-24090.2,17868.6,0),(-0.00365107,-0.00477981,0),(8.81001e+10,1.19606e+11,0)
54,Mars,6.39e+23,(-11489,21228.5,0),(-0.00227386,-0.00119798,0),(2.00079e+11,1.07771e+11,0)
55,Sun,1.989e+30,(0.157485,0.134334,0),(8.66267e-09,3.80871e-08,0),(478180,254426,0)
55,Mercury,3.285e+23,(38910.7,-27095,0),(0.0226385,0.0325202,0),(-2.97072e+10,-4.98454e+10,0)
55,Venus,4.867e+24,(-35513.9,669.638,0),(-0.000393211,-0.0116566,0),(5.29366e+08,1.06684e+11,0)
55,Earth,5.972e+24,(-24398.5,17450.1,0),(-0.00356781,-0.00484368,0),(8.59921e+10,1.21114e+11,0)
55,Mars,6.39e+23,(-11684.6,21123.2,0),(-0.00226304,-0.00121894,0),(1.9907e+11,1.09596e+11,0)
56,Sun,1.989e+30,(0.158175,0.137623,0),(7.99016e-09,3.80755e-08,0),(491847,266317,0)
56,Mercury,3.285e+23,(40654.7,-24168.9,0),(0.0201846,0.033867,0),(-2.61947e+10,-5.19336e+10,0)
56,Venus,4.867e+24,(-35518.9,-338.084,0),(-5.77687e-05,-0.0116634,0),(-2.53946e+09,1.06655e+11,0)
56,Earth,5.972e+24,(-24699.4,17026.2,0),(-0.0034834,-0.00490609,0),(8.38581e+10,1.22585e+11,0)
56,Mars,6.39e+23,(-11879.1,21016.1,0),(-0.00225203,-0.00123981,0),(1.98043e+11,1.11412e+11,0)
57,Sun,1.989e+30,(0.158808,0.140912,0),(7.324e-09,3.80649e-08,0),(505568,278491,0)
57,Mercury,3.285e+23,(42181.4,-21142,0),(0.0176705,0.0350331,0),(-2.25502e+10,-5.37602e+10,0)
57,Venus,4.867e+24,(-35494.9,-1345.54,0),(0.00027774,-0.0116603,0),(-5.60622e+09,1.06539e+11,0)
57,Earth,5.972e+24,(-24993,16597.1,0),(-0.00339787,-0.00496702,0),(8.16987e+10,1.24019e+11,0)
57,Mars,6.39e+23,(-12072.7,20907.2,0),(-0.00224083,-0.00126058,0),(1.97e+11,1.13218e+11,0)
58,Sun,1.989e+30,(0.159384,0.1442,0),(6.66297e-09,3.80553e-08,0),(519339,290950,0)
58,Mercury,3.285e+23,(43486.8,-18030,0),(0.0151087,0.0360188,0),(-1.87929e+10,-5.5318e+10,0)
58,Venus,4.867e+24,(-35441.9,-2351.87,0),(0.000613007,-0.0116473,0),(-8.6684e+09,1.06335e+11,0)
58,Earth,5.972e+24,(-25279.1,16162.8,0),(-0.00331124,-0.00502645,0),(7.95146e+10,1.25415e+11,0)
58,Mars,6.39e+23,(-12265.4,20796.5,0),(-0.00222944,-0.00128126,0),(1.95941e+11,1.15015e+11,0)
59,Sun,1.989e+30,(0.159903,0.147487,0),(6.00597e-09,3.80466e-08,0),(533154,303693,0)
59,Mercury,3.285e+23,(44567.7,-14848.3,0),(0.0125108,0.0368253,0),(-1.49423e+10,-5.66009e+10,0)
59,Venus,4.867e+24,(-35360,-3356.22,0),(0.000947724,-0.0116244,0),(-1.17235e+10,1.06045e+11,0)
59,Earth,5.972e+24,(-25557.6,15723.5,0),(-0.00322355,-0.00508436,0),(7.73064e+10,1.26774e+11,0)
59,Mars,6.39e+23,(-12457,20684,0),(-0.00221785,-0.00130183,0),(1.94864e+11,1.16802e+11,0)
60,Sun,1.989e+30,(0.160365,0.150774,0),(5.35201e-09,3.80383e-08,0),(547010,316720,0)
60,Mercury,3.285e+23,(45422,-11612.3,0),(0.00988792,0.037454,0),(-1.10178e+10,-5.76042e+10,0)
60,Venus,4.867e+24,(-35249.3,-4357.73,0),(0.00128158,-0.0115916,0),(-1.4769e+10,1.05669e+11,0)
60,Earth,5.972e+24,(-25828.5,15279.4,0),(-0.00313481,-0.00514072,0),(7.50748e+10,1.28094e+11,0)
60,Mars,6.39e+23,(-12647.6,20569.7,0),(-0.00220607,-0.0013223,0),(1.93772e+11,1.18579e+11,0)
61,Sun,1.989e+30,(0.160771,0.15406,0),(4.70016e-09,3.80302e-08,0),(560900,330031,0)
61,Mercury,3.285e+23,(46048.5,-8337.12,0),(0.0072507,0.037907,0),(-7.03923e+09,-5.83246e+10,0)
61,Venus,4.867e+24,(-35109.8,-5355.57,0),(0.00161428,-0.011549,0),(-1.78025e+10,1.05206e+11,0)
61,Earth,5.972e+24,(-26091.5,14830.5,0),(-0.00304507,-0.00519552,0),(7.28205e+10,1.29375e+11,0)
61,Mars,6.39e+23,(-12837.2,20453.7,0),(-0.00219411,-0.00134267,0),(1.92662e+11,1.20347e+11,0)
62,Sun,1.989e+30,(0.161121,0.157345,0),(4.0496e-09,3.8022e-08,0),(574821,343625,0)
62,Mercury,3.285e+23,(46446.7,-5037.8,0),(0.00460911,0.0381866,0),(-3.02624e+09,-5.87598e+10,0)
62,Venus,4.867e+24,(-34941.7,-6348.87,0),(0.00194551,-0.0114965,0),(-2.08215e+10,1.04658e+11,0)
62,Earth,5.972e+24,(-26346.8,14377,0),(-0.00295433,-0.00524874,0),(7.05441e+10,1.30618e+11,0)
62,Mars,6.39e+23,(-13025.7,20336,0),(-0.00218195,-0.00136293,0),(1.91537e+11,1.22104e+11,0)
63,Sun,1.989e+30,(0.161415,0.160629,0),(3.39959e-09,3.80133e-08,0),(588767,357504,0)
63,Mercury,3.285e+23,(46617.2,-1729.06,0),(0.00197265,0.0382956,0),(1.00149e+09,-5.89092e+10,0)
63,Venus,4.867e+24,(-34745.2,-7336.8,0),(0.00227497,-0.0114344,0),(-2.38235e+10,1.04024e+11,0)
63,Earth,5.972e+24,(-26594.1,13919,0),(-0.00286264,-0.00530037,0),(6.82464e+10,1.3182e+11,0)
63,Mars,6.39e+23,(-13213.1,20216.5,0),(-0.00216961,-0.00138309,0),(1.90395e+11,1.2385e+11,0)
64,Sun,1.989e+30,(0.161652,0.163913,0),(2.74947e-09,3.80038e-08,0),(602734,371666,0)
64,Mercury,3.285e+23,(46561,1574.59,0),(-0.000649657,0.0382368,0),(5.02436e+09,-5.87732e+10,0)
64,Venus,4.867e+24,(-34520.3,-8318.52,0),(0.00260235,-0.0113625,0),(-2.6806e+10,1.03305e+11,0)
64,Earth,5.972e+24,(-26833.5,13456.8,0),(-0.00277002,-0.00535037,0),(6.5928e+10,1.32983e+11,0)
64,Mars,6.39e+23,(-13399.5,20095.2,0),(-0.00215708,-0.00140314,0),(1.89238e+11,1.25587e+11,0)
65,Sun,1.989e+30,(0.161834,0.167195,0),(2.09864e-09,3.79929e-08,0),(616717,386112,0)
65,Mercury,3.285e+23,(46280.3,4858.94,0),(-0.00324924,0.0380132,0),(9.02298e+09,-5.83534e+10,0)
65,Venus,4.867e+24,(-34267.4,-9293.2,0),(0.00292737,-0.011281,0),(-2.97667e+10,1.02502e+11,0)
65,Earth,5.972e+24,(-27064.7,12990.3,0),(-0.0026765,-0.00539873,0),(6.35896e+10,1.34105e+11,0)
65,Mars,6.39e+23,(-13584.8,19972.3,0),(-0.00214437,-0.00142307,0),(1.88064e+11,1.27312e+11,0)
66,Sun,1.989e+30,(0.161959,0.170477,0),(1.44654e-09,3.79805e-08,0),(630710,400841,0)
66,Mercury,3.285e+23,(45777.6,8110.01,0),(-0.00581788,0.0376282,0),(1.29782e+10,-5.76526e+10,0)
66,Venus,4.867e+24,(-33986.6,-10260,0),(0.00324972,-0.01119,0),(-3.27032e+10,1.01616e+11,0)
66,Earth,5.972e+24,(-27287.8,12519.8,0),(-0.00258211,-0.00544545,0),(6.12319e+10,1.35187e+11,0)
66,Mars,6.39e+23,(-13768.9,19847.6,0),(-0.00213146,-0.0014429,0),(1.86874e+11,1.29027e+11,0)
67,Sun,1.989e+30,(0.162027,0.173757,0),(7.92682e-10,3.79661e-08,0),(644709,415853,0)
67,Mercury,3.285e+23,(45056.4,11314.2,0),(-0.00834771,0.0370849,0),(1.6871e+10,-5.66751e+10,0)
67,Venus,4.867e+24,(-33678.2,-11218.2,0),(0.00356912,-0.0110896,0),(-3.5613e+10,1.00646e+11,0)
67,Earth,5.972e+24,(-27502.7,12045.4,0),(-0.00248688,-0.00549049,0),(5.88557e+10,1.36228e+11,0)
67,Mars,6.39e+23,(-13952,19721.3,0),(-0.00211838,-0.00146261,0),(1.85669e+11,1.30731e+11,0)
68,Sun,1.989e+30,(0.162039,0.177036,0),(1.36607e-10,3.79493e-08,0),(658709,431149,0)
68,Mercury,3.285e+23,(44120.6,14458,0),(-0.0108311,0.0363868,0),(2.06831e+10,-5.54259e+10,0)
68,Venus,4.867e+24,(-33342.6,-12166.8,0),(0.00388527,-0.0109799,0),(-3.84938e+10,9.95952e+10,0)
68,Earth,5.972e+24,(-27709.2,11567.3,0),(-0.00239084,-0.00553385,0),(5.64616e+10,1.37227e+11,0)
68,Mars,6.39e+23,(-14133.9,19593.2,0),(-0.00210511,-0.0014822,0),(1.84448e+11,1.32424e+11,0)
69,Sun,1.989e+30,(0.161994,0.180313,0),(-5.22117e-10,3.79298e-08,0),(672706,446728,0)
69,Mercury,3.285e+23,(42974.9,17528.4,0),(-0.0132608,0.0355373,0),(2.43961e+10,-5.39115e+10,0)
69,Venus,4.867e+24,(-32979.9,-13105.2,0),(0.00419789,-0.0108609,0),(-4.13432e+10,9.84629e+10,0)
69,Earth,5.972e+24,(-27907.4,11085.6,0),(-0.00229402,-0.0055755,0),(5.40504e+10,1.38185e+11,0)
69,Mars,6.39e+23,(-14314.6,19463.4,0),(-0.00209166,-0.00150168,0),(1.83211e+11,1.34105e+11,0)
70,Sun,1.989e+30,(0.161892,0.183588,0),(-1.1839e-09,3.79074e-08,0),(686693,462590,0)
70,Mercury,3.285e+23,(41624.5,20512.6,0),(-0.0156294,0.0345398,0),(2.79924e+10,-5.21392e+10,0)
70,Venus,4.867e+24,(-32590.5,-14032.5,0),(0.00450671,-0.0107328,0),(-4.4159e+10,9.72505e+10,0)
70,Earth,5.972e+24,(-28097.2,10600.4,0),(-0.00219646,-0.00561544,0),(5.16228e+10,1.39101e+11,0)
70,Mars,6.39e+23,(-14494.1,19332,0),(-0.00207803,-0.00152104,0),(1.81959e+11,1.35776e+11,0)
71,Sun,1.989e+30,(0.161732,0.186861,0),(-1.84915e-09,3.78816e-08,0),(700667,478735,0)
71,Mercury,3.285e+23,(40075.3,23398.2,0),(-0.01793,0.0333979,0),(3.1455e+10,-5.01176e+10,0)
71,Venus,4.867e+24,(-32174.8,-14948,0),(0.00481145,-0.0105958,0),(-4.69389e+10,9.5959e+10,0)
71,Earth,5.972e+24,(-28278.5,10111.9,0),(-0.00209817,-0.00565365,0),(4.91796e+10,1.39974e+11,0)
71,Mars,6.39e+23,(-14672.5,19198.9,0),(-0.00206422,-0.00154028,0),(1.80691e+11,1.37435e+11,0)
72,Sun,1.989e+30,(0.161514,0.190132,0),(-2.51826e-09,3.78523e-08,0),(714621,495163,0)
72,Mercury,3.285e+23,(38333.9,26173,0),(-0.0201556,0.0321153,0),(3.4767e+10,-4.78562e+10,0)
72,Venus,4.867e+24,(-31733.1,-15850.9,0),(0.00511183,-0.01045,0),(-4.96807e+10,9.45895e+10,0)
72,Earth,5.972e+24,(-28451.2,9620.32,0),(-0.0019992,-0.00569012,0),(4.67214e+10,1.40806e+11,0)
72,Mars,6.39e+23,(-14849.6,19064.2,0),(-0.00205023,-0.00155939,0),(1.79408e+11,1.39082e+11,0)
73,Sun,1.989e+30,(0.161239,0.193399,0),(-3.19164e-09,3.78191e-08,0),(728552,511872,0)
73,Mercury,3.285e+23,(36407.2,28825.1,0),(-0.0222992,0.0306955,0),(3.79126e+10,-4.53658e+10,0)
73,Venus,4.867e+24,(-31265.9,-16740.4,0),(0.00540761,-0.0102955,0),(-5.23821e+10,9.31431e+10,0)
73,Earth,5.972e+24,(-28615.4,9125.69,0),(-0.00189958,-0.00572483,0),(4.4249e+10,1.41594e+11,0)
73,Mars,6.39e+23,(-15025.5,18927.8,0),(-0.00203606,-0.00157838,0),(1.7811e+11,1.40717e+11,0)
74,Sun,1.989e+30,(0.160904,0.196664,0),(-3.86971e-09,3.77817e-08,0),(742455,528864,0)
74,Mercury,3.285e+23,(34303,31343,0),(-0.0243539,0.0291425,0),(4.08764e+10,-4.26577e+10,0)
74,Venus,4.867e+24,(-30773.5,-17615.9,0),(0.0056985,-0.0101325,0),(-5.50409e+10,9.16211e+10,0)
74,Earth,5.972e+24,(-28770.8,8628.22,0),(-0.00179933,-0.00575777,0),(4.17632e+10,1.42339e+11,0)
74,Mars,6.39e+23,(-15200.2,18789.8,0),(-0.00202171,-0.00159725,0),(1.76796e+11,1.4234e+11,0)
75,Sun,1.989e+30,(0.160511,0.199924,0),(-4.55291e-09,3.77398e-08,0),(756323,546137,0)
75,Mercury,3.285e+23,(32029.6,33715.5,0),(-0.0263127,0.0274602,0),(4.36437e+10,-3.97447e+10,0)
75,Venus,4.867e+24,(-30256.5,-18476.5,0),(0.00598428,-0.00996118,0),(-5.76551e+10,9.00247e+10,0)
75,Earth,5.972e+24,(-28917.6,8128.06,0),(-0.0016985,-0.00578893,0),(3.92647e+10,1.43042e+11,0)
75,Mars,6.39e+23,(-15373.6,18650.2,0),(-0.00200719,-0.00161598,0),(1.75468e+11,1.43952e+11,0)
76,Sun,1.989e+30,(0.160058,0.203181,0),(-5.2417e-09,3.76932e-08,0),(770152,563692,0)
76,Mercury,3.285e+23,(29595.9,35931.9,0),(-0.0281685,0.0256528,0),(4.62008e+10,-3.66402e+10,0)
76,Venus,4.867e+24,(-29715.2,-19321.6,0),(0.00626468,-0.00978166,0),(-6.02225e+10,8.83553e+10,0)
76,Earth,5.972e+24,(-29055.6,7625.35,0),(-0.00159711,-0.0058183,0),(3.67543e+10,1.43701e+11,0)
76,Mars,6.39e+23,(-15545.8,18509,0),(-0.00199249,-0.00163459,0),(1.74125e+11,1.45551e+11,0)
77,Sun,1.989e+30,(0.159545,0.206433,0),(-5.93657e-09,3.76415e-08,0),(783936,581528,0)
77,Mercury,3.285e+23,(27011.3,37981.8,0),(-0.0299143,0.0237247,0),(4.85346e+10,-3.33586e+10,0)
77,Venus,4.867e+24,(-29150.2,-20150.6,0),(0.00653948,-0.00959415,0),(-6.2741e+10,8.66143e+10,0)
77,Earth,5.972e+24,(-29184.7,7120.27,0),(-0.00149519,-0.00584587,0),(3.42328e+10,1.44316e+11,0)
77,Mars,6.39e+23,(-15716.6,18366.2,0),(-0.00197762,-0.00165307,0),(1.72767e+11,1.47138e+11,0)
78,Sun,1.989e+30,(0.158972,0.209681,0),(-6.63806e-09,3.75844e-08,0),(797672,599644,0)
78,Mercury,3.285e+23,(24286,39855,0),(-0.0315427,0.0216805,0),(5.06329e+10,-2.99151e+10,0)
78,Venus,4.867e+24,(-28562,-20962.6,0),(0.00680843,-0.00939884,0),(-6.52088e+10,8.48032e+10,0)
78,Earth,5.972e+24,(-29305.1,6612.96,0),(-0.00139278,-0.00587162,0),(3.17008e+10,1.44887e+11,0)
78,Mars,6.39e+23,(-15886.2,18221.8,0),(-0.00196257,-0.00167141,0),(1.71395e+11,1.48712e+11,0)
79,Sun,1.989e+30,(0.158337,0.212922,0),(-7.34672e-09,3.75216e-08,0),(811352,618041,0)
79,Mercury,3.285e+23,(21430.8,41541.9,0),(-0.0330464,0.0195253,0),(5.24845e+10,-2.63259e+10,0)
79,Venus,4.867e+24,(-27951,-21757.2,0),(0.00707132,-0.00919592,0),(-6.76238e+10,8.29233e+10,0)
79,Earth,5.972e+24,(-29416.5,6103.59,0),(-0.00128991,-0.00589555,0),(2.91592e+10,1.45414e+11,0)
79,Mars,6.39e+23,(-16054.5,18075.8,0),(-0.00194735,-0.00168962,0),(1.70007e+11,1.50274e+11,0)
80,Sun,1.989e+30,(0.15764,0.216158,0),(-8.06316e-09,3.74525e-08,0),(824972,636717,0)
80,Mercury,3.285e+23,(18457.1,43033.6,0),(-0.034418,0.0172645,0),(5.40792e+10,-2.26078e+10,0)
80,Venus,4.867e+24,(-27317.9,-22533.5,0),(0.00732792,-0.0089856,0),(-6.9984e+10,8.09764e+10,0)
80,Earth,5.972e+24,(-29519.1,5592.3,0),(-0.00118662,-0.00591765,0),(2.66088e+10,1.45898e+11,0)
80,Mars,6.39e+23,(-16221.4,17928.2,0),(-0.00193197,-0.0017077,0),(1.68606e+11,1.51823e+11,0)
81,Sun,1.989e+30,(0.156881,0.219388,0),(-8.78799e-09,3.73767e-08,0),(838526,655672,0)
81,Mercury,3.285e+23,(15376.9,44321.3,0),(-0.0356499,0.0149041,0),(5.54078e+10,-1.87784e+10,0)
81,Venus,4.867e+24,(-26663.1,-23291.1,0),(0.00757802,-0.00876808,0),(-7.22877e+10,7.89641e+10,0)
81,Earth,5.972e+24,(-29612.6,5079.27,0),(-0.00108294,-0.00593791,0),(2.40502e+10,1.46337e+11,0)
81,Mars,6.39e+23,(-16387,17779.1,0),(-0.00191641,-0.00172563,0),(1.6719e+11,1.53359e+11,0)
82,Sun,1.989e+30,(0.156058,0.22261,0),(-9.52189e-09,3.72936e-08,0),(852010,674906,0)
82,Mercury,3.285e+23,(12203.1,45397,0),(-0.0367345,0.0124504,0),(5.64621e+10,-1.48561e+10,0)
82,Venus,4.867e+24,(-25987.4,-24029.2,0),(0.00782142,-0.00854358,0),(-7.4533e+10,7.6888e+10,0)
82,Earth,5.972e+24,(-29697.2,4564.64,0),(-0.000978901,-0.00595633,0),(2.14844e+10,1.46731e+11,0)
82,Mars,6.39e+23,(-16551.2,17628.5,0),(-0.00190068,-0.00174343,0),(1.6576e+11,1.54882e+11,0)
83,Sun,1.989e+30,(0.155171,0.225824,0),(-1.02655e-08,3.72025e-08,0),(865417,694417,0)
83,Mercury,3.285e+23,(8948.87,46253.3,0),(-0.0376641,0.00991065,0),(5.72353e+10,-1.08598e+10,0)
83,Venus,4.867e+24,(-25291.2,-24747.4,0),(0.00805793,-0.00831232,0),(-7.67182e+10,7.47498e+10,0)
83,Earth,5.972e+24,(-29772.8,4048.58,0),(-0.000874537,-0.00597289,0),(1.8912e+10,1.47081e+11,0)
83,Mars,6.39e+23,(-16714,17476.3,0),(-0.00188479,-0.00176109,0),(1.64316e+11,1.56392e+11,0)
84,Sun,1.989e+30,(0.154219,0.22903,0),(-1.10197e-08,3.71028e-08,0),(878741,714205,0)
84,Mercury,3.285e+23,(5628.43,46883.4,0),(-0.038431,0.00729249,0),(5.77216e+10,-6.80909e+09,0)
84,Venus,4.867e+24,(-24575.1,-25445.1,0),(0.00828735,-0.00807452,0),(-7.88415e+10,7.25513e+10,0)
84,Earth,5.972e+24,(-29839.3,3531.25,0),(-0.000769884,-0.0059876,0),(1.63339e+10,1.47386e+11,0)
84,Mars,6.39e+23,(-16875.5,17322.7,0),(-0.00186873,-0.0017786,0),(1.62858e+11,1.57889e+11,0)
85,Sun,1.989e+30,(0.153201,0.232226,0),(-1.17849e-08,3.69936e-08,0),(891978,734269,0)
85,Mercury,3.285e+23,(2256.44,47281.2,0),(-0.0390277,0.00460444,0),(5.79165e+10,-2.72399e+09,0)
85,Venus,4.867e+24,(-23839.9,-26121.6,0),(0.00850952,-0.00783041,0),(-8.09012e+10,7.02944e+10,0)
85,Earth,5.972e+24,(-29896.7,3012.82,0),(-0.000664975,-0.00600044,0),(1.37508e+10,1.47646e+11,0)
85,Mars,6.39e+23,(-17035.5,17167.5,0),(-0.00185251,-0.00179597,0),(1.61386e+11,1.59372e+11,0)
86,Sun,1.989e+30,(0.152116,0.235412,0),(-1.25621e-08,3.68739e-08,0),(905121,754609,0)
86,Mercury,3.285e+23,(-1151.73,47441.5,0),(-0.0394465,0.00185584,0),(5.7817e+10,1.37496e+09,0)
86,Venus,4.867e+24,(-23086.1,-26776.6,0),(0.00872425,-0.00758023,0),(-8.28959e+10,6.79809e+10,0)
86,Earth,5.972e+24,(-29945.1,2493.43,0),(-0.000559845,-0.00601141,0),(1.11636e+10,1.47862e+11,0)
86,Mars,6.39e+23,(-17194.2,17010.8,0),(-0.00183613,-0.00181319,0),(1.599e+11,1.60842e+11,0)
87,Sun,1.989e+30,(0.150962,0.238586,0),(-1.33519e-08,3.67425e-08,0),(918164,775223,0)
87,Mercury,3.285e+23,(-4580.11,47360.1,0),(-0.0396803,-0.000943118,0),(5.74213e+10,5.46687e+09,0)
87,Venus,4.867e+24,(-22314.5,-27409.4,0),(0.00893139,-0.00732422,0),(-8.48238e+10,6.56128e+10,0)
87,Earth,5.972e+24,(-29984.4,1973.26,0),(-0.000454528,-0.00602051,0),(8.57293e+09,1.48032e+11,0)
87,Mars,6.39e+23,(-17351.4,16852.7,0),(-0.00181958,-0.00183027,0),(1.58401e+11,1.62298e+11,0)
88,Sun,1.989e+30,(0.149739,0.241749,0),(-1.41549e-08,3.65983e-08,0),(931101,796110,0)
88,Mercury,3.285e+23,(-8012.09,47033.4,0),(-0.039722,-0.00378128,0),(5.67291e+10,9.53055e+09,0)
88,Venus,4.867e+24,(-21525.6,-28019.6,0),(0.00913077,-0.00706262,0),(-8.66837e+10,6.31919e+10,0)
88,Earth,5.972e+24,(-30014.5,1452.46,0),(-0.000349059,-0.00602773,0),(5.97968e+09,1.48158e+11,0)
88,Mars,6.39e+23,(-17507.2,16693.1,0),(-0.00180287,-0.0018472,0),(1.56889e+11,1.6374e+11,0)
89,Sun,1.989e+30,(0.148445,0.244897,0),(-1.49718e-08,3.64397e-08,0),(943927,817269,0)
89,Mercury,3.285e+23,(-11430.5,46459.1,0),(-0.0395653,-0.00664654,0),(5.57415e+10,1.35446e+10,0)
89,Venus,4.867e+24,(-20720.1,-28606.7,0),(0.00932227,-0.00679569,0),(-8.84739e+10,6.07202e+10,0)
89,Earth,5.972e+24,(-30035.6,931.204,0),(-0.000243472,-0.00603308,0),(3.38461e+09,1.48238e+11,0)
89,Mars,6.39e+23,(-17661.5,16532.1,0),(-0.001786,-0.00186398,0),(1.55363e+11,1.65169e+11,0)
90,Sun,1.989e+30,(0.14708,0.24803,0),(-1.58032e-08,3.62654e-08,0),(956635,838699,0)
90,Mercury,3.285e+23,(-14817.8,45636.1,0),(-0.039204,-0.00952574,0),(5.44612e+10,1.74876e+10,0)
90,Venus,4.867e+24,(-19898.8,-29170.4,0),(0.00950573,-0.00652366,0),(-9.01931e+10,5.81999e+10,0)
90,Earth,5.972e+24,(-30047.5,409.647,0),(-0.000137802,-0.00603654,0),(7.88503e+08,1.48273e+11,0)
90,Mars,6.39e+23,(-17814.3,16369.6,0),(-0.00176897,-0.00188061,0),(1.53824e+11,1.66583e+11,0)
91,Sun,1.989e+30,(0.145641,0.251147,0),(-1.66494e-08,3.60734e-08,0),(969218,860398,0)
91,Mercury,3.285e+23,(-18155.7,44564.3,0),(-0.0386331,-0.0124047,0),(5.28926e+10,2.13379e+10,0)
91,Venus,4.867e+24,(-19062.4,-29710.1,0),(0.00968103,-0.0062468,0),(-9.18401e+10,5.5633e+10,0)
91,Earth,5.972e+24,(-30050.2,-112.047,0),(-3.20832e-05,-0.00603812,0),(-1.80784e+09,1.48264e+11,0)
91,Mars,6.39e+23,(-17965.7,16205.7,0),(-0.00175179,-0.00189708,0),(1.52271e+11,1.67983e+11,0)
92,Sun,1.989e+30,(0.144129,0.254245,0),(-1.75108e-08,3.5862e-08,0),(981671,882365,0)
92,Mercury,3.285e+23,(-21425.7,43245.1,0),(-0.037848,-0.0152683,0),(5.10414e+10,2.50743e+10,0)
92,Venus,4.867e+24,(-18211.5,-30225.5,0),(0.00984805,-0.00596536,0),(-9.34136e+10,5.30215e+10,0)
92,Earth,5.972e+24,(-30043.9,-633.714,0),(7.36499e-05,-0.00603782,0),(-4.40363e+09,1.48209e+11,0)
92,Mars,6.39e+23,(-18115.5,16040.3,0),(-0.00173445,-0.0019134,0),(1.50706e+11,1.69369e+11,0)
93,Sun,1.989e+30,(0.14254,0.257324,0),(-1.83875e-08,3.56291e-08,0),(993986,904597,0)
93,Mercury,3.285e+23,(-24609.2,41681.3,0),(-0.0368456,-0.0181002,0),(4.89152e+10,2.86756e+10,0)
93,Venus,4.867e+24,(-17346.9,-30716.2,0),(0.0100067,-0.00567961,0),(-9.49124e+10,5.03676e+10,0)
93,Earth,5.972e+24,(-30028.4,-1155.19,0),(0.000179362,-0.00603563,0),(-6.99808e+09,1.48109e+11,0)
93,Mars,6.39e+23,(-18263.9,15873.6,0),(-0.00171696,-0.00192956,0),(1.49128e+11,1.7074e+11,0)
94,Sun,1.989e+30,(0.140874,0.26038,0),(-1.92796e-08,3.53726e-08,0),(1.00616e+06,927094,0)
94,Mercury,3.285e+23,(-27687.1,39876.9,0),(-0.0356236,-0.0208834,0),(4.6523e+10,3.21209e+10,0)
94,Venus,4.867e+24,(-16469.4,-31181.9,0),(0.0101568,-0.00538979,0),(-9.63353e+10,4.76735e+10,0)
94,Earth,5.972e+24,(-30003.8,-1676.32,0),(0.00028502,-0.00603157,0),(-9.59041e+09,1.47964e+11,0)
94,Mars,6.39e+23,(-18410.7,15705.5,0),(-0.00169931,-0.00194557,0),(1.47538e+11,1.72097e+11,0)
95,Sun,1.989e+30,(0.13913,0.263412,0),(-2.01869e-08,3.509e-08,0),(1.01818e+06,949853,0)
95,Mercury,3.285e+23,(-30640.3,37837.9,0),(-0.0341815,-0.0235998,0),(4.38757e+10,3.53901e+10,0)
95,Venus,4.867e+24,(-15579.6,-31622.2,0),(0.0102984,-0.00509618,0),(-9.76814e+10,4.49413e+10,0)
95,Earth,5.972e+24,(-29970,-2196.93,0),(0.000390587,-0.00602562,0),(-1.21798e+10,1.47774e+11,0)
95,Mars,6.39e+23,(-18556,15536.1,0),(-0.00168151,-0.00196141,0),(1.45934e+11,1.7344e+11,0)
96,Sun,1.989e+30,(0.137306,0.266417,0),(-2.11088e-08,3.47789e-08,0),(1.03004e+06,972871,0)
96,Mercury,3.285e+23,(-33450.1,35571.6,0),(-0.03252,-0.0262305,0),(4.09856e+10,3.84635e+10,0)
96,Venus,4.867e+24,(-14678.3,-32036.8,0),(0.0104313,-0.00479905,0),(-9.89496e+10,4.21734e+10,0)
96,Earth,5.972e+24,(-29927.2,-2716.87,0),(0.00049603,-0.00601779,0),(-1.47655e+10,1.4754e+11,0)
96,Mars,6.39e+23,(-18699.7,15365.2,0),(-0.00166357,-0.0019771,0),(1.44319e+11,1.74767e+11,0)
97,Sun,1.989e+30,(0.135401,0.269392,0),(-2.20447e-08,3.44369e-08,0),(1.04174e+06,996147,0)
97,Mercury,3.285e+23,(-36097.5,33087.1,0),(-0.0306419,-0.0287563,0),(3.78668e+10,4.13222e+10,0)
97,Venus,4.867e+24,(-13766.4,-32425.5,0),(0.0105554,-0.00449864,0),(-1.00139e+11,3.93718e+10,0)
97,Earth,5.972e+24,(-29875.2,-3235.97,0),(0.000601314,-0.00600809,0),(-1.73467e+10,1.4726e+11,0)
97,Mars,6.39e+23,(-18841.9,15193.1,0),(-0.00164547,-0.00199262,0),(1.42691e+11,1.7608e+11,0)
98,Sun,1.989e+30,(0.133415,0.272335,0),(-2.29935e-08,3.40612e-08,0),(1.05327e+06,1.01968e+06,0)
98,Mercury,3.285e+23,(-38564.4,30395.1,0),(-0.0285517,-0.0311572,0),(3.45348e+10,4.39484e+10,0)
98,Venus,4.867e+24,(-12844.4,-32788,0),(0.0106707,-0.00419525,0),(-1.01249e+11,3.65389e+10,0)
98,Earth,5.972e+24,(-29814.2,-3754.07,0),(0.000706405,-0.00599651,0),(-1.99227e+10,1.46936e+11,0)
98,Mars,6.39e+23,(-18982.5,15019.6,0),(-0.00162723,-0.00200798,0),(1.41051e+11,1.77378e+11,0)
99,Sun,1.989e+30,(0.131345,0.275242,0),(-2.39538e-08,3.36492e-08,0),(1.06462e+06,1.04346e+06,0)
99,Mercury,3.285e+23,(-40832.9,27508.2,0),(-0.026256,-0.0334131,0),(3.10068e+10,4.63251e+10,0)
99,Venus,4.867e+24,(-11913.3,-33124,0),(0.0107772,-0.00388912,0),(-1.02278e+11,3.3677e+10,0)
99,Earth,5.972e+24,(-29744.1,-4271,0),(0.000811268,-0.00598306,0),(-2.24926e+10,1.46567e+11,0)
99,Mars,6.39e+23,(-19121.5,14844.8,0),(-0.00160884,-0.00202317,0),(1.39399e+11,1.7866e+11,0)
100,Sun,1.989e+30,(0.129192,0.278111,0),(-2.49241e-08,3.31983e-08,0),(1.07578e+06,1.06749e+06,0)
100,Mercury,3.285e+23,(-42886.1,24440.6,0),(-0.0237637,-0.035504,0),(2.73015e+10,4.84368e+10,0)
100,Venus,4.867e+24,(-10973.7,-33433.4,0),(0.0108747,-0.00358053,0),(-1.03226e+11,3.07884e+10,0)
100,Earth,5.972e+24,(-29664.9,-4786.62,0),(0.000915869,-0.00596775,0),(-2.50556e+10,1.46153e+11,0)
100,Mars,6.39e+23,(-19258.9,14668.7,0),(-0.0015903,-0.0020382,0),(1.37735e+11,1.79928e+11,0)
101,Sun,1.989e+30,(0.126954,0.280936,0),(-2.59023e-08,3.27058e-08,0),(1.08675e+06,1.09176e+06,0)
101,Mercury,3.285e+23,(-44707.9,21208.4,0),(-0.0210859,-0.03741,0),(2.34387e+10,5.02692e+10,0)
101,Venus,4.867e+24,(-10026.5,-33715.9,0),(0.0109632,-0.00326974,0),(-1.04092e+11,2.78753e+10,0)
101,Earth,5.972e+24,(-29576.8,-5300.75,0),(0.00102017,-0.00595058,0),(-2.76111e+10,1.45695e+11,0)
101,Mars,6.39e+23,(-19394.7,14491.3,0),(-0.00157163,-0.00205306,0),(1.36059e+11,1.8118e+11,0)
102,Sun,1.989e+30,(0.124631,0.283716,0),(-2.68858e-08,3.21693e-08,0),(1.09751e+06,1.11627e+06,0)
102,Mercury,3.285e+23,(-46283.5,17829.1,0),(-0.0182361,-0.039112,0),(1.94398e+10,5.18096e+10,0)
102,Venus,4.867e+24,(-9072.37,-33971.4,0),(0.0110428,-0.00295702,0),(-1.04876e+11,2.49402e+10,0)
102,Earth,5.972e+24,(-29479.7,-5813.24,0),(0.00112415,-0.00593156,0),(-3.01581e+10,1.45193e+11,0)
102,Mars,6.39e+23,(-19528.8,14312.7,0),(-0.00155281,-0.00206775,0),(1.34372e+11,1.82416e+11,0)
103,Sun,1.989e+30,(0.122223,0.286445,0),(-2.78721e-08,3.15864e-08,0),(1.10807e+06,1.14102e+06,0)
103,Mercury,3.285e+23,(-47599.4,14322,0),(-0.0152302,-0.0405917,0),(1.53272e+10,5.3047e+10,0)
103,Venus,4.867e+24,(-8112.17,-34199.7,0),(0.0111133,-0.00264265,0),(-1.05577e+11,2.19853e+10,0)
103,Earth,5.972e+24,(-29373.6,-6323.92,0),(0.00122776,-0.0059107,0),(-3.2696e+10,1.44647e+11,0)
103,Mars,6.39e+23,(-19661.3,14132.7,0),(-0.00153385,-0.00208227,0),(1.32673e+11,1.83637e+11,0)
104,Sun,1.989e+30,(0.119729,0.289119,0),(-2.88578e-08,3.0955e-08,0),(1.11842e+06,1.166e+06,0)
104,Mercury,3.285e+23,(-48643.7,10707.7,0),(-0.0120862,-0.041832,0),(1.11244e+10,5.39722e+10,0)
104,Venus,4.867e+24,(-7146.67,-34400.7,0),(0.0111748,-0.00232687,0),(-1.06195e+11,1.90131e+10,0)
104,Earth,5.972e+24,(-29258.6,-6832.64,0),(0.00133097,-0.00588799,0),(-3.52239e+10,1.44056e+11,0)
104,Mars,6.39e+23,(-19792.2,13951.6,0),(-0.00151476,-0.00209662,0),(1.30963e+11,1.84843e+11,0)
105,Sun,1.989e+30,(0.117151,0.291735,0),(-2.98396e-08,3.02732e-08,0),(1.12854e+06,1.19121e+06,0)
105,Mercury,3.285e+23,(-49406.1,7008.3,0),(-0.00882459,-0.0428174,0),(6.85571e+09,5.45777e+10,0)
105,Venus,4.867e+24,(-6176.63,-34574.4,0),(0.0112273,-0.00200997,0),(-1.06728e+11,1.60259e+10,0)
105,Earth,5.972e+24,(-29134.7,-7339.24,0),(0.00143375,-0.00586345,0),(-3.77412e+10,1.43422e+11,0)
105,Mars,6.39e+23,(-19921.4,13769.2,0),(-0.00149552,-0.00211079,0),(1.29242e+11,1.86032e+11,0)
106,Sun,1.989e+30,(0.114489,0.294287,0),(-3.08136e-08,2.95394e-08,0),(1.13843e+06,1.21663e+06,0)
106,Mercury,3.285e+23,(-49878.5,3246.93,0),(-0.00546779,-0.0435345,0),(2.54621e+09,5.48582e+10,0)
106,Venus,4.867e+24,(-5202.85,-34720.6,0),(0.0112707,-0.00169219,0),(-1.07178e+11,1.3026e+10,0)
106,Earth,5.972e+24,(-29002,-7843.57,0),(0.00153607,-0.00583709,0),(-4.02469e+10,1.42744e+11,0)
106,Mars,6.39e+23,(-20049,13585.6,0),(-0.00147615,-0.00212479,0),(1.27509e+11,1.87206e+11,0)
107,Sun,1.989e+30,(0.111744,0.296771,0),(-3.17757e-08,2.87524e-08,0),(1.14809e+06,1.24227e+06,0)
107,Mercury,3.285e+23,(-50054.8,-552.248,0),(-0.0020401,-0.0439719,0),(-1.77853e+09,5.48105e+10,0)
107,Venus,4.867e+24,(-4226.09,-34839.3,0),(0.011305,-0.00137381,0),(-1.07543e+11,1.00159e+10,0)
107,Earth,5.972e+24,(-28860.5,-8345.46,0),(0.00163788,-0.00580892,0),(-4.27405e+10,1.42023e+11,0)
107,Mars,6.39e+23,(-20174.8,13400.9,0),(-0.00145665,-0.00213861,0),(1.25766e+11,1.88364e+11,0)
108,Sun,1.989e+30,(0.108916,0.299183,0),(-3.27216e-08,2.79115e-08,0),(1.1575e+06,1.26812e+06,0)
108,Mercury,3.285e+23,(-49931,-4364.31,0),(0.00143259,-0.0441211,0),(-6.09257e+09,5.44334e+10,0)
108,Venus,4.867e+24,(-3247.15,-34930.5,0),(0.0113303,-0.00105508,0),(-1.07824e+11,6.99791e+09,0)
108,Earth,5.972e+24,(-28710.2,-8844.76,0),(0.00173917,-0.00577894,0),(-4.5221e+10,1.41259e+11,0)
108,Mars,6.39e+23,(-20299,13214.9,0),(-0.00143702,-0.00215226,0),(1.24012e+11,1.89506e+11,0)
109,Sun,1.989e+30,(0.106009,0.301517,0),(-3.36468e-08,2.70163e-08,0),(1.16666e+06,1.29417e+06,0)
109,Mercury,3.285e+23,(-49505.7,-8163.83,0),(0.00492311,-0.043976,0),(-1.03699e+10,5.37281e+10,0)
109,Venus,4.867e+24,(-2266.8,-34994.1,0),(0.0113466,-0.000736253,0),(-1.08019e+11,3.97442e+09,0)
109,Earth,5.972e+24,(-28551.3,-9341.32,0),(0.00183989,-0.00574717,0),(-4.76879e+10,1.40452e+11,0)
109,Mars,6.39e+23,(-20421.4,13027.8,0),(-0.00141725,-0.00216572,0),(1.22248e+11,1.90631e+11,0)
110,Sun,1.989e+30,(0.103025,0.303769,0),(-3.45465e-08,2.60671e-08,0),(1.17556e+06,1.32042e+06,0)
110,Mercury,3.285e+23,(-48779.6,-11925.1,0),(0.0084034,-0.0435338,0),(-1.45844e+10,5.26977e+10,0)
110,Venus,4.867e+24,(-1285.82,-35030.1,0),(0.0113539,-0.000417594,0),(-1.08131e+11,9.47816e+08,0)
110,Earth,5.972e+24,(-28383.6,-9834.97,0),(0.00194001,-0.00571363,0),(-5.01402e+10,1.39602e+11,0)
110,Mars,6.39e+23,(-20542.2,12839.5,0),(-0.00139736,-0.00217901,0),(1.20473e+11,1.91741e+11,0)
111,Sun,1.989e+30,(0.0999646,0.305935,0),(-3.54161e-08,2.50645e-08,0),(1.1842e+06,1.34685e+06,0)
111,Mercury,3.285e+23,(-47756.2,-15622.6,0),(0.0118449,-0.0427947,0),(-1.87106e+10,5.13479e+10,0)
111,Venus,4.867e+24,(-304.982,-35038.7,0),(0.0113523,-9.93513e-05,0),(-1.08157e+11,-2.07953e+09,0)
111,Earth,5.972e+24,(-28207.4,-10325.6,0),(0.0020395,-0.00567831,0),(-5.25773e+10,1.3871e+11,0)
111,Mars,6.39e+23,(-20661.2,12650.1,0),(-0.00137734,-0.00219211,0),(1.18688e+11,1.92834e+11,0)
112,Sun,1.989e+30,(0.0968325,0.308009,0),(-3.62508e-08,2.40097e-08,0),(1.19256e+06,1.37347e+06,0)
112,Mercury,3.285e+23,(-46441.3,-19230.9,0),(0.015219,-0.0417624,0),(-2.27231e+10,4.96864e+10,0)
112,Venus,4.867e+24,(674.949,-35019.9,0),(0.0113418,0.000218225,0),(-1.08099e+11,-5.10525e+09,0)
112,Earth,5.972e+24,(-28022.7,-10813,0),(0.00213834,-0.00564123,0),(-5.49985e+10,1.37776e+11,0)
112,Mars,6.39e+23,(-20778.4,12459.6,0),(-0.00135719,-0.00220503,0),(1.16893e+11,1.9391e+11,0)
113,Sun,1.989e+30,(0.0936317,0.309988,0),(-3.70461e-08,2.29046e-08,0),(1.20065e+06,1.40025e+06,0)
113,Mercury,3.285e+23,(-44843.1,-22725.2,0),(0.0184976,-0.0404437,0),(-2.65975e+10,4.77229e+10,0)
113,Venus,4.867e+24,(1653.21,-34973.7,0),(0.0113224,0.000534887,0),(-1.07956e+11,-8.12697e+09,0)
113,Earth,5.972e+24,(-27829.5,-11297,0),(0.00223648,-0.00560241,0),(-5.7403e+10,1.368e+11,0)
113,Mars,6.39e+23,(-20893.9,12268,0),(-0.00133692,-0.00221777,0),(1.15088e+11,1.9497e+11,0)
114,Sun,1.989e+30,(0.090366,0.311868,0),(-3.77973e-08,2.17514e-08,0),(1.20846e+06,1.42719e+06,0)
114,Mercury,3.285e+23,(-42972.3,-26081.7,0),(0.0216531,-0.0388485,0),(-3.03103e+10,4.54695e+10,0)
114,Venus,4.867e+24,(2629.03,-34900.2,0),(0.0112942,0.000850391,0),(-1.07729e+11,-1.11423e+10,0)
114,Earth,5.972e+24,(-27627.8,-11777.6,0),(0.00233389,-0.00556186,0),(-5.979e+10,1.35782e+11,0)
114,Mars,6.39e+23,(-21007.7,12075.3,0),(-0.00131653,-0.00223033,0),(1.13272e+11,1.96013e+11,0)
115,Sun,1.989e+30,(0.0870396,0.313643,0),(-3.85003e-08,2.05529e-08,0),(1.21598e+06,1.45429e+06,0)
115,Mercury,3.285e+23,(-40841.7,-29277.7,0),(0.0246595,-0.0369899,0),(-3.3839e+10,4.29399e+10,0)
115,Venus,4.867e+24,(3601.66,-34799.6,0),(0.0112573,0.0011645,0),(-1.07417e+11,-1.4149e+10,0)
115,Earth,5.972e+24,(-27417.8,-12254.5,0),(0.00243055,-0.0055196,0),(-6.21589e+10,1.34724e+11,0)
115,Mars,6.39e+23,(-21119.7,11881.5,0),(-0.00129602,-0.00224269,0),(1.11448e+11,1.9704e+11,0)
116,Sun,1.989e+30,(0.083657,0.315312,0),(-3.91512e-08,1.93124e-08,0),(1.22321e+06,1.48154e+06,0)
116,Mercury,3.285e+23,(-38466.3,-32291.6,0),(0.0274924,-0.0348839,0),(-3.71625e+10,4.01499e+10,0)
116,Venus,4.867e+24,(4570.36,-34672,0),(0.0112118,0.00147697,0),(-1.07023e+11,-1.71447e+10,0)
116,Earth,5.972e+24,(-27199.5,-12727.6,0),(0.00252642,-0.00547563,0),(-6.4509e+10,1.33624e+11,0)
116,Mars,6.39e+23,(-21229.9,11686.7,0),(-0.00127538,-0.00225487,0),(1.09613e+11,1.9805e+11,0)
117,Sun,1.989e+30,(0.0802229,0.31687,0),(-3.97463e-08,1.80335e-08,0),(1.23014e+06,1.50891e+06,0)
117,Mercury,3.285e+23,(-35863.2,-35103.9,0),(0.0301294,-0.0325492,0),(-4.02611e+10,3.71169e+10,0)
117,Venus,4.867e+24,(5534.38,-34517.5,0),(0.0111576,0.00178757,0),(-1.06544e+11,-2.0127e+10,0)
117,Earth,5.972e+24,(-26973,-13196.7,0),(0.00262147,-0.00542998,0),(-6.68394e+10,1.32484e+11,0)
117,Mars,6.39e+23,(-21338.3,11490.9,0),(-0.00125463,-0.00226686,0),(1.0777e+11,1.99043e+11,0)
118,Sun,1.989e+30,(0.0767425,0.318315,0),(-4.02823e-08,1.67204e-08,0),(1.23677e+06,1.53642e+06,0)
118,Mercury,3.285e+23,(-33050.8,-37696.4,0),(0.0325506,-0.0300064,0),(-4.31167e+10,3.38599e+10,0)
118,Venus,4.867e+24,(6492.98,-34336.4,0),(0.0110949,0.00209606,0),(-1.05983e+11,-2.30937e+10,0)
118,Earth,5.972e+24,(-26738.4,-13661.8,0),(0.00271568,-0.00538266,0),(-6.91496e+10,1.31303e+11,0)
118,Mars,6.39e+23,(-21444.9,11294,0),(-0.00123377,-0.00227866,0),(1.05917e+11,2.00018e+11,0)
119,Sun,1.989e+30,(0.0732211,0.319643,0),(-4.07567e-08,1.53774e-08,0),(1.2431e+06,1.56403e+06,0)
119,Mercury,3.285e+23,(-30049.4,-40053.3,0),(0.0347386,-0.0272785,0),(-4.5713e+10,3.03993e+10,0)
119,Venus,4.867e+24,(7445.44,-34128.9,0),(0.0110239,0.00240223,0),(-1.0534e+11,-2.60424e+10,0)
119,Earth,5.972e+24,(-26495.7,-14122.6,0),(0.00280901,-0.00533368,0),(-7.14388e+10,1.30083e+11,0)
119,Mars,6.39e+23,(-21549.6,11096.1,0),(-0.00121279,-0.00229027,0),(1.04055e+11,2.00977e+11,0)
120,Sun,1.989e+30,(0.0696643,0.320854,0),(-4.11671e-08,1.4009e-08,0),(1.24911e+06,1.59175e+06,0)
120,Mercury,3.285e+23,(-26880.3,-42160.6,0),(0.0366789,-0.0243898,0),(-4.80354e+10,2.67567e+10,0)
120,Venus,4.867e+24,(8391.04,-33895.1,0),(0.0109444,0.00270586,0),(-1.04615e+11,-2.89709e+10,0)
120,Earth,5.972e+24,(-26245,-14579.1,0),(0.00290142,-0.00528307,0),(-7.37064e+10,1.28824e+11,0)
120,Mars,6.39e+23,(-21652.6,10897.2,0),(-0.00119169,-0.00230169,0),(1.02184e+11,2.01919e+11,0)
121,Sun,1.989e+30,(0.0660776,0.321944,0),(-4.15118e-08,1.26201e-08,0),(1.25482e+06,1.61957e+06,0)
121,Mercury,3.285e+23,(-23566,-44006.5,0),(0.03836,-0.0213655,0),(-5.00715e+10,2.29545e+10,0)
121,Venus,4.867e+24,(9329.07,-33635.3,0),(0.0108568,0.00300671,0),(-1.03809e+11,-3.1877e+10,0)
121,Earth,5.972e+24,(-25986.4,-15031,0),(0.00299291,-0.00523084,0),(-7.59516e+10,1.27525e+11,0)
121,Mars,6.39e+23,(-21753.7,10697.4,0),(-0.00117049,-0.00231291,0),(1.00305e+11,2.02843e+11,0)
122,Sun,1.989e+30,(0.062467,0.322913,0),(-4.17896e-08,1.12156e-08,0),(1.26022e+06,1.64747e+06,0)
122,Mercury,3.285e+23,(-20129.6,-45581.8,0),(0.0397734,-0.0182318,0),(-5.18107e+10,1.90162e+10,0)
122,Venus,4.867e+24,(10258.8,-33349.8,0),(0.010761,0.00330458,0),(-1.02923e+11,-3.47584e+10,0)
122,Earth,5.972e+24,(-25720,-15478.3,0),(0.00308342,-0.00517701,0),(-7.81739e+10,1.26188e+11,0)
122,Mars,6.39e+23,(-21853,10496.6,0),(-0.00114918,-0.00232394,0),(9.84167e+10,2.0375e+11,0)
123,Sun,1.989e+30,(0.0588383,0.32376,0),(-4.19996e-08,9.8004e-09,0),(1.2653e+06,1.67544e+06,0)
123,Mercury,3.285e+23,(-16594.7,-46879.1,0),(0.0409136,-0.015015,0),(-5.32445e+10,1.49659e+10,0)
123,Venus,4.867e+24,(11179.6,-33038.8,0),(0.0106573,0.00359925,0),(-1.01957e+11,-3.7613e+10,0)
123,Earth,5.972e+24,(-25445.9,-15920.8,0),(0.00317294,-0.0051216,0),(-8.03724e+10,1.24812e+11,0)
123,Mars,6.39e+23,(-21950.5,10294.9,0),(-0.00112776,-0.00233477,0),(9.65202e+10,2.04639e+11,0)
124,Sun,1.989e+30,(0.0551972,0.324484,0),(-4.21417e-08,8.37935e-09,0),(1.27007e+06,1.70348e+06,0)
124,Mercury,3.285e+23,(-12985,-47893.5,0),(0.041778,-0.0117413,0),(-5.43664e+10,1.08279e+10,0)
124,Venus,4.867e+24,(12090.7,-32702.7,0),(0.0105456,0.00389052,0),(-1.00912e+11,-4.04385e+10,0)
124,Earth,5.972e+24,(-25164.1,-16358.4,0),(0.00326144,-0.00506463,0),(-8.25466e+10,1.23399e+11,0)
124,Mars,6.39e+23,(-22046,10092.2,0),(-0.00110624,-0.00234541,0),(9.46154e+10,2.05511e+11,0)
125,Sun,1.989e+30,(0.0515497,0.325085,0),(-4.22162e-08,6.95727e-09,0),(1.27453e+06,1.73157e+06,0)
125,Mercury,3.285e+23,(-9324.54,-48622.4,0),(0.0423668,-0.0084365,0),(-5.51721e+10,6.6269e+09,0)
125,Venus,4.867e+24,(12991.6,-32341.7,0),(0.0104261,0.0041782,0),(-9.97897e+10,-4.32328e+10,0)
125,Earth,5.972e+24,(-24874.7,-16790.9,0),(0.00334889,-0.00500611,0),(-8.46957e+10,1.21948e+11,0)
125,Mars,6.39e+23,(-22139.7,9888.7,0),(-0.00108461,-0.00235585,0),(9.27025e+10,2.06366e+11,0)
126,Sun,1.989e+30,(0.0479016,0.325563,0),(-4.22236e-08,5.53882e-09,0),(1.27867e+06,1.75969e+06,0)
126,Mercury,3.285e+23,(-5636.72,-49065.3,0),(0.0426831,-0.00512538,0),(-5.56591e+10,2.38767e+09,0)
126,Venus,4.867e+24,(13881.4,-31956.1,0),(0.010299,0.00446207,0),(-9.85903e+10,-4.59938e+10,0)
126,Earth,5.972e+24,(-24577.9,-17218.3,0),(0.00343526,-0.00494608,0),(-8.68193e+10,1.2046e+11,0)
126,Mars,6.39e+23,(-22231.6,9684.27,0),(-0.00106288,-0.00236609,0),(9.07817e+10,2.07202e+11,0)
127,Sun,1.989e+30,(0.0442585,0.32592,0),(-4.21652e-08,4.12846e-09,0),(1.28249e+06,1.78785e+06,0)
127,Mercury,3.285e+23,(-1944.69,-49223.5,0),(0.0427319,-0.00183176,0),(-5.58271e+10,-1.86525e+09,0)
127,Venus,4.867e+24,(14759.6,-31546.4,0),(0.0101643,0.00474195,0),(-9.73151e+10,-4.87195e+10,0)
127,Earth,5.972e+24,(-24273.8,-17640.3,0),(0.00352053,-0.00488454,0),(-8.89165e+10,1.18936e+11,0)
127,Mars,6.39e+23,(-22321.5,9478.97,0),(-0.00104106,-0.00237613,0),(8.88531e+10,2.08021e+11,0)
128,Sun,1.989e+30,(0.0406261,0.326156,0),(-4.20424e-08,2.73041e-09,0),(1.286e+06,1.81603e+06,0)
128,Mercury,3.285e+23,(1729.11,-49100.7,0),(0.0425208,0.00142196,0),(-5.56777e+10,-6.10755e+09,0)
128,Venus,4.867e+24,(15625.5,-31112.9,0),(0.0100223,0.00501765,0),(-9.5965e+10,-5.14076e+10,0)
128,Earth,5.972e+24,(-23962.3,-18056.9,0),(0.00360467,-0.00482152,0),(-9.09869e+10,1.17376e+11,0)
128,Mars,6.39e+23,(-22409.6,9272.82,0),(-0.00101913,-0.00238596,0),(8.6917e+10,2.08822e+11,0)
129,Sun,1.989e+30,(0.0370096,0.326273,0),(-4.1857e-08,1.34864e-09,0),(1.2892e+06,1.84422e+06,0)
129,Mercury,3.285e+23,(5363.03,-48701.9,0),(0.0420592,0.0046149,0),(-5.52143e+10,-1.03154e+10,0)
129,Venus,4.867e+24,(16478.5,-30656,0),(0.00987294,0.00528898,0),(-9.45413e+10,-5.40563e+10,0)
129,Earth,5.972e+24,(-23643.7,-18467.9,0),(0.00368764,-0.00475705,0),(-9.30297e+10,1.1578e+11,0)
129,Mars,6.39e+23,(-22495.7,9065.84,0),(-0.000997108,-0.0023956,0),(8.49733e+10,2.09606e+11,0)
130,Sun,1.989e+30,(0.0334144,0.326271,0),(-4.1611e-08,-1.31801e-11,0),(1.29208e+06,1.87241e+06,0)
130,Mercury,3.285e+23,(8936.36,-48034.3,0),(0.041358,0.00772785,0),(-5.44422e+10,-1.44656e+10,0)
130,Venus,4.867e+24,(17318,-30175.9,0),(0.00971649,0.00555577,0),(-9.3045e+10,-5.66635e+10,0)
130,Earth,5.972e+24,(-23318,-18873.2,0),(0.00376944,-0.00469114,0),(-9.50444e+10,1.1415e+11,0)
130,Mars,6.39e+23,(-22580,8858.05,0),(-0.000974992,-0.00240503,0),(8.30224e+10,2.10371e+11,0)
131,Sun,1.989e+30,(0.0298455,0.326155,0),(-4.13068e-08,-1.35167e-09,0),(1.29466e+06,1.90059e+06,0)
131,Mercury,3.285e+23,(12429.5,-47106,0),(0.0404295,0.0107434,0),(-5.33683e+10,-1.85355e+10,0)
131,Venus,4.867e+24,(18143.4,-29673.3,0),(0.00955305,0.00581784,0),(-9.14774e+10,-5.92273e+10,0)
131,Earth,5.972e+24,(-22985.4,-19272.7,0),(0.00385003,-0.00462382,0),(-9.70303e+10,1.12485e+11,0)
131,Mars,6.39e+23,(-22662.3,8649.46,0),(-0.000952784,-0.00241426,0),(8.10644e+10,2.11118e+11,0)
132,Sun,1.989e+30,(0.0263077,0.325925,0),(-4.09469e-08,-2.66377e-09,0),(1.29694e+06,1.92875e+06,0)
132,Mercury,3.285e+23,(15823.9,-45927,0),(0.039287,0.0136459,0),(-5.20011e+10,-2.25036e+10,0)
132,Venus,4.867e+24,(18954.1,-29148.4,0),(0.00938277,0.00607502,0),(-8.98398e+10,-6.17457e+10,0)
132,Earth,5.972e+24,(-22645.9,-19666.2,0),(0.00392939,-0.0045551,0),(-9.89869e+10,1.10785e+11,0)
132,Mars,6.39e+23,(-22742.7,8440.08,0),(-0.000930485,-0.00242329,0),(7.90994e+10,2.11848e+11,0)
133,Sun,1.989e+30,(0.0228056,0.325584,0),(-4.05339e-08,-3.94674e-09,0),(1.29891e+06,1.95688e+06,0)
133,Mercury,3.285e+23,(19102.3,-44508.2,0),(0.0379449,0.0164217,0),(-5.03507e+10,-2.63491e+10,0)
133,Venus,4.867e+24,(19749.5,-28601.7,0),(0.0092058,0.00632714,0),(-8.81334e+10,-6.42169e+10,0)
133,Earth,5.972e+24,(-22299.6,-20053.8,0),(0.00400749,-0.00448502,0),(-1.00914e+11,1.09053e+11,0)
133,Mars,6.39e+23,(-22821.1,8229.95,0),(-0.000908098,-0.00243211,0),(7.71277e+10,2.12559e+11,0)
134,Sun,1.989e+30,(0.0193435,0.325134,0),(-4.00705e-08,-5.19812e-09,0),(1.30058e+06,1.98498e+06,0)
134,Mercury,3.285e+23,(22248.8,-42861.5,0),(0.0364177,0.0190587,0),(-4.84284e+10,-3.00523e+10,0)
134,Venus,4.867e+24,(20529,-28033.7,0),(0.0090223,0.00657406,0),(-8.63597e+10,-6.6639e+10,0)
134,Earth,5.972e+24,(-21946.8,-20435.1,0),(0.00408431,-0.0044136,0),(-1.0281e+11,1.07287e+11,0)
134,Mars,6.39e+23,(-22897.7,8019.07,0),(-0.000885623,-0.00244072,0),(7.51493e+10,2.13252e+11,0)
135,Sun,1.989e+30,(0.0159255,0.32458,0),(-3.95596e-08,-6.41578e-09,0),(1.30195e+06,2.01302e+06,0)
135,Mercury,3.285e+23,(25248.6,-40999.9,0),(0.0347206,0.0215468,0),(-4.62469e+10,-3.35947e+10,0)
135,Venus,4.867e+24,(21292.1,-27444.9,0),(0.00883241,0.0068156,0),(-8.45201e+10,-6.90102e+10,0)
135,Earth,5.972e+24,(-21587.3,-20810.1,0),(0.00415983,-0.00434086,0),(-1.04675e+11,1.05489e+11,0)
135,Mars,6.39e+23,(-22972.2,7807.47,0),(-0.000863065,-0.00244912,0),(7.31645e+10,2.13926e+11,0)
136,Sun,1.989e+30,(0.0125556,0.323924,0),(-3.9004e-08,-7.59787e-09,0),(1.30304e+06,2.04101e+06,0)
136,Mercury,3.285e+23,(28088.5,-38936.9,0),(0.0328687,0.0238773,0),(-4.38201e+10,-3.69589e+10,0)
136,Venus,4.867e+24,(22038.3,-26835.6,0),(0.00863631,0.00705162,0),(-8.2616e+10,-7.13288e+10,0)
136,Earth,5.972e+24,(-21221.5,-21178.8,0),(0.00423402,-0.00426683,0),(-1.06508e+11,1.03659e+11,0)
136,Mars,6.39e+23,(-23044.8,7595.16,0),(-0.000840423,-0.00245732,0),(7.11734e+10,2.14582e+11,0)
137,Sun,1.989e+30,(0.00923729,0.323168,0),(-3.84064e-08,-8.7428e-09,0),(1.30384e+06,2.06893e+06,0)
137,Mercury,3.285e+23,(30756.3,-36686.7,0),(0.0308773,0.0260434,0),(-4.11627e+10,-4.01286e+10,0)
137,Venus,4.867e+24,(22767,-26206.4,0),(0.00843415,0.00728197,0),(-8.06489e+10,-7.3593e+10,0)
137,Earth,5.972e+24,(-20849.4,-21540.9,0),(0.00430687,-0.00419153,0),(-1.0831e+11,1.01798e+11,0)
137,Mars,6.39e+23,(-23115.5,7382.15,0),(-0.0008177,-0.0024653,0),(6.91763e+10,2.1522e+11,0)
138,Sun,1.989e+30,(0.00597398,0.322317,0),(-3.77698e-08,-9.84923e-09,0),(1.30435e+06,2.09678e+06,0)
138,Mercury,3.285e+23,(33241.3,-34264.1,0),(0.0287614,0.0280394,0),(-3.82907e+10,-4.3089e+10,0)
138,Venus,4.867e+24,(23477.7,-25557.9,0),(0.0082261,0.00750651,0),(-7.86204e+10,-7.58012e+10,0)
138,Earth,5.972e+24,(-20471.1,-21896.5,0),(0.00437834,-0.00411499,0),(-1.10079e+11,9.99063e+10,0)
138,Mars,6.39e+23,(-23184.2,7168.48,0),(-0.000794899,-0.00247308,0),(6.71731e+10,2.1584e+11,0)
139,Sun,1.989e+30,(0.00276882,0.321374,0),(-3.70968e-08,-1.09161e-08,0),(1.30459e+06,2.12454e+06,0)
139,Mercury,3.285e+23,(35534,-31684.1,0),(0.0265355,0.0298613,0),(-3.52206e+10,-4.58265e+10,0)
139,Venus,4.867e+24,(24170,-24890.4,0),(0.00801231,0.00772511,0),(-7.65321e+10,-7.79518e+10,0)
139,Earth,5.972e+24,(-20086.8,-22245.3,0),(0.00444843,-0.00403723,0),(-1.11814e+11,9.79843e+10,0)
139,Mars,6.39e+23,(-23250.9,6954.15,0),(-0.00077202,-0.00248065,0),(6.51643e+10,2.1644e+11,0)
140,Sun,1.989e+30,(-0.000375299,0.320342,0),(-3.63902e-08,-1.19424e-08,0),(1.30456e+06,2.15222e+06,0)
140,Mercury,3.285e+23,(37626,-28962,0),(0.024214,0.0315059,0),(-3.19697e+10,-4.83289e+10,0)
140,Venus,4.867e+24,(24843.3,-24204.6,0),(0.00779297,0.00793762,0),(-7.43857e+10,-8.00431e+10,0)
140,Earth,5.972e+24,(-19696.5,-22587.3,0),(0.0045171,-0.00395828,0),(-1.13516e+11,9.60328e+10,0)
140,Mars,6.39e+23,(-23315.6,6739.19,0),(-0.000749067,-0.002488,0),(6.31498e+10,2.17023e+11,0)
141,Sun,1.989e+30,(-0.00345569,0.319225,0),(-3.56527e-08,-1.29275e-08,0),(1.30426e+06,2.1798e+06,0)
141,Mercury,3.285e+23,(39510.5,-26113.3,0),(0.0218106,0.0329715,0),(-2.8556e+10,-5.0585e+10,0)
141,Venus,4.867e+24,(25497.2,-23501,0),(0.00756825,0.00814394,0),(-7.21827e+10,-8.20735e+10,0)
141,Earth,5.972e+24,(-19300.4,-22922.4,0),(0.00458435,-0.00387817,0),(-1.15183e+11,9.40523e+10,0)
141,Mars,6.39e+23,(-23378.3,6523.61,0),(-0.00072604,-0.00249514,0),(6.11299e+10,2.17586e+11,0)
142,Sun,1.989e+30,(-0.00646991,0.318027,0),(-3.48867e-08,-1.38709e-08,0),(1.3037e+06,2.20728e+06,0)
142,Mercury,3.285e+23,(41181.3,-23153.4,0),(0.0193386,0.0342571,0),(-2.49979e+10,-5.25855e+10,0)
142,Venus,4.867e+24,(26131.3,-22780.1,0),(0.00733831,0.00834392,0),(-6.9925e+10,-8.40417e+10,0)
142,Earth,5.972e+24,(-18898.6,-23250.4,0),(0.00465014,-0.00379692,0),(-1.16816e+11,9.20434e+10,0)
142,Mars,6.39e+23,(-23439.1,6307.43,0),(-0.000702942,-0.00250206,0),(5.91048e+10,2.18131e+11,0)
143,Sun,1.989e+30,(-0.0094157,0.316751,0),(-3.40948e-08,-1.47722e-08,0),(1.30289e+06,2.23465e+06,0)
143,Mercury,3.285e+23,(42633.8,-20098.1,0),(0.0168106,0.0353625,0),(-2.13143e+10,-5.4322e+10,0)
143,Venus,4.867e+24,(26745,-22042.4,0),(0.00710333,0.00853746,0),(-6.76142e+10,-8.59462e+10,0)
143,Earth,5.972e+24,(-18491.3,-23571.4,0),(0.00471446,-0.00371456,0),(-1.18414e+11,9.00069e+10,0)
143,Mars,6.39e+23,(-23497.8,6090.67,0),(-0.000679775,-0.00250878,0),(5.70746e+10,2.18657e+11,0)
144,Sun,1.989e+30,(-0.012291,0.3154,0),(-3.32793e-08,-1.56311e-08,0),(1.30183e+06,2.2619e+06,0)
144,Mercury,3.285e+23,(43864,-16962.8,0),(0.0142387,0.0362883,0),(-1.75245e+10,-5.57876e+10,0)
144,Venus,4.867e+24,(27338,-21288.6,0),(0.00686349,0.00872444,0),(-6.52522e+10,-8.77855e+10,0)
144,Earth,5.972e+24,(-18078.6,-23885.1,0),(0.0047773,-0.00363112,0),(-1.19976e+11,8.79432e+10,0)
144,Mars,6.39e+23,(-23554.5,5873.35,0),(-0.000656541,-0.00251527,0),(5.50395e+10,2.19165e+11,0)
145,Sun,1.989e+30,(-0.0150941,0.313979,0),(-3.24425e-08,-1.64474e-08,0),(1.30052e+06,2.28902e+06,0)
145,Mercury,3.285e+23,(44869.2,-13762.9,0),(0.0116343,0.0370357,0),(-1.36478e+10,-5.69767e+10,0)
145,Venus,4.867e+24,(27909.9,-20519.3,0),(0.00661898,0.00890475,0),(-6.28408e+10,-8.95584e+10,0)
145,Earth,5.972e+24,(-17660.5,-24191.5,0),(0.00483863,-0.00354663,0),(-1.21502e+11,8.58531e+10,0)
145,Mars,6.39e+23,(-23609.2,5655.49,0),(-0.000633242,-0.00252155,0),(5.29996e+10,2.19654e+11,0)
146,Sun,1.989e+30,(-0.0178231,0.312491,0),(-3.15865e-08,-1.72211e-08,0),(1.29898e+06,2.31602e+06,0)
146,Mercury,3.285e+23,(45647.5,-10513.7,0),(0.00900841,0.0376065,0),(-9.70384e+09,-5.78851e+10,0)
146,Venus,4.867e+24,(28460.2,-19734.9,0),(0.00636996,0.00907829,0),(-6.03818e+10,-9.12635e+10,0)
146,Earth,5.972e+24,(-17237.3,-24490.6,0),(0.00489844,-0.00346111,0),(-1.22991e+11,8.37371e+10,0)
146,Mars,6.39e+23,(-23661.9,5437.1,0),(-0.00060988,-0.00252762,0),(5.09552e+10,2.20123e+11,0)
147,Sun,1.989e+30,(-0.0204768,0.31094,0),(-3.07136e-08,-1.79523e-08,0),(1.29721e+06,2.34289e+06,0)
147,Mercury,3.285e+23,(46198,-7230.3,0),(0.00637128,0.0380026,0),(-5.71233e+09,-5.85098e+10,0)
147,Venus,4.867e+24,(28988.7,-18936.1,0),(0.00611662,0.00924496,0),(-5.78772e+10,-9.28996e+10,0)
147,Earth,5.972e+24,(-16809,-24782.1,0),(0.0049567,-0.00337459,0),(-1.24443e+11,8.15959e+10,0)
147,Mars,6.39e+23,(-23712.6,5218.21,0),(-0.000586456,-0.00253347,0),(4.89065e+10,2.20574e+11,0)
148,Sun,1.989e+30,(-0.0230537,0.309329,0),(-2.98256e-08,-1.86409e-08,0),(1.29522e+06,2.36961e+06,0)
148,Mercury,3.285e+23,(46520.5,-3927.52,0),(0.00373271,0.0382267,0),(-1.69296e+09,-5.88491e+10,0)
148,Venus,4.867e+24,(29494.9,-18123.6,0),(0.00585916,0.00940466,0),(-5.53288e+10,-9.44655e+10,0)
148,Earth,5.972e+24,(-16375.8,-25066.1,0),(0.00501342,-0.00328711,0),(-1.25858e+11,7.94302e+10,0)
148,Mars,6.39e+23,(-23761.2,4998.83,0),(-0.000562974,-0.0025391,0),(4.68535e+10,2.21006e+11,0)
149,Sun,1.989e+30,(-0.0255528,0.307663,0),(-2.89245e-08,-1.92872e-08,0),(1.29301e+06,2.3962e+06,0)
149,Mercury,3.285e+23,(46615.7,-620.025,0),(0.00110199,0.0382812,0),(2.33464e+09,-5.89027e+10,0)
149,Venus,4.867e+24,(29978.6,-17297.8,0),(0.00559774,0.00955731,0),(-5.27387e+10,-9.596e+10,0)
149,Earth,5.972e+24,(-15937.9,-25342.5,0),(0.00506856,-0.00319869,0),(-1.27235e+11,7.72406e+10,0)
149,Mars,6.39e+23,(-23807.8,4778.99,0),(-0.000539435,-0.00254451,0),(4.47965e+10,2.21419e+11,0)
150,Sun,1.989e+30,(-0.0279731,0.305944,0),(-2.80123e-08,-1.98913e-08,0),(1.2906e+06,2.42263e+06,0)
150,Mercury,3.285e+23,(46485.1,2677.8,0),(-0.00151203,0.0381692,0),(6.35095e+09,-5.86713e+10,0)
150,Venus,4.867e+24,(30439.3,-16459.5,0),(0.00533257,0.00970282,0),(-5.01087e+10,-9.73821e+10,0)
150,Earth,5.972e+24,(-15495.4,-25611.1,0),(0.00512211,-0.00310935,0),(-1.28574e+11,7.50278e+10,0)
150,Mars,6.39e+23,(-23852.4,4558.69,0),(-0.00051584,-0.0025497,0),(4.27357e+10,2.21813e+11,0)
151,Sun,1.989e+30,(-0.0303137,0.304177,0),(-2.70907e-08,-2.04535e-08,0),(1.28798e+06,2.44891e+06,0)
151,Mercury,3.285e+23,(46130.8,5951.82,0),(-0.00410092,0.0378937,0),(1.03366e+10,-5.81571e+10,0)
151,Venus,4.867e+24,(30876.8,-15609.2,0),(0.00506381,0.0098411,0),(-4.7441e+10,-9.87307e+10,0)
151,Earth,5.972e+24,(-15048.3,-25872,0),(0.00517406,-0.00301914,0),(-1.29874e+11,7.27925e+10,0)
151,Mars,6.39e+23,(-23894.9,4337.97,0),(-0.000492193,-0.00255467,0),(4.06711e+10,2.22188e+11,0)
152,Sun,1.989e+30,(-0.032574,0.302365,0),(-2.61615e-08,-2.09739e-08,0),(1.28516e+06,2.47504e+06,0)
152,Mercury,3.285e+23,(45555.6,9188.18,0),(-0.00665661,0.037458,0),(1.42727e+10,-5.73632e+10,0)
152,Venus,4.867e+24,(31290.8,-14747.6,0),(0.00479168,0.00997209,0),(-4.47375e+10,-1.00005e+11,0)
152,Earth,5.972e+24,(-14596.9,-26125,0),(0.0052244,-0.00292807,0),(-1.31135e+11,7.05353e+10,0)
152,Mars,6.39e+23,(-23935.4,4116.84,0),(-0.000468495,-0.00255943,0),(3.86031e+10,2.22543e+11,0)
153,Sun,1.989e+30,(-0.0347536,0.300512,0),(-2.52263e-08,-2.1453e-08,0),(1.28216e+06,2.501e+06,0)
153,Mercury,3.285e+23,(44763.2,12373.3,0),(-0.00917133,0.0368651,0),(1.81402e+10,-5.62942e+10,0)
153,Venus,4.867e+24,(31681,-13875.4,0),(0.00451635,0.0100957,0),(-4.20002e+10,-1.01204e+11,0)
153,Earth,5.972e+24,(-14141.4,-26370,0),(0.00527311,-0.00283618,0),(-1.32357e+11,6.82569e+10,0)
153,Mars,6.39e+23,(-23973.8,3895.31,0),(-0.000444748,-0.00256396,0),(3.65318e+10,2.2288e+11,0)
154,Sun,1.989e+30,(-0.036852,0.29862,0),(-2.42869e-08,-2.18908e-08,0),(1.27898e+06,2.5268e+06,0)
154,Mercury,3.285e+23,(43757.7,15494,0),(-0.0116376,0.0361186,0),(2.19209e+10,-5.49555e+10,0)
154,Venus,4.867e+24,(32047.2,-12993.1,0),(0.00423801,0.0102119,0),(-3.92313e+10,-1.02326e+11,0)
154,Earth,5.972e+24,(-13681.7,-26607.1,0),(0.00532017,-0.0027435,0),(-1.33539e+11,6.5958e+10,0)
154,Mars,6.39e+23,(-24010.2,3673.41,0),(-0.000420954,-0.00256827,0),(3.44573e+10,2.23197e+11,0)
155,Sun,1.989e+30,(-0.038869,0.296695,0),(-2.33448e-08,-2.22879e-08,0),(1.27562e+06,2.55244e+06,0)
155,Mercury,3.285e+23,(42544,18537.1,0),(-0.014048,0.0352217,0),(2.55967e+10,-5.33539e+10,0)
155,Venus,4.867e+24,(32389.1,-12101.4,0),(0.00395687,0.0103206,0),(-3.64329e+10,-1.03372e+11,0)
155,Earth,5.972e+24,(-13218.1,-26836,0),(0.00536559,-0.00265006,0),(-1.34681e+11,6.36394e+10,0)
155,Mars,6.39e+23,(-24044.5,3451.16,0),(-0.000397116,-0.00257235,0),(3.23798e+10,2.23495e+11,0)
156,Sun,1.989e+30,(-0.0408045,0.294738,0),(-2.24018e-08,-2.26444e-08,0),(1.27209e+06,2.5779e+06,0)
156,Mercury,3.285e+23,(41127.4,21490.1,0),(-0.0163954,0.034178,0),(2.91501e+10,-5.14971e+10,0)
156,Venus,4.867e+24,(32706.4,-11200.9,0),(0.0036731,0.0104217,0),(-3.36071e+10,-1.0434e+11,0)
156,Earth,5.972e+24,(-12750.7,-27056.9,0),(0.00540934,-0.00255589,0),(-1.35783e+11,6.13017e+10,0)
156,Mars,6.39e+23,(-24076.8,3228.58,0),(-0.000373235,-0.00257622,0),(3.02996e+10,2.23774e+11,0)
157,Sun,1.989e+30,(-0.0426586,0.292754,0),(-2.14593e-08,-2.29609e-08,0),(1.26841e+06,2.60319e+06,0)
157,Mercury,3.285e+23,(39514.1,24340.5,0),(-0.0186729,0.0329909,0),(3.25641e+10,-4.93941e+10,0)
157,Venus,4.867e+24,(32999.1,-10292.4,0),(0.0033869,0.0105152,0),(-3.0756e+10,-1.05229e+11,0)
157,Earth,5.972e+24,(-12279.7,-27269.5,0),(0.00545141,-0.00246102,0),(-1.36844e+11,5.89456e+10,0)
157,Mars,6.39e+23,(-24106.9,3005.68,0),(-0.000349314,-0.00257986,0),(2.82168e+10,2.24034e+11,0)
158,Sun,1.989e+30,(-0.0444314,0.290747,0),(-2.05191e-08,-2.32375e-08,0),(1.26457e+06,2.62831e+06,0)
158,Mercury,3.285e+23,(37710.6,27076.3,0),(-0.0208733,0.0316641,0),(3.58223e+10,-4.70547e+10,0)
158,Venus,4.867e+24,(33266.8,-9376.5,0),(0.00309847,0.010601,0),(-2.78817e+10,-1.06039e+11,0)
158,Earth,5.972e+24,(-11805.2,-27473.9,0),(0.0054918,-0.00236547,0),(-1.37864e+11,5.65719e+10,0)
158,Mars,6.39e+23,(-24135.1,2782.48,0),(-0.000325354,-0.00258328,0),(2.61315e+10,2.24275e+11,0)
159,Sun,1.989e+30,(-0.0461234,0.288718,0),(-1.95827e-08,-2.34748e-08,0),(1.26058e+06,2.65326e+06,0)
159,Mercury,3.285e+23,(35724.3,29685.7,0),(-0.0229898,0.0302012,0),(3.89089e+10,-4.44899e+10,0)
159,Venus,4.867e+24,(33509.4,-8453.82,0),(0.002808,0.0106791,0),(-2.49865e+10,-1.06769e+11,0)
159,Earth,5.972e+24,(-11327.4,-27669.9,0),(0.00553049,-0.00226929,0),(-1.38843e+11,5.41812e+10,0)
159,Mars,6.39e+23,(-24161.1,2559.01,0),(-0.000301359,-0.00258648,0),(2.4044e+10,2.24496e+11,0)
160,Sun,1.989e+30,(-0.0477349,0.286673,0),(-1.86516e-08,-2.36733e-08,0),(1.25646e+06,2.67803e+06,0)
160,Mercury,3.285e+23,(33563,32157.2,0),(-0.0250153,0.028606,0),(4.18087e+10,-4.17115e+10,0)
160,Venus,4.867e+24,(33726.7,-7525.06,0),(0.00251569,0.0107495,0),(-2.20725e+10,-1.0742e+11,0)
160,Earth,5.972e+24,(-10846.4,-27857.6,0),(0.00556748,-0.0021725,0),(-1.3978e+11,5.17743e+10,0)
160,Mars,6.39e+23,(-24185.1,2335.28,0),(-0.000277329,-0.00258945,0),(2.19544e+10,2.24697e+11,0)
161,Sun,1.989e+30,(-0.0492665,0.284614,0),(-1.77276e-08,-2.38332e-08,0),(1.2522e+06,2.70262e+06,0)
161,Mercury,3.285e+23,(31235.1,34479.9,0),(-0.0269428,0.0268826,0),(4.45074e+10,-3.87324e+10,0)
161,Venus,4.867e+24,(33918.7,-6590.9,0),(0.00222173,0.0108121,0),(-1.91419e+10,-1.07989e+11,0)
161,Earth,5.972e+24,(-10362.3,-28036.9,0),(0.00560275,-0.00207513,0),(-1.40675e+11,4.93519e+10,0)
161,Mars,6.39e+23,(-24206.9,2111.32,0),(-0.000253267,-0.00259219,0),(1.98629e+10,2.2488e+11,0)
162,Sun,1.989e+30,(-0.0507191,0.282544,0),(-1.68123e-08,-2.39553e-08,0),(1.24782e+06,2.72703e+06,0)
162,Mercury,3.285e+23,(28749.8,36642.9,0),(-0.0287651,0.0250351,0),(4.69914e+10,-3.55665e+10,0)
162,Venus,4.867e+24,(34085.1,-5652,0),(0.00192631,0.0108669,0),(-1.6197e+10,-1.08477e+11,0)
162,Earth,5.972e+24,(-9875.32,-28207.8,0),(0.0056363,-0.00197722,0),(-1.41528e+11,4.69147e+10,0)
162,Mars,6.39e+23,(-24226.7,1887.13,0),(-0.000229175,-0.00259471,0),(1.77697e+10,2.25043e+11,0)
163,Sun,1.989e+30,(-0.0520935,0.280467,0),(-1.59072e-08,-2.404e-08,0),(1.24332e+06,2.75126e+06,0)
163,Mercury,3.285e+23,(26116.8,38636,0),(-0.0304751,0.0230681,0),(4.92479e+10,-3.22283e+10,0)
163,Venus,4.867e+24,(34225.9,-4709.05,0),(0.00162964,0.0109138,0),(-1.32399e+10,-1.08884e+11,0)
163,Earth,5.972e+24,(-9385.6,-28370.1,0),(0.00566812,-0.00187879,0),(-1.42339e+11,4.44636e+10,0)
163,Mars,6.39e+23,(-24244.5,1662.75,0),(-0.000205056,-0.00259701,0),(1.5675e+10,2.25187e+11,0)
164,Sun,1.989e+30,(-0.0533907,0.278386,0),(-1.50141e-08,-2.4088e-08,0),(1.23871e+06,2.77532e+06,0)
164,Mercury,3.285e+23,(23346.3,40449.2,0),(-0.0320654,0.0209862,0),(5.1265e+10,-2.87335e+10,0)
164,Venus,4.867e+24,(34341,-3762.73,0),(0.0013319,0.0109528,0),(-1.02728e+10,-1.09209e+11,0)
164,Earth,5.972e+24,(-8893.27,-28523.9,0),(0.00569821,-0.00177987,0),(-1.43108e+11,4.19991e+10,0)
164,Mars,6.39e+23,(-24260.1,1438.19,0),(-0.000180911,-0.00259908,0),(1.35789e+10,2.25311e+11,0)
165,Sun,1.989e+30,(-0.0546119,0.276303,0),(-1.41346e-08,-2.41001e-08,0),(1.23399e+06,2.79919e+06,0)
165,Mercury,3.285e+23,(20449.5,42073.1,0),(-0.0335286,0.0187947,0),(5.30319e+10,-2.50984e+10,0)
165,Venus,4.867e+24,(34430.3,-2813.72,0),(0.0010333,0.010984,0),(-7.29802e+09,-1.09453e+11,0)
165,Earth,5.972e+24,(-8398.5,-28669.1,0),(0.00572655,-0.0016805,0),(-1.43833e+11,3.95221e+10,0)
165,Mars,6.39e+23,(-24273.6,1213.47,0),(-0.000156743,-0.00260092,0),(1.14817e+10,2.25416e+11,0)
166,Sun,1.989e+30,(-0.0557585,0.274223,0),(-1.32705e-08,-2.40769e-08,0),(1.22917e+06,2.82288e+06,0)
166,Mercury,3.285e+23,(17437.8,43498.6,0),(-0.0348571,0.016499,0),(5.45385e+10,-2.13401e+10,0)
166,Venus,4.867e+24,(34493.7,-1862.69,0),(0.000734032,0.0110072,0),(-4.31777e+09,-1.09613e+11,0)
166,Earth,5.972e+24,(-7901.43,-28805.6,0),(0.00575314,-0.00158071,0),(-1.44516e+11,3.70333e+10,0)
166,Mars,6.39e+23,(-24285.1,988.611,0),(-0.000132553,-0.00260254,0),(9.38346e+09,2.25501e+11,0)
167,Sun,1.989e+30,(-0.0568319,0.272148,0),(-1.24235e-08,-2.40194e-08,0),(1.22426e+06,2.8464e+06,0)
167,Mercury,3.285e+23,(14323.7,44717.3,0),(-0.0360433,0.0141054,0),(5.5776e+10,-1.74765e+10,0)
167,Venus,4.867e+24,(34531.2,-910.349,0),(0.000434293,0.0110225,0),(-1.33427e+09,-1.09692e+11,0)
167,Earth,5.972e+24,(-7402.21,-28933.6,0),(0.00577798,-0.00148053,0),(-1.45155e+11,3.45334e+10,0)
167,Mars,6.39e+23,(-24294.4,763.632,0),(-0.000108345,-0.00260393,0),(7.28442e+09,2.25567e+11,0)
168,Sun,1.989e+30,(-0.0578337,0.270081,0),(-1.15953e-08,-2.39285e-08,0),(1.21926e+06,2.86973e+06,0)
168,Mercury,3.285e+23,(11120,45721.3,0),(-0.0370795,0.0116204,0),(5.67368e+10,-1.35262e+10,0)
168,Venus,4.867e+24,(34542.8,42.6329,0),(0.000134279,0.0110299,0),(1.65023e+09,-1.09688e+11,0)
168,Earth,5.972e+24,(-6901,-29052.8,0),(0.00580106,-0.00137999,0),(-1.45752e+11,3.20233e+10,0)
168,Mars,6.39e+23,(-24301.7,538.552,0),(-8.41192e-05,-0.00260509,0),(5.18475e+09,2.25614e+11,0)
169,Sun,1.989e+30,(-0.0587658,0.268024,0),(-1.07878e-08,-2.38054e-08,0),(1.21419e+06,2.89289e+06,0)
169,Mercury,3.285e+23,(7840.44,46503.3,0),(-0.0379579,0.00905135,0),(5.74142e+10,-9.50833e+09,0)
169,Venus,4.867e+24,(34528.5,995.568,0),(-0.000165812,0.0110293,0),(4.63349e+09,-1.09602e+11,0)
169,Earth,5.972e+24,(-6397.94,-29163.3,0),(0.00582238,-0.00127912,0),(-1.46304e+11,2.95036e+10,0)
169,Mars,6.39e+23,(-24306.9,313.391,0),(-5.98788e-05,-0.00260603,0),(3.08464e+09,2.25641e+11,0)
170,Sun,1.989e+30,(-0.05963,0.26598,0),(-1.00025e-08,-2.36513e-08,0),(1.20903e+06,2.91587e+06,0)
170,Mercury,3.285e+23,(4499.28,47056.8,0),(-0.0386708,0.0064063,0),(5.7803e+10,-5.44262e+09,0)
170,Venus,4.867e+24,(34488.3,1947.77,0),(-0.000465783,0.0110209,0),(7.61328e+09,-1.09434e+11,0)
170,Earth,5.972e+24,(-5893.2,-29265.1,0),(0.00584193,-0.00117795,0),(-1.46814e+11,2.69751e+10,0)
170,Mars,6.39e+23,(-24310,88.1695,0),(-3.56258e-05,-0.00260673,0),(9.84259e+08,2.25648e+11,0)
171,Sun,1.989e+30,(-0.0604285,0.263953,0),(-9.2413e-09,-2.34676e-08,0),(1.20381e+06,2.93867e+06,0)
171,Mercury,3.285e+23,(1111.5,47376,0),(-0.0392105,0.00369402,0),(5.7899e+10,-1.34933e+09,0)
171,Venus,4.867e+24,(34422.1,2898.55,0),(-0.000765438,0.0110044,0),(1.05873e+10,-1.09184e+11,0)
171,Earth,5.972e+24,(-5386.92,-29358.1,0),(0.00585972,-0.00107652,0),(-1.47279e+11,2.44385e+10,0)
171,Mars,6.39e+23,(-24310.9,-137.094,0),(-1.13623e-05,-0.00260722,0),(-1.11621e+09,2.25636e+11,0)
172,Sun,1.989e+30,(-0.0611634,0.261943,0),(-8.50589e-09,-2.32558e-08,0),(1.19853e+06,2.96131e+06,0)
172,Mercury,3.285e+23,(-2307.31,47455.9,0),(-0.0395696,0.000924174,0),(5.76996e+10,2.75085e+09,0)
172,Venus,4.867e+24,(34330.1,3847.24,0),(-0.00106458,0.0109801,0),(1.35535e+10,-1.08851e+11,0)
172,Earth,5.972e+24,(-4879.26,-29442.3,0),(0.00587573,-0.000974858,0),(-1.47701e+11,2.18947e+10,0)
172,Mars,6.39e+23,(-24309.8,-362.379,0),(1.29094e-05,-0.00260747,0),(-3.21658e+09,2.25605e+11,0)
173,Sun,1.989e+30,(-0.0618371,0.259955,0),(-7.79791e-09,-2.30176e-08,0),(1.19319e+06,2.98377e+06,0)
173,Mercury,3.285e+23,(-5740.92,47292.3,0),(-0.0397408,-0.00189268,0),(5.72036e+10,6.83691e+09,0)
173,Venus,4.867e+24,(34212.4,4793.13,0),(-0.00136301,0.0109479,0),(1.65094e+10,-1.08437e+11,0)
173,Earth,5.972e+24,(-4370.36,-29517.7,0),(0.00588997,-0.00087299,0),(-1.48078e+11,1.93444e+10,0)
173,Mars,6.39e+23,(-24306.6,-587.666,0),(3.71872e-05,-0.00260749,0),(-5.31667e+09,2.25554e+11,0)
174,Sun,1.989e+30,(-0.0624522,0.257989,0),(-7.119e-09,-2.27547e-08,0),(1.18779e+06,3.00606e+06,0)
174,Mercury,3.285e+23,(-9172.49,46882.4,0),(-0.0397173,-0.00474501,0),(5.64111e+10,1.08875e+10,0)
174,Venus,4.867e+24,(34068.9,5735.56,0),(-0.00166053,0.0109078,0),(1.9453e+10,-1.07942e+11,0)
174,Earth,5.972e+24,(-3860.39,-29584.3,0),(0.00590244,-0.00077095,0),(-1.48412e+11,1.67883e+10,0)
174,Mars,6.39e+23,(-24301.3,-812.936,0),(6.1469e-05,-0.00260729,0),(-7.4163e+09,2.25484e+11,0)
175,Sun,1.989e+30,(-0.0630113,0.256047,0),(-6.47067e-09,-2.24694e-08,0),(1.18235e+06,3.02818e+06,0)
175,Mercury,3.285e+23,(-12584.7,46224,0),(-0.0394926,-0.00762029,0),(5.53238e+10,1.48813e+10,0)
175,Venus,4.867e+24,(33899.8,6673.85,0),(-0.00195696,0.0108598,0),(2.23819e+10,-1.07365e+11,0)
175,Earth,5.972e+24,(-3349.5,-29642.1,0),(0.00591313,-0.000668769,0),(-1.48701e+11,1.42272e+10,0)
175,Mars,6.39e+23,(-24293.9,-1038.17,0),(8.57524e-05,-0.00260686,0),(-9.51529e+09,2.25394e+11,0)
176,Sun,1.989e+30,(-0.0635171,0.254132,0),(-5.85436e-09,-2.21637e-08,0),(1.17686e+06,3.05014e+06,0)
176,Mercury,3.285e+23,(-15959.5,45316.3,0),(-0.0390611,-0.010505,0),(5.39449e+10,1.87966e+10,0)
176,Venus,4.867e+24,(33705.2,7607.31,0),(-0.00225208,0.010804,0),(2.52941e+10,-1.06708e+11,0)
176,Earth,5.972e+24,(-2837.83,-29691.1,0),(0.00592204,-0.000566478,0),(-1.48946e+11,1.16619e+10,0)
176,Mars,6.39e+23,(-24284.4,-1263.34,0),(0.000110035,-0.0026062,0),(-1.16135e+10,2.25285e+11,0)
177,Sun,1.989e+30,(-0.0639725,0.252245,0),(-5.27137e-09,-2.18401e-08,0),(1.17133e+06,3.07193e+06,0)
177,Mercury,3.285e+23,(-19278.8,44159.9,0),(-0.0384177,-0.0133844,0),(5.22792e+10,2.2612e+10,0)
177,Venus,4.867e+24,(33485.3,8535.28,0),(-0.00254571,0.0107403,0),(2.81872e+10,-1.0597e+11,0)
177,Earth,5.972e+24,(-2325.55,-29731.2,0),(0.00592919,-0.000464109,0),(-1.49147e+11,9.09313e+09,0)
177,Mars,6.39e+23,(-24272.8,-1488.44,0),(0.000134316,-0.00260531,0),(-1.37106e+10,2.25157e+11,0)
178,Sun,1.989e+30,(-0.0643806,0.250388,0),(-4.72284e-09,-2.15011e-08,0),(1.16577e+06,3.09356e+06,0)
178,Mercury,3.285e+23,(-22523.9,42756.5,0),(-0.0375584,-0.0162431,0),(5.03332e+10,2.63062e+10,0)
178,Venus,4.867e+24,(33240.1,9457.07,0),(-0.00283765,0.0106689,0),(3.10591e+10,-1.05153e+11,0)
178,Earth,5.972e+24,(-1812.81,-29762.4,0),(0.00593455,-0.000361692,0),(-1.49304e+11,6.52166e+09,0)
178,Mars,6.39e+23,(-24259.1,-1713.44,0),(0.000158591,-0.00260419,0),(-1.58066e+10,2.25009e+11,0)
179,Sun,1.989e+30,(-0.0647443,0.24856,0),(-4.20975e-09,-2.11495e-08,0),(1.16017e+06,3.11504e+06,0)
179,Mercury,3.285e+23,(-25675.7,41109.4,0),(-0.0364802,-0.0190643,0),(4.81148e+10,2.98581e+10,0)
179,Venus,4.867e+24,(32969.9,10372,0),(-0.00312771,0.0105898,0),(3.39077e+10,-1.04257e+11,0)
179,Earth,5.972e+24,(-1299.75,-29784.8,0),(0.00593815,-0.000259259,0),(-1.49416e+11,3.94825e+09,0)
179,Mars,6.39e+23,(-24243.3,-1938.33,0),(0.00018286,-0.00260284,0),(-1.79012e+10,2.24841e+11,0)
180,Sun,1.989e+30,(-0.0650668,0.246764,0),(-3.73283e-09,-2.07882e-08,0),(1.15455e+06,3.13636e+06,0)
180,Mercury,3.285e+23,(-28715.4,39223.2,0),(-0.0351816,-0.0218305,0),(4.56338e+10,3.32469e+10,0)
180,Venus,4.867e+24,(32674.8,11279.5,0),(-0.00341568,0.010503,0),(3.67308e+10,-1.03282e+11,0)
180,Earth,5.972e+24,(-786.537,-29798.4,0),(0.00593998,-0.000156839,0),(-1.49484e+11,1.37367e+09,0)
180,Mars,6.39e+23,(-24225.4,-2163.08,0),(0.000207119,-0.00260127,0),(-1.99943e+10,2.24654e+11,0)
181,Sun,1.989e+30,(-0.0653513,0.245,0),(-3.29261e-09,-2.04202e-08,0),(1.14891e+06,3.15753e+06,0)
181,Mercury,3.285e+23,(-31623.9,37104.4,0),(-0.0336623,-0.0245233,0),(4.29015e+10,3.64528e+10,0)
181,Venus,4.867e+24,(32355,12178.8,0),(-0.00370139,0.0104085,0),(3.95263e+10,-1.0223e+11,0)
181,Earth,5.972e+24,(-273.318,-29803.1,0),(0.00594004,-5.4463e-05,0),(-1.49508e+11,-1.20132e+09,0)
181,Mars,6.39e+23,(-24205.4,-2387.67,0),(0.000231367,-0.00259947,0),(-2.20857e+10,2.24448e+11,0)
182,Sun,1.989e+30,(-0.0656009,0.243268,0),(-2.8893e-09,-2.00488e-08,0),(1.14324e+06,3.17855e+06,0)
182,Mercury,3.285e+23,(-34382.1,34760.9,0),(-0.0319239,-0.0271236,0),(3.99308e+10,3.94561e+10,0)
182,Venus,4.867e+24,(32010.7,13069.2,0),(-0.00398464,0.0103064,0),(4.2292e+10,-1.01101e+11,0)
182,Earth,5.972e+24,(239.753,-29798.9,0),(0.00593833,4.78377e-05,0),(-1.49487e+11,-3.77595e+09,0)
182,Mars,6.39e+23,(-24183.3,-2612.09,0),(0.000255601,-0.00259744,0),(-2.41751e+10,2.24222e+11,0)
183,Sun,1.989e+30,(-0.0658189,0.241568,0),(-2.52284e-09,-1.96772e-08,0),(1.13755e+06,3.19942e+06,0)
183,Mercury,3.285e+23,(-36971.5,32202.5,0),(-0.0299696,-0.0296118,0),(3.67365e+10,4.22384e+10,0)
183,Venus,4.867e+24,(31642.2,13950.3,0),(-0.00426523,0.0101968,0),(4.50259e+10,-9.98957e+10,0)
183,Earth,5.972e+24,(752.526,-29786,0),(0.00593486,0.000150033,0),(-1.49422e+11,-6.34946e+09,0)
183,Mars,6.39e+23,(-24159.1,-2836.32,0),(0.00027982,-0.00259518,0),(-2.62624e+10,2.23977e+11,0)
184,Sun,1.989e+30,(-0.0660084,0.239899,0),(-2.19284e-09,-1.93089e-08,0),(1.13185e+06,3.22014e+06,0)
184,Mercury,3.285e+23,(-39373.8,29440.4,0),(-0.0278049,-0.0319678,0),(3.33346e+10,4.47821e+10,0)
184,Venus,4.867e+24,(31249.7,14821.1,0),(-0.00454297,0.0100797,0),(4.77259e+10,-9.86152e+10,0)
184,Earth,5.972e+24,(1264.85,-29764.2,0),(0.00592964,0.000252093,0),(-1.49313e+11,-8.92108e+09,0)
184,Mars,6.39e+23,(-24132.9,-3060.32,0),(0.00030402,-0.00259269,0),(-2.83475e+10,2.23713e+11,0)
185,Sun,1.989e+30,(-0.0661724,0.238262,0),(-1.89853e-09,-1.89471e-08,0),(1.12613e+06,3.24073e+06,0)
185,Mercury,3.285e+23,(-41571.6,26488,0),(-0.0254372,-0.0341713,0),(2.97428e+10,4.70706e+10,0)
185,Venus,4.867e+24,(30833.4,15681.3,0),(-0.00481767,0.00995522,0),(5.03899e+10,-9.72603e+10,0)
185,Earth,5.972e+24,(1776.57,-29733.6,0),(0.00592267,0.000353988,0),(-1.49159e+11,-1.14901e+10,0)
185,Mars,6.39e+23,(-24104.5,-3284.1,0),(0.0003282,-0.00258997,0),(-3.04302e+10,2.23429e+11,0)
186,Sun,1.989e+30,(-0.066314,0.236656,0),(-1.63879e-09,-1.85953e-08,0),(1.1204e+06,3.26118e+06,0)
186,Mercury,3.285e+23,(-43548.1,23360.2,0),(-0.0228762,-0.0362024,0),(2.59803e+10,4.90889e+10,0)
186,Venus,4.867e+24,(30393.7,16530,0),(-0.00508914,0.00982338,0),(5.30159e+10,-9.58321e+10,0)
186,Earth,5.972e+24,(2287.53,-29694.2,0),(0.00591395,0.000455687,0),(-1.48962e+11,-1.40557e+10,0)
186,Mars,6.39e+23,(-24074.1,-3507.62,0),(0.000352358,-0.00258703,0),(-3.25102e+10,2.23126e+11,0)
187,Sun,1.989e+30,(-0.066436,0.235078,0),(-1.41213e-09,-1.82569e-08,0),(1.11466e+06,3.28149e+06,0)
187,Mercury,3.285e+23,(-45287.6,20073.4,0),(-0.0201338,-0.0380414,0),(2.20674e+10,5.08233e+10,0)
187,Venus,4.867e+24,(29930.9,17366.7,0),(-0.0053572,0.00968427,0),(5.56019e+10,-9.43317e+10,0)
187,Earth,5.972e+24,(2797.59,-29646.1,0),(0.00590349,0.000557161,0),(-1.4872e+11,-1.66171e+10,0)
187,Mars,6.39e+23,(-24041.5,-3730.86,0),(0.000376491,-0.00258386,0),(-3.45873e+10,2.22804e+11,0)
188,Sun,1.989e+30,(-0.0665411,0.233529,0),(-1.21662e-09,-1.79351e-08,0),(1.10891e+06,3.30166e+06,0)
188,Mercury,3.285e+23,(-46775.8,16646,0),(-0.0172246,-0.0396692,0),(1.8026e+10,5.22615e+10,0)
188,Venus,4.867e+24,(29445.2,18190.8,0),(-0.00562166,0.00953796,0),(5.8146e+10,-9.276e+10,0)
188,Earth,5.972e+24,(3306.6,-29589.2,0),(0.00589129,0.00065838,0),(-1.48434e+11,-1.91736e+10,0)
188,Mars,6.39e+23,(-24006.9,-3953.81,0),(0.000400598,-0.00258045,0),(-3.66615e+10,2.22462e+11,0)
189,Sun,1.989e+30,(-0.0666318,0.232005,0),(-1.05e-09,-1.76329e-08,0),(1.10316e+06,3.32171e+06,0)
189,Mercury,3.285e+23,(-47999.7,13097.7,0),(-0.0141652,-0.0410681,0),(1.38788e+10,5.33931e+10,0)
189,Venus,4.867e+24,(28936.9,19001.6,0),(-0.00588233,0.00938455,0),(6.06462e+10,-9.11182e+10,0)
189,Earth,5.972e+24,(3814.4,-29523.6,0),(0.00587737,0.000759315,0),(-1.48105e+11,-2.17244e+10,0)
189,Mars,6.39e+23,(-23970.2,-4176.45,0),(0.000424675,-0.00257683,0),(-3.87326e+10,2.22101e+11,0)
190,Sun,1.989e+30,(-0.0667104,0.230506,0),(-9.09574e-10,-1.73532e-08,0),(1.09739e+06,3.34163e+06,0)
190,Mercury,3.285e+23,(-48947.9,9449.74,0),(-0.0109747,-0.0422214,0),(9.64972e+09,5.42096e+10,0)
190,Venus,4.867e+24,(28406.5,19798.6,0),(-0.00613902,0.00922411,0),(6.31005e+10,-8.94076e+10,0)
190,Earth,5.972e+24,(4320.86,-29449.3,0),(0.00586172,0.000859937,0),(-1.47731e+11,-2.42688e+10,0)
190,Mars,6.39e+23,(-23931.5,-4398.76,0),(0.000448721,-0.00257297,0),(-4.08002e+10,2.21721e+11,0)
191,Sun,1.989e+30,(-0.0667789,0.229029,0),(-7.92321e-10,-1.70985e-08,0),(1.09162e+06,3.36141e+06,0)
191,Mercury,3.285e+23,(-49611,5724.66,0),(-0.00767429,-0.0431144,0),(5.36333e+09,5.47042e+10,0)
191,Venus,4.867e+24,(27854.3,20581.1,0),(-0.00639155,0.00905674,0),(6.55071e+10,-8.76294e+10,0)
191,Earth,5.972e+24,(4825.81,-29366.4,0),(0.00584437,0.000960217,0),(-1.47314e+11,-2.68061e+10,0)
191,Mars,6.39e+23,(-23890.6,-4620.71,0),(0.000472734,-0.00256889,0),(-4.28644e+10,2.21322e+11,0)
192,Sun,1.989e+30,(-0.0668389,0.227571,0),(-6.94877e-10,-1.68712e-08,0),(1.08585e+06,3.38108e+06,0)
192,Mercury,3.285e+23,(-49981.4,1946.01,0),(-0.00428721,-0.0437343,0),(1.04493e+09,5.48723e+10,0)
192,Venus,4.867e+24,(27280.6,21348.6,0),(-0.00663975,0.00888253,0),(6.78641e+10,-8.57849e+10,0)
192,Earth,5.972e+24,(5329.12,-29274.8,0),(0.0058253,0.00106013,0),(-1.46854e+11,-2.93354e+10,0)
192,Mars,6.39e+23,(-23847.7,-4842.29,0),(0.000496711,-0.00256458,0),(-4.49248e+10,2.20904e+11,0)
193,Sun,1.989e+30,(-0.0668919,0.22613,0),(-6.13583e-10,-1.66731e-08,0),(1.08007e+06,3.40061e+06,0)
193,Mercury,3.285e+23,(-50053.8,-1861.71,0),(-0.000838428,-0.0440709,0),(-3.27972e+09,5.47115e+10,0)
193,Venus,4.867e+24,(26685.9,22100.4,0),(-0.00688342,0.00870159,0),(7.01698e+10,-8.38754e+10,0)
193,Earth,5.972e+24,(5830.63,-29174.6,0),(0.00580454,0.00115963,0),(-1.4635e+11,-3.18561e+10,0)
193,Mars,6.39e+23,(-23802.7,-5063.48,0),(0.000520651,-0.00256004,0),(-4.69814e+10,2.20466e+11,0)
194,Sun,1.989e+30,(-0.066939,0.224704,0),(-5.44535e-10,-1.65056e-08,0),(1.07428e+06,3.42003e+06,0)
194,Mercury,3.285e+23,(-49825.3,-5673.36,0),(0.00264561,-0.0441163,0),(-7.58462e+09,5.42213e+10,0)
194,Venus,4.867e+24,(26070.5,22836,0),(-0.00712239,0.00851401,0),(7.24223e+10,-8.19024e+10,0)
194,Earth,5.972e+24,(6330.2,-29065.8,0),(0.0057821,0.00125871,0),(-1.45803e+11,-3.43674e+10,0)
194,Mars,6.39e+23,(-23755.7,-5284.25,0),(0.00054455,-0.00255528,0),(-4.90339e+10,2.20009e+11,0)
195,Sun,1.989e+30,(-0.0669808,0.22329,0),(-4.83642e-10,-1.63698e-08,0),(1.0685e+06,3.43932e+06,0)
195,Mercury,3.285e+23,(-49295,-9463.37,0),(0.00613732,-0.0438659,0),(-1.18437e+10,5.34037e+10,0)
195,Venus,4.867e+24,(25434.9,23554.8,0),(-0.00735648,0.00831991,0),(7.46199e+10,-7.98673e+10,0)
195,Earth,5.972e+24,(6827.69,-28948.5,0),(0.00575797,0.00135734,0),(-1.45213e+11,-3.68686e+10,0)
195,Mars,6.39e+23,(-23706.6,-5504.6,0),(0.000568407,-0.00255029,0),(-5.10821e+10,2.19534e+11,0)
196,Sun,1.989e+30,(-0.0670176,0.221885,0),(-4.26685e-10,-1.6266e-08,0),(1.06271e+06,3.45849e+06,0)
196,Mercury,3.285e+23,(-48464.8,-13206,0),(0.00960838,-0.0433178,0),(-1.60311e+10,5.22627e+10,0)
196,Venus,4.867e+24,(24779.5,24256.3,0),(-0.00758551,0.0081194,0),(7.67608e+10,-7.77715e+10,0)
196,Earth,5.972e+24,(7322.95,-28822.8,0),(0.00573218,0.00145548,0),(-1.44581e+11,-3.93589e+10,0)
196,Mars,6.39e+23,(-23655.4,-5724.49,0),(0.00059222,-0.00254508,0),(-5.3126e+10,2.19039e+11,0)
197,Sun,1.989e+30,(-0.0670495,0.220485,0),(-3.69387e-10,-1.61942e-08,0),(1.05691e+06,3.47754e+06,0)
197,Mercury,3.285e+23,(-47339,-16875.8,0),(0.0130301,-0.0424738,0),(-2.01212e+10,5.08046e+10,0)
197,Venus,4.867e+24,(24104.8,24940,0),(-0.00780932,0.0079126,0),(7.88435e+10,-7.56167e+10,0)
197,Earth,5.972e+24,(7815.84,-28688.6,0),(0.00570473,0.00155311,0),(-1.43905e+11,-4.18375e+10,0)
197,Mars,6.39e+23,(-23602.2,-5943.92,0),(0.000615986,-0.00253964,0),(-5.51652e+10,2.18526e+11,0)
198,Sun,1.989e+30,(-0.0670761,0.21909,0),(-3.07489e-10,-1.6154e-08,0),(1.05112e+06,3.49647e+06,0)
198,Mercury,3.285e+23,(-45924.3,-20447.4,0),(0.0163741,-0.0413384,0),(-2.4089e+10,4.90379e+10,0)
198,Venus,4.867e+24,(23411.2,25605.2,0),(-0.00802772,0.00769963,0),(8.08662e+10,-7.34044e+10,0)
198,Earth,5.972e+24,(8306.21,-28546,0),(0.00567563,0.0016502,0),(-1.43188e+11,-4.43039e+10,0)
198,Mars,6.39e+23,(-23546.9,-6162.85,0),(0.000639703,-0.00253398,0),(-5.71996e+10,2.17993e+11,0)
199,Sun,1.989e+30,(-0.0670966,0.217695,0),(-2.3682e-10,-1.6144e-08,0),(1.04532e+06,3.51528e+06,0)
199,Mercury,3.285e+23,(-44229.8,-23896.5,0),(0.0196122,-0.0399199,0),(-2.79105e+10,4.69733e+10,0)
199,Venus,4.867e+24,(22699.2,26251.6,0),(-0.00824056,0.00748063,0),(8.28274e+10,-7.11363e+10,0)
199,Earth,5.972e+24,(8793.93,-28395.1,0),(0.0056449,0.00174672,0),(-1.42428e+11,-4.67573e+10,0)
199,Mars,6.39e+23,(-23489.6,-6381.28,0),(0.00066337,-0.00252809,0),(-5.92291e+10,2.17442e+11,0)
200,Sun,1.989e+30,(-0.0671098,0.216298,0),(-1.53374e-10,-1.61629e-08,0),(1.03952e+06,3.53397e+06,0)
200,Mercury,3.285e+23,(-42267,-27199.5,0),(0.0227175,-0.0382293,0),(-3.15624e+10,4.46233e+10,0)
200,Venus,4.867e+24,(21969.3,26878.5,0),(-0.00844766,0.00725571,0),(8.47255e+10,-6.8814e+10,0)
200,Earth,5.972e+24,(9278.86,-28235.9,0),(0.00561255,0.00184265,0),(-1.41626e+11,-4.91968e+10,0)
200,Mars,6.39e+23,(-23430.2,-6599.18,0),(0.000686983,-0.00252198,0),(-6.12535e+10,2.16872e+11,0)
201,Sun,1.989e+30,(-0.0671144,0.214898,0),(-5.33779e-11,-1.62084e-08,0),(1.03372e+06,3.55253e+06,0)
201,Mercury,3.285e+23,(-40049.6,-30334.2,0),(0.0256646,-0.0362809,0),(-3.50226e+10,4.20024e+10,0)
201,Venus,4.867e+24,(21222.1,27485.4,0),(-0.00864885,0.00702503,0),(8.65591e+10,-6.64392e+10,0)
201,Earth,5.972e+24,(9760.85,-28068.5,0),(0.00557858,0.00193796,0),(-1.40783e+11,-5.1622e+10,0)
201,Mars,6.39e+23,(-23368.8,-6816.53,0),(0.000710541,-0.00251564,0),(-6.32726e+10,2.16283e+11,0)
202,Sun,1.989e+30,(-0.0671087,0.213491,0),(6.66435e-11,-1.62781e-08,0),(1.02793e+06,3.57098e+06,0)
202,Mercury,3.285e+23,(-37593.3,-33279.7,0),(0.0284298,-0.0340917,0),(-3.82707e+10,3.9127e+10,0)
202,Venus,4.867e+24,(20458,28072,0),(-0.00884398,0.00678872,0),(8.83267e+10,-6.40138e+10,0)
202,Earth,5.972e+24,(10239.8,-27892.8,0),(0.00554301,0.00203262,0),(-1.39898e+11,-5.40319e+10,0)
202,Mars,6.39e+23,(-23305.4,-7033.31,0),(0.000734042,-0.00250908,0),(-6.52862e+10,2.15675e+11,0)
203,Sun,1.989e+30,(-0.0670906,0.212077,0),(2.09807e-10,-1.63689e-08,0),(1.02213e+06,3.5893e+06,0)
203,Mercury,3.285e+23,(-34915.6,-36017,0),(0.0309915,-0.0316813,0),(-4.12874e+10,3.60152e+10,0)
203,Venus,4.867e+24,(19677.5,28637.6,0),(-0.00903289,0.00654692,0),(9.00268e+10,-6.15395e+10,0)
203,Earth,5.972e+24,(10715.5,-27709.1,0),(0.00550586,0.00212661,0),(-1.38972e+11,-5.6426e+10,0)
203,Mars,6.39e+23,(-23240,-7249.51,0),(0.000757483,-0.0025023,0),(-6.72941e+10,2.15049e+11,0)
204,Sun,1.989e+30,(-0.0670578,0.210654,0),(3.78825e-10,-1.64777e-08,0),(1.01634e+06,3.6075e+06,0)
204,Mercury,3.285e+23,(-32035.8,-38528.7,0),(0.0333309,-0.029071,0),(-4.40553e+10,3.26863e+10,0)
204,Venus,4.867e+24,(18881.3,29181.9,0),(-0.00921541,0.0062998,0),(9.16582e+10,-5.90182e+10,0)
204,Earth,5.972e+24,(11187.8,-27517.3,0),(0.00546714,0.00221991,0),(-1.38006e+11,-5.88035e+10,0)
204,Mars,6.39e+23,(-23172.5,-7465.11,0),(0.000780862,-0.00249529,0),(-6.92962e+10,2.14404e+11,0)
205,Sun,1.989e+30,(-0.0670081,0.209219,0),(5.75966e-10,-1.66008e-08,0),(1.01055e+06,3.62558e+06,0)
205,Mercury,3.285e+23,(-28974.5,-40799.7,0),(0.0354316,-0.0262845,0),(-4.65587e+10,2.91612e+10,0)
205,Venus,4.867e+24,(18069.9,29704.4,0),(-0.00939139,0.0060475,0),(9.32194e+10,-5.64518e+10,0)
205,Earth,5.972e+24,(11656.7,-27317.5,0),(0.00542685,0.00231247,0),(-1.36999e+11,-6.11637e+10,0)
205,Mars,6.39e+23,(-23103,-7680.07,0),(0.000804177,-0.00248807,0),(-7.12923e+10,2.1374e+11,0)
206,Sun,1.989e+30,(-0.0669387,0.207773,0),(8.03024e-10,-1.67345e-08,0),(1.00476e+06,3.64353e+06,0)
206,Mercury,3.285e+23,(-25753.5,-42816.8,0),(0.0372802,-0.0233464,0),(-4.87838e+10,2.54618e+10,0)
206,Venus,4.867e+24,(17243.8,30204.7,0),(-0.00956068,0.00579018,0),(9.47093e+10,-5.38421e+10,0)
206,Earth,5.972e+24,(12122,-27109.8,0),(0.00538502,0.00240429,0),(-1.35951e+11,-6.3506e+10,0)
206,Mars,6.39e+23,(-23031.5,-7894.4,0),(0.000827427,-0.00248062,0),(-7.32822e+10,2.13058e+11,0)
207,Sun,1.989e+30,(-0.066847,0.206315,0),(1.06131e-09,-1.68748e-08,0),(998987,3.66136e+06,0)
207,Mercury,3.285e+23,(-22395.5,-44569.2,0),(0.0388665,-0.0202823,0),(-5.07188e+10,2.1611e+10,0)
207,Venus,4.867e+24,(16403.8,30682.3,0),(-0.00972314,0.00552802,0),(9.61266e+10,-5.11911e+10,0)
207,Earth,5.972e+24,(12583.5,-26894.2,0),(0.00534166,0.00249534,0),(-1.34864e+11,-6.58296e+10,0)
207,Mars,6.39e+23,(-22958,-8108.06,0),(0.000850607,-0.00247296,0),(-7.52658e+10,2.12358e+11,0)
208,Sun,1.989e+30,(-0.0667302,0.204845,0),(1.35164e-09,-1.70179e-08,0),(993221,3.67906e+06,0)
208,Mercury,3.285e+23,(-18923.7,-46048.2,0),(0.0401829,-0.0171185,0),(-5.23538e+10,1.76325e+10,0)
208,Venus,4.867e+24,(15550.3,31136.9,0),(-0.00987862,0.00526117,0),(9.74701e+10,-4.85009e+10,0)
208,Earth,5.972e+24,(13041.1,-26670.8,0),(0.00529679,0.00258558,0),(-1.33737e+11,-6.8134e+10,0)
208,Mars,6.39e+23,(-22882.6,-8321.05,0),(0.000873718,-0.00246507,0),(-7.72429e+10,2.11639e+11,0)
209,Sun,1.989e+30,(-0.0665855,0.203362,0),(1.67434e-09,-1.71597e-08,0),(987468,3.69663e+06,0)
209,Mercury,3.285e+23,(-15361.8,-47247.6,0),(0.0412253,-0.0138813,0),(-5.3681e+10,1.35503e+10,0)
209,Venus,4.867e+24,(14683.9,31568,0),(-0.010027,0.00498982,0),(9.87388e+10,-4.57734e+10,0)
209,Earth,5.972e+24,(13494.8,-26439.7,0),(0.00525041,0.00267501,0),(-1.32571e+11,-7.04184e+10,0)
209,Mars,6.39e+23,(-22805.1,-8533.33,0),(0.000896756,-0.00245696,0),(-7.92132e+10,2.10901e+11,0)
210,Sun,1.989e+30,(-0.0664102,0.201868,0),(2.02929e-09,-1.72962e-08,0),(981731,3.71407e+06,0)
210,Mercury,3.285e+23,(-11733.7,-48163.1,0),(0.041992,-0.0105966,0),(-5.46948e+10,9.38898e+09,0)
210,Venus,4.867e+24,(13805.4,31975.3,0),(-0.0101681,0.00471414,0),(9.99316e+10,-4.30108e+10,0)
210,Earth,5.972e+24,(13944.3,-26200.9,0),(0.00520255,0.00276358,0),(-1.31367e+11,-7.26821e+10,0)
210,Mars,6.39e+23,(-22725.6,-8744.89,0),(0.000919719,-0.00244864,0),(-8.11767e+10,2.10146e+11,0)
211,Sun,1.989e+30,(-0.0662015,0.200363,0),(2.41588e-09,-1.74237e-08,0),(976011,3.73138e+06,0)
211,Mercury,3.285e+23,(-8063.04,-48793,0),(0.0424843,-0.00728992,0),(-5.53915e+10,5.17326e+09,0)
211,Venus,4.867e+24,(12915.3,32358.4,0),(-0.0103018,0.00443432,0),(1.01047e+11,-4.0215e+10,0)
211,Earth,5.972e+24,(14389.5,-25954.5,0),(0.00515323,0.00285129,0),(-1.30123e+11,-7.49246e+10,0)
211,Mars,6.39e+23,(-22644.2,-8955.71,0),(0.000942605,-0.0024401,0),(-8.31332e+10,2.09372e+11,0)
212,Sun,1.989e+30,(-0.0659567,0.198847,0),(2.83314e-09,-1.75385e-08,0),(970312,3.74856e+06,0)
212,Mercury,3.285e+23,(-4373.24,-49137.3,0),(0.0427061,-0.0039856,0),(-5.57693e+10,9.27798e+08,0)
212,Venus,4.867e+24,(12014.4,32717,0),(-0.0104279,0.00415054,0),(1.02086e+11,-3.73882e+10,0)
212,Earth,5.972e+24,(14830.4,-25700.7,0),(0.00510244,0.0029381,0),(-1.28842e+11,-7.71451e+10,0)
212,Mars,6.39e+23,(-22560.8,-9165.78,0),(0.000965413,-0.00243134,0),(-8.50824e+10,2.0858e+11,0)
213,Sun,1.989e+30,(-0.0656733,0.197323,0),(3.2797e-09,-1.76372e-08,0),(964638,3.76561e+06,0)
213,Mercury,3.285e+23,(-687.117,-49198.4,0),(0.0426634,-0.000706911,0),(-5.58287e+10,-3.32294e+09,0)
213,Venus,4.867e+24,(11103.1,33050.8,0),(-0.0105465,0.003863,0),(1.03045e+11,-3.45326e+10,0)
213,Earth,5.972e+24,(15266.7,-25439.4,0),(0.00505023,0.00302399,0),(-1.27523e+11,-7.93431e+10,0)
213,Mars,6.39e+23,(-22475.4,-9375.07,0),(0.000988139,-0.00242236,0),(-8.70243e+10,2.0777e+11,0)
214,Sun,1.989e+30,(-0.065349,0.195793,0),(3.75386e-09,-1.77165e-08,0),(958992,3.78253e+06,0)
214,Mercury,3.285e+23,(2973.17,-48980.3,0),(0.0423644,0.00252433,0),(-5.55718e+10,-7.55484e+09,0)
214,Venus,4.867e+24,(10182.4,33359.4,0),(-0.0106572,0.00357189,0),(1.03925e+11,-3.16504e+10,0)
214,Earth,5.972e+24,(15698.4,-25170.8,0),(0.00499659,0.00310894,0),(-1.26167e+11,-8.15179e+10,0)
214,Mars,6.39e+23,(-22388.1,-9583.57,0),(0.00101078,-0.00241317,0),(-8.89586e+10,2.06942e+11,0)
215,Sun,1.989e+30,(-0.0649815,0.194257,0),(4.25363e-09,-1.77737e-08,0),(953377,3.79931e+06,0)
215,Mercury,3.285e+23,(6586.34,-48488.9,0),(0.0418191,0.00568792,0),(-5.50027e+10,-1.17443e+10,0)
215,Venus,4.867e+24,(9252.68,33642.6,0),(-0.0107601,0.00327742,0),(1.04724e+11,-2.87437e+10,0)
215,Earth,5.972e+24,(16125.4,-24894.9,0),(0.00494156,0.00319293,0),(-1.24773e+11,-8.36688e+10,0)
215,Mars,6.39e+23,(-22298.8,-9791.26,0),(0.00103334,-0.00240377,0),(-9.08852e+10,2.06096e+11,0)
216,Sun,1.989e+30,(-0.0645688,0.192719,0),(4.77681e-09,-1.78059e-08,0),(947799,3.81596e+06,0)
216,Mercury,3.285e+23,(10132.1,-47731.5,0),(0.0410389,0.00876536,0),(-5.41273e+10,-1.58683e+10,0)
216,Venus,4.867e+24,(8314.82,33900,0),(-0.010855,0.00297978,0),(1.05442e+11,-2.58147e+10,0)
216,Earth,5.972e+24,(16547.4,-24611.9,0),(0.00488514,0.00327593,0),(-1.23344e+11,-8.57953e+10,0)
216,Mars,6.39e+23,(-22207.6,-9998.11,0),(0.00105581,-0.00239415,0),(-9.2804e+10,2.05232e+11,0)
217,Sun,1.989e+30,(-0.064109,0.19118,0),(5.32098e-09,-1.78111e-08,0),(942260,3.83248e+06,0)
217,Mercury,3.285e+23,(13591.3,-46717.2,0),(0.0400365,0.0117399,0),(-5.2953e+10,-1.99047e+10,0)
217,Venus,4.867e+24,(7369.45,34131.5,0),(-0.0109417,0.0026792,0),(1.06079e+11,-2.28657e+10,0)
217,Earth,5.972e+24,(16964.5,-24321.8,0),(0.00482735,0.00335793,0),(-1.21878e+11,-8.78967e+10,0)
217,Mars,6.39e+23,(-22114.4,-10204.1,0),(0.00107819,-0.00238431,0),(-9.47146e+10,2.04351e+11,0)
218,Sun,1.989e+30,(-0.0636007,0.189643,0),(5.88359e-09,-1.7787e-08,0),(936764,3.84886e+06,0)
218,Mercury,3.285e+23,(16945.8,-45456.1,0),(0.0388256,0.0145968,0),(-5.14889e+10,-2.38321e+10,0)
218,Venus,4.867e+24,(6417.3,34336.8,0),(-0.0110203,0.00237588,0),(1.06634e+11,-1.9899e+10,0)
218,Earth,5.972e+24,(17376.5,-24024.6,0),(0.00476822,0.0034389,0),(-1.20377e+11,-8.99724e+10,0)
218,Mars,6.39e+23,(-22019.3,-10409.3,0),(0.00110048,-0.00237427,0),(-9.66171e+10,2.03451e+11,0)
219,Sun,1.989e+30,(-0.0630424,0.188111,0),(6.46196e-09,-1.77321e-08,0),(931318,3.86512e+06,0)
219,Mercury,3.285e+23,(20178.9,-43959.4,0),(0.0374204,0.0173228,0),(-4.97455e+10,-2.76301e+10,0)
219,Venus,4.867e+24,(5459.08,34515.6,0),(-0.0110905,0.00207003,0),(1.07105e+11,-1.69169e+10,0)
219,Earth,5.972e+24,(17783.2,-23720.6,0),(0.00470776,0.00351881,0),(-1.1884e+11,-9.20219e+10,0)
219,Mars,6.39e+23,(-21922.3,-10613.5,0),(0.00112268,-0.00236401,0),(-9.85112e+10,2.02534e+11,0)
220,Sun,1.989e+30,(-0.062433,0.186586,0),(7.05338e-09,-1.76449e-08,0),(925923,3.88124e+06,0)
220,Mercury,3.285e+23,(23275.1,-42239.4,0),(0.0358358,0.0199067,0),(-4.77345e+10,-3.12796e+10,0)
220,Venus,4.867e+24,(4495.51,34667.9,0),(-0.0111524,0.00176189,0),(1.07494e+11,-1.39216e+10,0)
220,Earth,5.972e+24,(18184.7,-23409.8,0),(0.00464598,0.00359766,0),(-1.17269e+11,-9.40445e+10,0)
220,Mars,6.39e+23,(-21823.4,-10816.8,0),(0.00114478,-0.00235354,0),(-1.00397e+11,2.016e+11,0)
221,Sun,1.989e+30,(-0.0617716,0.185072,0),(7.65508e-09,-1.75245e-08,0),(920586,3.89723e+06,0)
221,Mercury,3.285e+23,(26220.2,-40309.3,0),(0.034087,0.022339,0),(-4.54691e+10,-3.47624e+10,0)
221,Venus,4.867e+24,(3527.34,34793.3,0),(-0.0112057,0.00145168,0),(1.07798e+11,-1.09155e+10,0)
221,Earth,5.972e+24,(18580.6,-23092.2,0),(0.00458292,0.00367542,0),(-1.15664e+11,-9.60396e+10,0)
221,Mars,6.39e+23,(-21722.6,-11019.3,0),(0.00116678,-0.00234286,0),(-1.02274e+11,2.00648e+11,0)
222,Sun,1.989e+30,(-0.0610575,0.183572,0),(8.26431e-09,-1.73699e-08,0),(915311,3.91309e+06,0)
222,Mercury,3.285e+23,(29001.4,-38182.9,0),(0.032189,0.0246116,0),(-4.29634e+10,-3.80614e+10,0)
222,Venus,4.867e+24,(2555.29,34891.8,0),(-0.0112505,0.00113962,0),(1.08019e+11,-7.9008e+09,0)
222,Earth,5.972e+24,(18971,-22768.1,0),(0.00451859,0.00375207,0),(-1.14024e+11,-9.80068e+10,0)
222,Mars,6.39e+23,(-21619.9,-11220.8,0),(0.00118868,-0.00233198,0),(-1.04142e+11,1.99678e+11,0)
223,Sun,1.989e+30,(-0.0602904,0.182087,0),(8.87834e-09,-1.71805e-08,0),(910102,3.92882e+06,0)
223,Mercury,3.285e+23,(31606.9,-35874.4,0),(0.0301568,0.0267182,0),(-4.02325e+10,-4.11609e+10,0)
223,Venus,4.867e+24,(1580.12,34963.1,0),(-0.0112867,0.000825951,0),(1.08156e+11,-4.87999e+09,0)
223,Earth,5.972e+24,(19355.8,-22437.3,0),(0.004453,0.00382758,0),(-1.12352e+11,-9.99454e+10,0)
223,Mars,6.39e+23,(-21515.3,-11421.3,0),(0.00121048,-0.00232088,0),(-1.06e+11,1.98691e+11,0)
224,Sun,1.989e+30,(-0.0594701,0.180622,0),(9.4945e-09,-1.69562e-08,0),(904964,3.94443e+06,0)
224,Mercury,3.285e+23,(34026.6,-33398.8,0),(0.0280054,0.0286537,0),(-3.72926e+10,-4.40466e+10,0)
224,Venus,4.867e+24,(602.579,35007.3,0),(-0.0113142,0.000510907,0),(1.08208e+11,-1.85536e+09,0)
224,Earth,5.972e+24,(19734.7,-22100.2,0),(0.00438618,0.00390195,0),(-1.10647e+11,-1.01855e+11,0)
224,Mars,6.39e+23,(-21408.8,-11620.8,0),(0.00123218,-0.00230958,0),(-1.0785e+11,1.97687e+11,0)
225,Sun,1.989e+30,(-0.0585966,0.17918,0),(1.01102e-08,-1.66968e-08,0),(899901,3.95991e+06,0)
225,Mercury,3.285e+23,(36251.3,-30771,0),(0.0257491,0.0304144,0),(-3.41605e+10,-4.67052e+10,0)
225,Venus,4.867e+24,(-376.578,35024.1,0),(-0.0113328,0.000194728,0),(1.08175e+11,1.17072e+09,0)
225,Earth,5.972e+24,(20107.8,-21756.8,0),(0.00431815,0.00397514,0),(-1.0891e+11,-1.03735e+11,0)
225,Mars,6.39e+23,(-21300.5,-11819.4,0),(0.00125377,-0.00229807,0),(-1.09691e+11,1.96666e+11,0)
226,Sun,1.989e+30,(-0.0576701,0.177762,0),(1.07229e-08,-1.64024e-08,0),(894918,3.97527e+06,0)
226,Mercury,3.285e+23,(38273.2,-28006.4,0),(0.023402,0.0319977,0),(-3.08537e+10,-4.91249e+10,0)
226,Venus,4.867e+24,(-1356.59,35013.5,0),(-0.0113427,-0.000122344,0),(1.08058e+11,4.19589e+09,0)
226,Earth,5.972e+24,(20474.9,-21407.1,0),(0.00424893,0.00404715,0),(-1.07141e+11,-1.05584e+11,0)
226,Mars,6.39e+23,(-21190.3,-12016.9,0),(0.00127525,-0.00228636,0),(-1.11521e+11,1.95628e+11,0)
227,Sun,1.989e+30,(-0.0566912,0.176374,0),(1.13302e-08,-1.60733e-08,0),(890020,3.9905e+06,0)
227,Mercury,3.285e+23,(40085.7,-25120.4,0),(0.0209776,0.033402,0),(-2.73903e+10,-5.12953e+10,0)
227,Venus,4.867e+24,(-2336.68,34975.5,0),(-0.0113437,-0.000440064,0),(1.07856e+11,7.21777e+09,0)
227,Earth,5.972e+24,(20836,-21051.3,0),(0.00417854,0.00411795,0),(-1.0534e+11,-1.07403e+11,0)
227,Mars,6.39e+23,(-21078.3,-12213.4,0),(0.00129663,-0.00227445,0),(-1.13343e+11,1.94573e+11,0)
228,Sun,1.989e+30,(-0.0556605,0.175016,0),(1.19298e-08,-1.571e-08,0),(885211,4.00563e+06,0)
228,Mercury,3.285e+23,(41683.1,-22128.7,0),(0.0184889,0.0346267,0),(-2.37889e+10,-5.32073e+10,0)
228,Venus,4.867e+24,(-3316.09,34910,0),(-0.0113358,-0.000758182,0),(1.0757e+11,1.0234e+10,0)
228,Earth,5.972e+24,(21190.8,-20689.5,0),(0.004107,0.00418753,0),(-1.0351e+11,-1.09191e+11,0)
228,Mars,6.39e+23,(-20964.4,-12408.9,0),(0.00131789,-0.00226233,0),(-1.15154e+11,1.93501e+11,0)
229,Sun,1.989e+30,(-0.0545788,0.173693,0),(1.25195e-08,-1.53129e-08,0),(880495,4.02063e+06,0)
229,Mercury,3.285e+23,(43061.1,-19046.6,0),(0.0159482,0.0356718,0),(-2.00684e+10,-5.48529e+10,0)
229,Venus,4.867e+24,(-4294.04,34817,0),(-0.0113189,-0.00107645,0),(1.07199e+11,1.32422e+10,0)
229,Earth,5.972e+24,(21539.4,-20321.8,0),(0.00403433,0.00425587,0),(-1.01649e+11,-1.10946e+11,0)
229,Mars,6.39e+23,(-20848.8,-12603.3,0),(0.00133904,-0.00225001,0),(-1.16955e+11,1.92412e+11,0)
230,Sun,1.989e+30,(-0.0534472,0.172407,0),(1.30972e-08,-1.48829e-08,0),(875878,4.03553e+06,0)
230,Mercury,3.285e+23,(44216,-15889.7,0),(0.0133674,0.0365382,0),(-1.62481e+10,-5.62258e+10,0)
230,Venus,4.867e+24,(-5269.76,34696.5,0),(-0.011293,-0.00139461,0),(1.06743e+11,1.624e+10,0)
230,Earth,5.972e+24,(21881.6,-19948.3,0),(0.00396056,0.00432295,0),(-9.9758e+10,-1.1267e+11,0)
230,Mars,6.39e+23,(-20731.2,-12796.6,0),(0.00136007,-0.00223748,0),(-1.18746e+11,1.91306e+11,0)
231,Sun,1.989e+30,(-0.0522669,0.171161,0),(1.36609e-08,-1.44207e-08,0),(871362,4.05032e+06,0)
231,Mercury,3.285e+23,(45145.5,-12673.3,0),(0.0107577,0.0372272,0),(-1.23476e+10,-5.73207e+10,0)
231,Venus,4.867e+24,(-6242.46,34548.5,0),(-0.0112581,-0.00171241,0),(1.06204e+11,1.92249e+10,0)
231,Earth,5.972e+24,(22217.3,-19569.1,0),(0.0038857,0.00438875,0),(-9.78385e+10,-1.14361e+11,0)
231,Mars,6.39e+23,(-20611.9,-12988.8,0),(0.00138098,-0.00222476,0),(-1.20527e+11,1.90184e+11,0)
232,Sun,1.989e+30,(-0.0510392,0.169958,0),(1.42089e-08,-1.39272e-08,0),(866952,4.065e+06,0)
232,Mercury,3.285e+23,(45847.9,-9412.52,0),(0.00812974,0.0377405,0),(-8.38631e+09,-5.8134e+10,0)
232,Venus,4.867e+24,(-7211.37,34373.2,0),(-0.0112143,-0.00202959,0),(1.05581e+11,2.21948e+10,0)
232,Earth,5.972e+24,(22546.4,-19184.3,0),(0.00380978,0.00445326,0),(-9.58905e+10,-1.16018e+11,0)
232,Mars,6.39e+23,(-20490.8,-13179.9,0),(0.00140177,-0.00221184,0),(-1.22298e+11,1.89045e+11,0)
233,Sun,1.989e+30,(-0.0497658,0.1688,0),(1.47392e-08,-1.34034e-08,0),(862652,4.07959e+06,0)
233,Mercury,3.285e+23,(46322.5,-6122.38,0),(0.00549358,0.0380804,0),(-4.38404e+09,-5.86629e+10,0)
233,Venus,4.867e+24,(-8175.71,34170.5,0),(-0.0111614,-0.00234589,0),(1.04875e+11,2.51471e+10,0)
233,Earth,5.972e+24,(22869,-18794.1,0),(0.00373282,0.00451646,0),(-9.39146e+10,-1.17642e+11,0)
233,Mars,6.39e+23,(-20367.9,-13369.9,0),(0.00142245,-0.00219872,0),(-1.24057e+11,1.8789e+11,0)
234,Sun,1.989e+30,(-0.0484481,0.16769,0),(1.52504e-08,-1.28501e-08,0),(858466,4.09407e+06,0)
234,Mercury,3.285e+23,(46569.5,-2817.64,0),(0.00285882,0.0382493,0),(-3.60436e+08,-5.89064e+10,0)
234,Venus,4.867e+24,(-9134.7,33940.6,0),(-0.0110994,-0.00266105,0),(1.04085e+11,2.80796e+10,0)
234,Earth,5.972e+24,(23184.7,-18398.5,0),(0.00365483,0.00457834,0),(-9.19114e+10,-1.19232e+11,0)
234,Mars,6.39e+23,(-20243.2,-13558.7,0),(0.00144299,-0.00218541,0),(-1.25806e+11,1.86718e+11,0)
235,Sun,1.989e+30,(-0.0470881,0.16663,0),(1.57408e-08,-1.22686e-08,0),(854398,4.10847e+06,0)
235,Mercury,3.285e+23,(46589.8,487.154,0),(0.00023457,0.0382499,0),(3.66492e+09,-5.88643e+10,0)
235,Venus,4.867e+24,(-10087.6,33683.6,0),(-0.0110285,-0.0029748,0),(1.03214e+11,3.09898e+10,0)
235,Earth,5.972e+24,(23493.7,-17997.7,0),(0.00357586,0.00463888,0),(-8.98816e+10,-1.20787e+11,0)
235,Mars,6.39e+23,(-20116.8,-13746.4,0),(0.00146342,-0.0021719,0),(-1.27545e+11,1.85531e+11,0)
236,Sun,1.989e+30,(-0.0456877,0.165622,0),(1.6209e-08,-1.16598e-08,0),(850450,4.12278e+06,0)
236,Mercury,3.285e+23,(46385,3777.72,0),(-0.0023705,0.0380853,0),(7.67259e+09,-5.85379e+10,0)
236,Venus,4.867e+24,(-11033.5,33399.6,0),(-0.0109486,-0.00328689,0),(1.0226e+11,3.38756e+10,0)
236,Earth,5.972e+24,(23795.7,-17591.8,0),(0.00349591,0.00469806,0),(-8.78256e+10,-1.22307e+11,0)
236,Mars,6.39e+23,(-19988.6,-13932.9,0),(0.00148371,-0.0021582,0),(-1.29272e+11,1.84327e+11,0)
237,Sun,1.989e+30,(-0.0442488,0.16467,0),(1.66536e-08,-1.1025e-08,0),(846627,4.13701e+06,0)
237,Mercury,3.285e+23,(45957.5,7040.04,0),(-0.00494811,0.0377583,0),(1.16433e+10,-5.79296e+10,0)
237,Venus,4.867e+24,(-11971.8,33088.8,0),(-0.0108597,-0.00359705,0),(1.01226e+11,3.67344e+10,0)
237,Earth,5.972e+24,(24090.8,-17180.9,0),(0.00341501,0.00475588,0),(-8.57442e+10,-1.23791e+11,0)
237,Mars,6.39e+23,(-19858.7,-14118.1,0),(0.00150388,-0.0021443,0),(-1.30987e+11,1.83107e+11,0)
238,Sun,1.989e+30,(-0.0427737,0.163774,0),(1.70733e-08,-1.03651e-08,0),(842932,4.15116e+06,0)
238,Mercury,3.285e+23,(45310.3,10260.4,0),(-0.0074903,0.0372722,0),(1.55581e+10,-5.70431e+10,0)
238,Venus,4.867e+24,(-12901.6,32751.4,0),(-0.0107618,-0.00390501,0),(1.00111e+11,3.95642e+10,0)
238,Earth,5.972e+24,(24378.8,-16765.1,0),(0.00333318,0.00481231,0),(-8.36378e+10,-1.2524e+11,0)
238,Mars,6.39e+23,(-19727,-14302.2,0),(0.00152391,-0.00213021,0),(-1.32692e+11,1.81871e+11,0)
239,Sun,1.989e+30,(-0.0412645,0.162938,0),(1.74669e-08,-9.68132e-09,0),(839366,4.16524e+06,0)
239,Mercury,3.285e+23,(44447.2,13425.2,0),(-0.00998938,0.0366302,0),(1.93984e+10,-5.58832e+10,0)
239,Venus,4.867e+24,(-13822.2,32387.6,0),(-0.0106551,-0.00421051,0),(9.89171e+10,4.23624e+10,0)
239,Earth,5.972e+24,(24659.6,-16344.6,0),(0.00325045,0.00486734,0),(-8.15072e+10,-1.26652e+11,0)
239,Mars,6.39e+23,(-19593.6,-14485,0),(0.00154381,-0.00211594,0),(-1.34385e+11,1.8062e+11,0)
240,Sun,1.989e+30,(-0.0397237,0.162162,0),(1.78332e-08,-8.97488e-09,0),(835934,4.17925e+06,0)
240,Mercury,3.285e+23,(43372.6,16521.4,0),(-0.0124379,0.0358356,0),(2.31458e+10,-5.44558e+10,0)
240,Venus,4.867e+24,(-14732.8,31997.7,0),(-0.0105395,-0.00451328,0),(9.76442e+10,4.5127e+10,0)
240,Earth,5.972e+24,(24933.2,-15919.4,0),(0.00316684,0.00492096,0),(-7.9353e+10,-1.28027e+11,0)
240,Mars,6.39e+23,(-19458.5,-14666.6,0),(0.00156358,-0.00210147,0),(-1.36066e+11,1.79353e+11,0)
241,Sun,1.989e+30,(-0.0381537,0.16145,0),(1.81711e-08,-8.24689e-09,0),(832638,4.1932e+06,0)
241,Mercury,3.285e+23,(42091.4,19536.1,0),(-0.0148287,0.0348918,0),(2.67824e+10,-5.27678e+10,0)
241,Venus,4.867e+24,(-15632.7,31581.8,0),(-0.0104152,-0.00481305,0),(9.62936e+10,4.78557e+10,0)
241,Earth,5.972e+24,(25199.6,-15489.8,0),(0.00308237,0.00497316,0),(-7.71758e+10,-1.29365e+11,0)
241,Mars,6.39e+23,(-19321.7,-14846.9,0),(0.00158321,-0.00208682,0),(-1.37735e+11,1.7807e+11,0)
242,Sun,1.989e+30,(-0.0365571,0.160802,0),(1.84794e-08,-7.49854e-09,0),(829479,4.20709e+06,0)
242,Mercury,3.285e+23,(40609.2,22456.6,0),(-0.0171544,0.0338021,0),(3.02911e+10,-5.08276e+10,0)
242,Venus,4.867e+24,(-16521.1,31140.3,0),(-0.0102821,-0.00510957,0),(9.48661e+10,5.05462e+10,0)
242,Earth,5.972e+24,(25458.5,-15055.7,0),(0.00299707,0.00502392,0),(-7.49762e+10,-1.30666e+11,0)
242,Mars,6.39e+23,(-19183.3,-15025.9,0),(0.0016027,-0.00207198,0),(-1.39393e+11,1.76772e+11,0)
243,Sun,1.989e+30,(-0.0349365,0.16022,0),(1.87572e-08,-6.73102e-09,0),(826461,4.22093e+06,0)
243,Mercury,3.285e+23,(38932.4,25270.6,0),(-0.0194082,0.0325701,0),(3.36548e+10,-4.86442e+10,0)
243,Venus,4.867e+24,(-17397.2,30673.6,0),(-0.0101404,-0.00540256,0),(9.3363e+10,5.31964e+10,0)
243,Earth,5.972e+24,(25710,-14617.4,0),(0.00291096,0.00507324,0),(-7.27548e+10,-1.31929e+11,0)
243,Mars,6.39e+23,(-19043.1,-15203.6,0),(0.00162205,-0.00205695,0),(-1.41038e+11,1.75458e+11,0)
244,Sun,1.989e+30,(-0.0332946,0.159707,0),(1.90034e-08,-5.94551e-09,0),(823584,4.23473e+06,0)
244,Mercury,3.285e+23,(37067.6,27966.2,0),(-0.021583,0.0311993,0),(3.68575e+10,-4.62279e+10,0)
244,Venus,4.867e+24,(-18260.4,30181.8,0),(-0.00999009,-0.00569176,0),(9.17853e+10,5.58041e+10,0)
244,Earth,5.972e+24,(25954,-14174.9,0),(0.00282406,0.00512109,0),(-7.05124e+10,-1.33154e+11,0)
244,Mars,6.39e+23,(-18901.3,-15380,0),(0.00164126,-0.00204174,0),(-1.42671e+11,1.74129e+11,0)
245,Sun,1.989e+30,(-0.0316343,0.159262,0),(1.9217e-08,-5.14324e-09,0),(820851,4.24849e+06,0)
245,Mercury,3.285e+23,(35022.4,30531.7,0),(-0.0236718,0.0296934,0),(3.98834e+10,-4.359e+10,0)
245,Venus,4.867e+24,(-19109.8,29665.4,0),(-0.00983134,-0.00597692,0),(9.01342e+10,5.83672e+10,0)
245,Earth,5.972e+24,(26190.4,-13728.4,0),(0.00273641,0.00516747,0),(-6.82495e+10,-1.3434e+11,0)
245,Mars,6.39e+23,(-18757.9,-15555.1,0),(0.00166032,-0.00202635,0),(-1.44292e+11,1.72785e+11,0)
246,Sun,1.989e+30,(-0.0299584,0.158889,0),(1.9397e-08,-4.32544e-09,0),(818263,4.26222e+06,0)
246,Mercury,3.285e+23,(32804.7,32955.8,0),(-0.0256676,0.0280563,0),(4.27177e+10,-4.07426e+10,0)
246,Venus,4.867e+24,(-19944.8,29124.7,0),(-0.00966423,-0.00625776,0),(8.8411e+10,6.08836e+10,0)
246,Earth,5.972e+24,(26419.2,-13278.1,0),(0.00264802,0.00521236,0),(-6.59669e+10,-1.35487e+11,0)
246,Mars,6.39e+23,(-18612.8,-15728.8,0),(0.00167924,-0.00201078,0),(-1.459e+11,1.71426e+11,0)
247,Sun,1.989e+30,(-0.0282699,0.158587,0),(1.95424e-08,-3.49337e-09,0),(815820,4.27592e+06,0)
247,Mercury,3.285e+23,(30423.2,35227.4,0),(-0.0275631,0.0262919,0),(4.53463e+10,-3.7699e+10,0)
247,Venus,4.867e+24,(-20764.6,28560.2,0),(-0.00948886,-0.00653404,0),(8.66169e+10,6.33512e+10,0)
247,Earth,5.972e+24,(26640.3,-12824,0),(0.00255891,0.00525576,0),(-6.36652e+10,-1.36595e+11,0)
247,Mars,6.39e+23,(-18466.1,-15901.2,0),(0.00169801,-0.00199503,0),(-1.47495e+11,1.70052e+11,0)
248,Sun,1.989e+30,(-0.0265719,0.158358,0),(1.96524e-08,-2.64834e-09,0),(813524,4.2896e+06,0)
248,Mercury,3.285e+23,(27887.3,37336,0),(-0.0293513,0.0244046,0),(4.77558e+10,-3.44731e+10,0)
248,Venus,4.867e+24,(-21568.6,27972.2,0),(-0.00930536,-0.0068055,0),(8.47534e+10,6.5768e+10,0)
248,Earth,5.972e+24,(26853.6,-12366.3,0),(0.00246912,0.00529766,0),(-6.1345e+10,-1.37664e+11,0)
248,Mars,6.39e+23,(-18317.8,-16072.2,0),(0.00171663,-0.0019791,0),(-1.49078e+11,1.68664e+11,0)
249,Sun,1.989e+30,(-0.0248676,0.158203,0),(1.97258e-08,-1.79167e-09,0),(811376,4.30327e+06,0)
249,Mercury,3.285e+23,(25206.7,39271.3,0),(-0.0310249,0.0223989,0),(4.99336e+10,-3.10801e+10,0)
249,Venus,4.867e+24,(-22356,27361.2,0),(-0.00911384,-0.00707188,0),(8.28219e+10,6.8132e+10,0)
249,Earth,5.972e+24,(27059.2,-11905.1,0),(0.00237867,0.00533804,0),(-5.90071e+10,-1.38692e+11,0)
249,Mars,6.39e+23,(-18167.8,-16241.8,0),(0.0017351,-0.001963,0),(-1.50648e+11,1.67261e+11,0)
250,Sun,1.989e+30,(-0.0231602,0.158123,0),(1.97617e-08,-9.24755e-10,0),(809375,4.31693e+06,0)
250,Mercury,3.285e+23,(22392.1,41023.4,0),(-0.0325763,0.0202796,0),(5.18683e+10,-2.75357e+10,0)
250,Venus,4.867e+24,(-23126.2,26727.6,0),(-0.00891445,-0.00733293,0),(8.08238e+10,7.04413e+10,0)
250,Earth,5.972e+24,(27256.8,-11440.5,0),(0.00228758,0.0053769,0),(-5.66521e+10,-1.39681e+11,0)
250,Mars,6.39e+23,(-18016.3,-16410,0),(0.00175342,-0.00194672,0),(-1.52204e+11,1.65843e+11,0)
251,Sun,1.989e+30,(-0.021453,0.158119,0),(1.97592e-08,-4.90405e-11,0),(807521,4.3306e+06,0)
251,Mercury,3.285e+23,(19454.7,42583.1,0),(-0.0339981,0.0180519,0),(5.35492e+10,-2.38565e+10,0)
251,Venus,4.867e+24,(-23878.5,26072,0),(-0.00870733,-0.00758841,0),(7.87607e+10,7.26939e+10,0)
251,Earth,5.972e+24,(27446.5,-10972.7,0),(0.00219588,0.00541422,0),(-5.42808e+10,-1.40629e+11,0)
251,Mars,6.39e+23,(-17863.3,-16576.7,0),(0.00177158,-0.00193026,0),(-1.53748e+11,1.6441e+11,0)
252,Sun,1.989e+30,(-0.0197494,0.158191,0),(1.97173e-08,8.33958e-10,0),(805815,4.34426e+06,0)
252,Mercury,3.285e+23,(16406.3,43941.5,0),(-0.0352827,0.0157218,0),(5.49667e+10,-2.006e+10,0)
252,Venus,4.867e+24,(-24612.3,25394.8,0),(-0.00849263,-0.00783808,0),(7.66341e+10,7.4888e+10,0)
252,Earth,5.972e+24,(27628.3,-10501.8,0),(0.00210359,0.00545,0),(-5.18937e+10,-1.41536e+11,0)
252,Mars,6.39e+23,(-17708.7,-16742.1,0),(0.00178959,-0.00191364,0),(-1.55278e+11,1.62964e+11,0)
253,Sun,1.989e+30,(-0.018053,0.15834,0),(1.96351e-08,1.72265e-09,0),(804255,4.35794e+06,0)
253,Mercury,3.285e+23,(13259.4,45090.2,0),(-0.0364222,0.0132953,0),(5.61123e+10,-1.61642e+10,0)
253,Venus,4.867e+24,(-25326.9,24696.5,0),(-0.00827052,-0.00808169,0),(7.44459e+10,7.70218e+10,0)
253,Earth,5.972e+24,(27802,-10028,0),(0.00201074,0.00548423,0),(-4.94916e+10,-1.42403e+11,0)
253,Mars,6.39e+23,(-17552.5,-16906,0),(0.00180743,-0.00189684,0),(-1.56794e+11,1.61503e+11,0)
254,Sun,1.989e+30,(-0.0163672,0.158566,0),(1.95115e-08,2.61534e-09,0),(802841,4.37164e+06,0)
254,Mercury,3.285e+23,(10027.3,46021.5,0),(-0.037409,0.0107794,0),(5.69787e+10,-1.21879e+10,0)
254,Venus,4.867e+24,(-26021.6,23977.7,0),(-0.00804116,-0.00831901,0),(7.21976e+10,7.90935e+10,0)
254,Earth,5.972e+24,(27967.7,-9551.33,0),(0.00191735,0.0055169,0),(-4.70752e+10,-1.43228e+11,0)
254,Mars,6.39e+23,(-17394.8,-17068.4,0),(0.00182512,-0.00187987,0),(-1.58297e+11,1.60029e+11,0)
255,Sun,1.989e+30,(-0.0146957,0.158869,0),(1.93458e-08,3.51025e-09,0),(801571,4.38537e+06,0)
255,Mercury,3.285e+23,(6723.74,46728.4,0),(-0.0382351,0.00818168,0),(5.75596e+10,-8.15057e+09,0)
255,Venus,4.867e+24,(-26696,23239,0),(-0.00780473,-0.00854981,0),(6.98911e+10,8.11013e+10,0)
255,Earth,5.972e+24,(28125.2,-9071.98,0),(0.00182345,0.005548,0),(-4.46452e+10,-1.44012e+11,0)
255,Mars,6.39e+23,(-17235.6,-17229.3,0),(0.00184265,-0.00186274,0),(-1.59786e+11,1.5854e+11,0)
256,Sun,1.989e+30,(-0.0130423,0.15925,0),(1.91368e-08,4.40548e-09,0),(800444,4.39913e+06,0)
256,Mercury,3.285e+23,(3363.4,47204.5,0),(-0.0388929,0.00551039,0),(5.78502e+10,-4.0721e+09,0)
256,Venus,4.867e+24,(-27349.3,22481,0),(-0.00756142,-0.00877386,0),(6.75281e+10,8.30437e+10,0)
256,Earth,5.972e+24,(28274.6,-8590.09,0),(0.00172907,0.00557752,0),(-4.22022e+10,-1.44754e+11,0)
256,Mars,6.39e+23,(-17074.9,-17388.8,0),(0.00186001,-0.00184544,0),(-1.61262e+11,1.57038e+11,0)
257,Sun,1.989e+30,(-0.0114107,0.159708,0),(1.88839e-08,5.299e-09,0),(799458,4.41293e+06,0)
257,Mercury,3.285e+23,(-38.5683,47444.2,0),(-0.0393746,0.00277466,0),(5.78469e+10,2.70825e+07,0)
257,Venus,4.867e+24,(-27981,21704.2,0),(-0.00731142,-0.00899095,0),(6.51106e+10,8.49189e+10,0)
257,Earth,5.972e+24,(28415.8,-8105.77,0),(0.00163423,0.00560547,0),(-3.97471e+10,-1.45454e+11,0)
257,Mars,6.39e+23,(-16912.7,-17546.7,0),(0.00187721,-0.00182798,0),(-1.62723e+11,1.55522e+11,0)
258,Sun,1.989e+30,(-0.00980485,0.160242,0),(1.85861e-08,6.18867e-09,0),(798611,4.42677e+06,0)
258,Mercury,3.285e+23,(-3466.3,47442.9,0),(-0.0396728,-1.55134e-05,0),(5.75474e+10,4.12615e+09,0)
258,Venus,4.867e+24,(-28590.5,20909.2,0),(-0.00705493,-0.00920086,0),(6.26403e+10,8.67255e+10,0)
258,Earth,5.972e+24,(28548.8,-7619.18,0),(0.00153895,0.00563182,0),(-3.72805e+10,-1.46112e+11,0)
258,Mars,6.39e+23,(-16749,-17703.1,0),(0.00189425,-0.00181035,0),(-1.6417e+11,1.53992e+11,0)
259,Sun,1.989e+30,(-0.00822867,0.160853,0),(1.82428e-08,7.07218e-09,0),(797900,4.44067e+06,0)
259,Mercury,3.285e+23,(-6903.32,47196.7,0),(-0.0397803,-0.00284919,0),(5.69509e+10,8.20395e+09,0)
259,Venus,4.867e+24,(-29177.4,20096.7,0),(-0.00679217,-0.00940339,0),(6.01194e+10,8.84618e+10,0)
259,Earth,5.972e+24,(28673.5,-7130.45,0),(0.00144326,0.00565659,0),(-3.48031e+10,-1.46729e+11,0)
259,Mars,6.39e+23,(-16583.9,-17858,0),(0.00191111,-0.00179257,0),(-1.65603e+11,1.52449e+11,0)
260,Sun,1.989e+30,(-0.00668615,0.16154,0),(1.78532e-08,7.94709e-09,0),(797323,4.45463e+06,0)
260,Mercury,3.285e+23,(-10332.6,46703,0),(-0.0396904,-0.00571446,0),(5.60582e+10,1.22391e+10,0)
260,Venus,4.867e+24,(-29741,19267.4,0),(-0.00652334,-0.00959832,0),(5.75498e+10,9.01265e+10,0)
260,Earth,5.972e+24,(28789.9,-6639.72,0),(0.00134719,0.00567975,0),(-3.23157e+10,-1.47302e+11,0)
260,Mars,6.39e+23,(-16417.4,-18011.3,0),(0.00192781,-0.00177462,0),(-1.67021e+11,1.50893e+11,0)
261,Sun,1.989e+30,(-0.00518133,0.162301,0),(1.74169e-08,8.81081e-09,0),(796875,4.46865e+06,0)
261,Mercury,3.285e+23,(-13736.4,45960.1,0),(-0.0393968,-0.00859837,0),(5.48714e+10,1.621e+10,0)
261,Venus,4.867e+24,(-30280.9,18422,0),(-0.00624868,-0.00978548,0),(5.49335e+10,9.17182e+10,0)
261,Earth,5.972e+24,(28897.9,-6147.13,0),(0.00125076,0.0057013,0),(-2.98189e+10,-1.47833e+11,0)
261,Mars,6.39e+23,(-16249.4,-18163.1,0),(0.00194433,-0.00175652,0),(-1.68425e+11,1.49324e+11,0)
262,Sun,1.989e+30,(-0.0037183,0.163136,0),(1.69333e-08,9.66057e-09,0),(796554,4.48275e+06,0)
262,Mercury,3.285e+23,(-17096.9,44967.6,0),(-0.0388939,-0.0114869,0),(5.33942e+10,2.00952e+10,0)
262,Venus,4.867e+24,(-30796.5,17561,0),(-0.00596842,-0.00996465,0),(5.22727e+10,9.32355e+10,0)
262,Earth,5.972e+24,(28997.6,-5652.82,0),(0.00115401,0.00572125,0),(-2.73135e+10,-1.48322e+11,0)
262,Mars,6.39e+23,(-16080,-18313.3,0),(0.00196069,-0.00173826,0),(-1.69815e+11,1.47741e+11,0)
263,Sun,1.989e+30,(-0.00230115,0.164043,0),(1.64022e-08,1.04935e-08,0),(796355,4.49692e+06,0)
263,Mercury,3.285e+23,(-20395.4,43726.5,0),(-0.0381771,-0.0143652,0),(5.1632e+10,2.38732e+10,0)
263,Venus,4.867e+24,(-31287.5,16685.3,0),(-0.00568278,-0.0101357,0),(4.95695e+10,9.46771e+10,0)
263,Earth,5.972e+24,(29089,-5156.92,0),(0.00105694,0.00573958,0),(-2.48002e+10,-1.48767e+11,0)
263,Mars,6.39e+23,(-15909.2,-18461.9,0),(0.00197687,-0.00171984,0),(-1.71189e+11,1.46146e+11,0)
264,Sun,1.989e+30,(-0.000933993,0.165019,0),(1.58235e-08,1.13064e-08,0),(796274,4.51118e+06,0)
264,Mercury,3.285e+23,(-23613.2,42238.9,0),(-0.0372427,-0.0172169,0),(4.95919e+10,2.75226e+10,0)
264,Venus,4.867e+24,(-31753.4,15795.5,0),(-0.00539202,-0.0102984,0),(4.6826e+10,9.60418e+10,0)
264,Earth,5.972e+24,(29171.9,-4659.57,0),(0.000959603,0.00575629,0),(-2.22797e+10,-1.4917e+11,0)
264,Mars,6.39e+23,(-15737,-18608.9,0),(0.00199287,-0.00170127,0),(-1.72549e+11,1.44538e+11,0)
265,Sun,1.989e+30,(0.000379063,0.166065,0),(1.51974e-08,1.20963e-08,0),(796307,4.52552e+06,0)
265,Mercury,3.285e+23,(-26731.2,40508.7,0),(-0.0360881,-0.0200253,0),(4.72823e+10,3.10226e+10,0)
265,Venus,4.867e+24,(-32193.7,14892.4,0),(-0.00509639,-0.0104526,0),(4.40444e+10,9.73285e+10,0)
265,Earth,5.972e+24,(29246.3,-4160.93,0),(0.000862008,0.00577138,0),(-1.97529e+10,-1.49529e+11,0)
265,Mars,6.39e+23,(-15563.4,-18754.2,0),(0.0020087,-0.00168256,0),(-1.73894e+11,1.42918e+11,0)
266,Sun,1.989e+30,(0.00163395,0.167176,0),(1.45242e-08,1.28597e-08,0),(796448,4.53997e+06,0)
266,Mercury,3.285e+23,(-29730.3,38541.2,0),(-0.0347123,-0.0227722,0),(4.47136e+10,3.43526e+10,0)
266,Venus,4.867e+24,(-32608.1,13976.8,0),(-0.00479615,-0.0105981,0),(4.12271e+10,9.85361e+10,0)
266,Earth,5.972e+24,(29312.4,-3661.12,0),(0.000764187,0.00578484,0),(-1.72203e+10,-1.49846e+11,0)
266,Mars,6.39e+23,(-15388.5,-18898,0),(0.00202435,-0.00166369,0),(-1.75223e+11,1.41285e+11,0)
267,Sun,1.989e+30,(0.00282666,0.16835,0),(1.38045e-08,1.35931e-08,0),(796692,4.55451e+06,0)
267,Mercury,3.285e+23,(-32591.5,36343.3,0),(-0.0331156,-0.0254391,0),(4.18977e+10,3.74926e+10,0)
267,Venus,4.867e+24,(-32996.2,13049.3,0),(-0.00449155,-0.0107349,0),(3.83762e+10,9.96636e+10,0)
267,Earth,5.972e+24,(29369.9,-3160.28,0),(0.000666165,0.00579667,0),(-1.46827e+10,-1.50119e+11,0)
267,Mars,6.39e+23,(-15212.3,-19040.1,0),(0.00203982,-0.00164467,0),(-1.76537e+11,1.3964e+11,0)
268,Sun,1.989e+30,(0.00395325,0.169585,0),(1.30392e-08,1.42931e-08,0),(797034,4.56917e+06,0)
268,Mercury,3.285e+23,(-35295.8,33923.5,0),(-0.0313002,-0.0280064,0),(3.88481e+10,4.04236e+10,0)
268,Venus,4.867e+24,(-33357.6,12110.7,0),(-0.00418287,-0.0108627,0),(3.54941e+10,1.0071e+11,0)
268,Earth,5.972e+24,(29419,-2658.57,0),(0.000567968,0.00580687,0),(-1.21409e+10,-1.50348e+11,0)
268,Mars,6.39e+23,(-15034.7,-19180.5,0),(0.0020551,-0.00162551,0),(-1.77836e+11,1.37983e+11,0)
269,Sun,1.989e+30,(0.00500989,0.170877,0),(1.22297e-08,1.4956e-08,0),(797467,4.58393e+06,0)
269,Mercury,3.285e+23,(-37824.8,31292.3,0),(-0.0292701,-0.0304542,0),(3.55801e+10,4.31273e+10,0)
269,Venus,4.867e+24,(-33692,11161.9,0),(-0.00387038,-0.0109814,0),(3.25831e+10,1.01674e+11,0)
269,Earth,5.972e+24,(29459.6,-2156.12,0),(0.000469624,0.00581543,0),(-9.5956e+09,-1.50535e+11,0)
269,Mars,6.39e+23,(-14855.9,-19319.3,0),(0.00207021,-0.00160621,0),(-1.7912e+11,1.36314e+11,0)
270,Sun,1.989e+30,(0.00599291,0.172223,0),(1.13775e-08,1.55782e-08,0),(797984,4.59881e+06,0)
270,Mercury,3.285e+23,(-40160.3,28461.6,0),(-0.0270314,-0.0327624,0),(3.21102e+10,4.55864e+10,0)
270,Venus,4.867e+24,(-33999.1,10203.7,0),(-0.00355435,-0.011091,0),(2.96456e+10,1.02556e+11,0)
270,Earth,5.972e+24,(29491.6,-1653.06,0),(0.000371157,0.00582236,0),(-7.04753e+09,-1.50678e+11,0)
270,Mars,6.39e+23,(-14675.7,-19456.4,0),(0.00208513,-0.00158676,0),(-1.80388e+11,1.34633e+11,0)
271,Sun,1.989e+30,(0.00689879,0.173619,0),(1.04847e-08,1.61561e-08,0),(798581,4.61381e+06,0)
271,Mercury,3.285e+23,(-42285.1,25445.3,0),(-0.0245925,-0.0349108,0),(2.84568e+10,4.77848e+10,0)
271,Venus,4.867e+24,(-34278.6,9236.74,0),(-0.00323508,-0.0111912,0),(2.6684e+10,1.03354e+11,0)
271,Earth,5.972e+24,(29515.2,-1149.56,0),(0.000272595,0.00582765,0),(-4.49741e+09,-1.50777e+11,0)
271,Mars,6.39e+23,(-14494.3,-19591.8,0),(0.00209987,-0.00156718,0),(-1.8164e+11,1.3294e+11,0)
272,Sun,1.989e+30,(0.00772421,0.175061,0),(9.55349e-09,1.66862e-08,0),(799248,4.62894e+06,0)
272,Mercury,3.285e+23,(-44182.7,22259,0),(-0.0219639,-0.0368793,0),(2.46394e+10,4.9708e+10,0)
272,Venus,4.867e+24,(-34530.3,8261.97,0),(-0.00291284,-0.011282,0),(2.37005e+10,1.04068e+11,0)
272,Earth,5.972e+24,(29530.2,-645.731,0),(0.000173963,0.0058313,0),(-1.946e+09,-1.50833e+11,0)
272,Mars,6.39e+23,(-14311.6,-19725.5,0),(0.00211442,-0.00154745,0),(-1.82877e+11,1.31236e+11,0)
273,Sun,1.989e+30,(0.0084661,0.176544,0),(8.58678e-09,1.71649e-08,0),(799979,4.64419e+06,0)
273,Mercury,3.285e+23,(-45838,18919.7,0),(-0.0191585,-0.0386484,0),(2.0679e+10,5.13427e+10,0)
273,Venus,4.867e+24,(-34753.9,7280.18,0),(-0.00258793,-0.0113633,0),(2.06978e+10,1.04697e+11,0)
273,Earth,5.972e+24,(29536.7,-141.733,0),(7.52886e-05,0.00583331,0),(6.05972e+08,-1.50845e+11,0)
273,Mars,6.39e+23,(-14127.7,-19857.5,0),(0.00212878,-0.00152759,0),(-1.84097e+11,1.2952e+11,0)
274,Sun,1.989e+30,(0.00912168,0.178063,0),(7.58769e-09,1.7589e-08,0),(800767,4.65957e+06,0)
274,Mercury,3.285e+23,(-47237,15446.5,0),(-0.0161918,-0.0401994,0),(1.65977e+10,5.26773e+10,0)
274,Venus,4.867e+24,(-34949.2,6292.2,0),(-0.00226064,-0.011435,0),(1.76782e+10,1.0524e+11,0)
274,Earth,5.972e+24,(29534.7,362.296,0),(-2.3403e-05,0.00583367,0),(3.15777e+09,-1.50814e+11,0)
274,Mars,6.39e+23,(-13942.5,-19987.7,0),(0.00214295,-0.00150759,0),(-1.85302e+11,1.27793e+11,0)
275,Sun,1.989e+30,(0.00968845,0.179615,0),(6.5598e-09,1.79554e-08,0),(801605,4.67509e+06,0)
275,Mercury,3.285e+23,(-48367.2,11859.6,0),(-0.0130812,-0.0415149,0),(1.24188e+10,5.37019e+10,0)
275,Venus,4.867e+24,(-35116,5298.85,0),(-0.00193126,-0.0114971,0),(1.46442e+10,1.05698e+11,0)
275,Earth,5.972e+24,(29524.2,866.216,0),(-0.000122085,0.0058324,0),(5.70866e+09,-1.50739e+11,0)
275,Mars,6.39e+23,(-13756.2,-20116.3,0),(0.00215693,-0.00148746,0),(-1.86491e+11,1.26055e+11,0)
276,Sun,1.989e+30,(0.0101643,0.181193,0),(5.50705e-09,1.82613e-08,0),(802483,4.69075e+06,0)
276,Mercury,3.285e+23,(-49218,8180.79,0),(-0.0098468,-0.042579,0),(8.16634e+09,5.44087e+10,0)
276,Venus,4.867e+24,(-35254.3,4300.99,0),(-0.00160011,-0.0115494,0),(1.15982e+10,1.0607e+11,0)
276,Earth,5.972e+24,(29505.1,1369.88,0),(-0.000220732,0.00582949,0),(8.2579e+09,-1.5062e+11,0)
276,Mars,6.39e+23,(-13568.6,-20243,0),(0.00217072,-0.0014672,0),(-1.87663e+11,1.24306e+11,0)
277,Sun,1.989e+30,(0.0105473,0.182791,0),(4.43374e-09,1.85043e-08,0),(803394,4.70654e+06,0)
277,Mercury,3.285e+23,(-49780.5,4432.97,0),(-0.00651057,-0.0433775,0),(3.86531e+09,5.47918e+10,0)
277,Venus,4.867e+24,(-35363.8,3299.45,0),(-0.00126748,-0.0115919,0),(8.54276e+09,1.06355e+11,0)
277,Earth,5.972e+24,(29477.5,1873.16,0),(-0.000319316,0.00582494,0),(1.08048e+10,-1.50459e+11,0)
277,Mars,6.39e+23,(-13379.9,-20368,0),(0.00218432,-0.00144681,0),(-1.88819e+11,1.22546e+11,0)
278,Sun,1.989e+30,(0.0108363,0.184406,0),(3.3445e-09,1.86823e-08,0),(804330,4.72247e+06,0)
278,Mercury,3.285e+23,(-50048,640.135,0),(-0.00309646,-0.0438986,0),(-4.58843e+08,5.48471e+10,0)
278,Venus,4.867e+24,(-35444.5,2295.09,0),(-0.000933672,-0.0116245,0),(5.48036e+09,1.06553e+11,0)
278,Earth,5.972e+24,(29441.4,2375.9,0),(-0.000417813,0.00581875,0),(1.33485e+10,-1.50253e+11,0)
278,Mars,6.39e+23,(-13190,-20491.3,0),(0.00219772,-0.00142629,0),(-1.89959e+11,1.20776e+11,0)
279,Sun,1.989e+30,(0.0110302,0.186029,0),(2.24421e-09,1.87936e-08,0),(805283,4.73855e+06,0)
279,Mercury,3.285e+23,(-50016.1,-3172.94,0),(0.000369902,-0.0441328,0),(-4.78023e+09,5.45729e+10,0)
279,Venus,4.867e+24,(-35496.2,1288.76,0),(-0.000598996,-0.0116473,0),(2.41349e+09,1.06665e+11,0)
279,Earth,5.972e+24,(29396.8,2877.96,0),(-0.000516194,0.00581092,0),(1.58884e+10,-1.50005e+11,0)
279,Mars,6.39e+23,(-12999,-20612.7,0),(0.00221093,-0.00140564,0),(-1.91082e+11,1.18995e+11,0)
280,Sun,1.989e+30,(0.0111285,0.187657,0),(1.13801e-09,1.88371e-08,0),(806245,4.75476e+06,0)
280,Mercury,3.285e+23,(-49682.4,-6980.9,0),(0.00386157,-0.0440736,0),(-9.07279e+09,5.39698e+10,0)
280,Venus,4.867e+24,(-35519,281.322,0),(-0.000263759,-0.0116602,0),(-6.55358e+08,1.06689e+11,0)
280,Earth,5.972e+24,(29343.7,3379.21,0),(-0.000614436,0.00580146,0),(1.84237e+10,-1.49713e+11,0)
280,Mars,6.39e+23,(-12806.8,-20732.4,0),(0.00222394,-0.00138488,0),(-1.92188e+11,1.17204e+11,0)
281,Sun,1.989e+30,(0.0111312,0.189282,0),(3.11861e-11,1.88121e-08,0),(807207,4.77111e+06,0)
281,Mercury,3.285e+23,(-49047.3,-10758.1,0),(0.00735061,-0.0437173,0),(-1.33105e+10,5.30403e+10,0)
281,Venus,4.867e+24,(-35512.8,-726.376,0),(7.17327e-05,-0.0116632,0),(-3.72367e+09,1.06626e+11,0)
281,Earth,5.972e+24,(29282.2,3879.5,0),(-0.00071251,0.00579037,0),(2.09536e+10,-1.49378e+11,0)
281,Mars,6.39e+23,(-12613.6,-20850.2,0),(0.00223675,-0.00136399,0),(-1.93278e+11,1.15402e+11,0)
282,Sun,1.989e+30,(0.0110387,0.190899,0),(-1.07087e-09,1.87186e-08,0),(808160,4.78761e+06,0)
282,Mercury,3.285e+23,(-48113.5,-14478.8,0),(0.0108085,-0.0430635,0),(-1.74675e+10,5.17893e+10,0)
282,Venus,4.867e+24,(-35477.6,-1733.47,0),(0.00040717,-0.0116562,0),(-6.78893e+09,1.06476e+11,0)
282,Earth,5.972e+24,(29212.1,4378.68,0),(-0.000810391,0.00577765,0),(2.34776e+10,-1.48999e+11,0)
282,Mars,6.39e+23,(-12419.2,-20966.2,0),(0.00224936,-0.00134298,0),(-1.94351e+11,1.13591e+11,0)
283,Sun,1.989e+30,(0.0108518,0.192503,0),(-2.16276e-09,1.8557e-08,0),(809098,4.80424e+06,0)
283,Mercury,3.285e+23,(-46886.1,-18117.5,0),(0.0142065,-0.0421148,0),(-2.15184e+10,5.0224e+10,0)
283,Venus,4.867e+24,(-35413.5,-2739.12,0),(0.000742246,-0.0116394,0),(-9.84866e+09,1.0624e+11,0)
283,Earth,5.972e+24,(29133.7,4876.63,0),(-0.000908053,0.0057633,0),(2.59947e+10,-1.48578e+11,0)
283,Mars,6.39e+23,(-12223.8,-21080.5,0),(0.00226177,-0.00132185,0),(-1.95407e+11,1.11769e+11,0)
284,Sun,1.989e+30,(0.010572,0.194086,0),(-3.2391e-09,1.83283e-08,0),(810011,4.82101e+06,0)
284,Mercury,3.285e+23,(-45372.6,-21649.3,0),(0.0175163,-0.0408774,0),(-2.54386e+10,4.83535e+10,0)
284,Venus,4.867e+24,(-35320.5,-3742.45,0),(0.00107665,-0.0116126,0),(-1.29004e+10,1.05916e+11,0)
284,Earth,5.972e+24,(29046.8,5373.2,0),(-0.00100547,0.00574732,0),(2.85044e+10,-1.48114e+11,0)
284,Mars,6.39e+23,(-12027.3,-21192.8,0),(0.00227398,-0.00130061,0),(-1.96446e+11,1.09938e+11,0)
285,Sun,1.989e+30,(0.0102009,0.195645,0),(-4.29467e-09,1.80341e-08,0),(810893,4.83791e+06,0)
285,Mercury,3.285e+23,(-43583.3,-25050,0),(0.0207103,-0.0393605,0),(-2.92042e+10,4.61891e+10,0)
285,Venus,4.867e+24,(-35198.7,-4742.62,0),(0.00141008,-0.011576,0),(-1.59415e+10,1.05507e+11,0)
285,Earth,5.972e+24,(28951.5,5868.25,0),(-0.00110262,0.00572973,0),(3.10058e+10,-1.47607e+11,0)
285,Mars,6.39e+23,(-11829.8,-21303.4,0),(0.00228599,-0.00127926,0),(-1.97468e+11,1.08098e+11,0)
286,Sun,1.989e+30,(0.00974088,0.197172,0),(-5.32443e-09,1.76766e-08,0),(811734,4.85495e+06,0)
286,Mercury,3.285e+23,(-41530.2,-28296.7,0),(0.0237619,-0.0375765,0),(-3.27925e+10,4.37443e+10,0)
286,Venus,4.867e+24,(-35048.1,-5738.77,0),(0.00174223,-0.0115296,0),(-1.89697e+10,1.05011e+11,0)
286,Earth,5.972e+24,(28847.9,6361.64,0),(-0.00119946,0.00571053,0),(3.34982e+10,-1.47057e+11,0)
286,Mars,6.39e+23,(-11631.3,-21412,0),(0.0022978,-0.00125779,0),(-1.98473e+11,1.06248e+11,0)
287,Sun,1.989e+30,(0.00919452,0.198663,0),(-6.3236e-09,1.72584e-08,0),(812529,4.87211e+06,0)
287,Mercury,3.285e+23,(-39228,-31367.4,0),(0.0266463,-0.0355406,0),(-3.61818e+10,4.10342e+10,0)
287,Venus,4.867e+24,(-34869,-6730.07,0),(0.00207279,-0.0114734,0),(-2.19824e+10,1.04429e+11,0)
287,Earth,5.972e+24,(28735.9,6853.23,0),(-0.00129599,0.00568971,0),(3.5981e+10,-1.46465e+11,0)
287,Mars,6.39e+23,(-11431.8,-21518.8,0),(0.0023094,-0.00123621,0),(-1.99461e+11,1.04388e+11,0)
288,Sun,1.989e+30,(0.00856486,0.200113,0),(-7.28774e-09,1.67826e-08,0),(813269,4.8894e+06,0)
288,Mercury,3.285e+23,(-36693,-34242,0),(0.0293408,-0.0332709,0),(-3.9352e+10,3.80756e+10,0)
288,Venus,4.867e+24,(-34661.6,-7715.67,0),(0.00240146,-0.0114074,0),(-2.49771e+10,1.03763e+11,0)
288,Earth,5.972e+24,(28615.6,7342.89,0),(-0.00139217,0.00566729,0),(3.84534e+10,-1.4583e+11,0)
288,Mars,6.39e+23,(-11231.2,-21623.8,0),(0.00232079,-0.00121452,0),(-2.00431e+11,1.0252e+11,0)
289,Sun,1.989e+30,(0.00785528,0.201517,0),(-8.21281e-09,1.62526e-08,0),(813947,4.90681e+06,0)
289,Mercury,3.285e+23,(-33943.3,-36902,0),(0.0318246,-0.0307877,0),(-4.22847e+10,3.48873e+10,0)
289,Venus,4.867e+24,(-34425.9,-8694.75,0),(0.00272795,-0.0113318,0),(-2.79515e+10,1.03011e+11,0)
289,Earth,5.972e+24,(28487.1,7830.46,0),(-0.00148797,0.00564327,0),(4.09147e+10,-1.45154e+11,0)
289,Mars,6.39e+23,(-11029.8,-21726.8,0),(0.00233198,-0.00119273,0),(-2.01384e+11,1.00643e+11,0)
290,Sun,1.989e+30,(0.00706945,0.202871,0),(-9.09519e-09,1.56724e-08,0),(814558,4.92434e+06,0)
290,Mercury,3.285e+23,(-30998.8,-39331,0),(0.0340799,-0.0281133,0),(-4.4963e+10,3.14891e+10,0)
290,Venus,4.867e+24,(-34162.2,-9666.46,0),(0.00305195,-0.0112467,0),(-3.09031e+10,1.02176e+11,0)
290,Earth,5.972e+24,(28350.3,8315.83,0),(-0.00158337,0.00561765,0),(4.33642e+10,-1.44435e+11,0)
290,Mars,6.39e+23,(-10827.3,-21828,0),(0.00234296,-0.00117084,0),(-2.0232e+11,9.8757e+10,0)
291,Sun,1.989e+30,(0.00621135,0.204171,0),(-9.93174e-09,1.5046e-08,0),(815095,4.94198e+06,0)
291,Mercury,3.285e+23,(-27880.5,-41514.5,0),(0.0360915,-0.0252716,0),(-4.73719e+10,2.79023e+10,0)
291,Venus,4.867e+24,(-33870.7,-10630,0),(0.00337317,-0.011152,0),(-3.38296e+10,1.01258e+11,0)
291,Earth,5.972e+24,(28205.3,8798.84,0),(-0.00167835,0.00559045,0),(4.58011e+10,-1.43675e+11,0)
291,Mars,6.39e+23,(-10624,-21927.2,0),(0.00235373,-0.00114884,0),(-2.03238e+11,9.68625e+10,0)
292,Sun,1.989e+30,(0.00528516,0.205413,0),(-1.07198e-08,1.4378e-08,0),(815551,4.95973e+06,0)
292,Mercury,3.285e+23,(-24610.5,-43440.2,0),(0.0378472,-0.0222878,0),(-4.94982e+10,2.4149e+10,0)
292,Venus,4.867e+24,(-33551.8,-11584.5,0),(0.00369132,-0.011048,0),(-3.67284e+10,1.00257e+11,0)
292,Earth,5.972e+24,(28052.1,9279.37,0),(-0.00177287,0.00556167,0),(4.82248e+10,-1.42873e+11,0)
292,Mars,6.39e+23,(-10419.7,-22024.6,0),(0.00236429,-0.00112675,0),(-2.04138e+11,9.49595e+10,0)
293,Sun,1.989e+30,(0.00429525,0.206595,0),(-1.14572e-08,1.36727e-08,0),(815923,4.97758e+06,0)
293,Mercury,3.285e+23,(-21211.7,-45098,0),(0.0393377,-0.0191876,0),(-5.13309e+10,2.02526e+10,0)
293,Venus,4.867e+24,(-33205.7,-12529.3,0),(0.00400612,-0.0109347,0),(-3.95974e+10,9.91744e+10,0)
293,Earth,5.972e+24,(27890.8,9757.28,0),(-0.00186692,0.00553131,0),(5.06346e+10,-1.4203e+11,0)
293,Mars,6.39e+23,(-10214.5,-22120,0),(0.00237464,-0.00110455,0),(-2.05021e+11,9.30484e+10,0)
294,Sun,1.989e+30,(0.00324615,0.207712,0),(-1.21424e-08,1.29348e-08,0),(816203,4.99553e+06,0)
294,Mercury,3.285e+23,(-17707.6,-46480.1,0),(0.0405568,-0.0159974,0),(-5.28609e+10,1.62367e+10,0)
294,Venus,4.867e+24,(-32832.7,-13463.5,0),(0.00431729,-0.0108122,0),(-4.24341e+10,9.80111e+10,0)
294,Earth,5.972e+24,(27721.4,10232.4,0),(-0.00196046,0.00549939,0),(5.30297e+10,-1.41146e+11,0)
294,Mars,6.39e+23,(-10008.5,-22213.5,0),(0.00238478,-0.00108226,0),(-2.05885e+11,9.11291e+10,0)
295,Sun,1.989e+30,(0.00214247,0.208764,0),(-1.27741e-08,1.21689e-08,0),(816388,5.01356e+06,0)
295,Mercury,3.285e+23,(-14121.9,-47581.2,0),(0.0415014,-0.0127434,0),(-5.4081e+10,1.21257e+10,0)
295,Venus,4.867e+24,(-32433.1,-14386.3,0),(0.00462454,-0.0106807,0),(-4.52364e+10,9.67682e+10,0)
295,Earth,5.972e+24,(27544,10704.7,0),(-0.00205348,0.0054659,0),(5.54095e+10,-1.40221e+11,0)
295,Mars,6.39e+23,(-9801.58,-22305.1,0),(0.00239471,-0.00105988,0),(-2.06732e+11,8.9202e+10,0)
296,Sun,1.989e+30,(0.000988881,0.209747,0),(-1.33518e-08,1.13795e-08,0),(816474,5.03169e+06,0)
296,Mercury,3.285e+23,(-10478.3,-48397.7,0),(0.0421708,-0.00945117,0),(-5.49863e+10,7.94411e+09,0)
296,Venus,4.867e+24,(-32007.3,-15297,0),(0.0049276,-0.0105402,0),(-4.80018e+10,9.54465e+10,0)
296,Earth,5.972e+24,(27358.6,11173.9,0),(-0.00214594,0.00543087,0),(5.77733e+10,-1.39256e+11,0)
296,Mars,6.39e+23,(-9593.84,-22394.7,0),(0.00240442,-0.00103741,0),(-2.07561e+11,8.72671e+10,0)
297,Sun,1.989e+30,(-0.000209929,0.21066,0),(-1.38751e-08,1.05711e-08,0),(816455,5.04989e+06,0)
297,Mercury,3.285e+23,(-6800.51,-48928.8,0),(0.0425675,-0.00614588,0),(-5.55739e+10,3.71666e+09,0)
297,Venus,4.867e+24,(-31555.8,-16194.7,0),(0.00522621,-0.0103911,0),(-5.07282e+10,9.40473e+10,0)
297,Earth,5.972e+24,(27165.2,11640,0),(-0.00223782,0.00539429,0),(6.01204e+10,-1.3825e+11,0)
297,Mars,6.39e+23,(-9385.27,-22482.4,0),(0.00241392,-0.00101484,0),(-2.08372e+11,8.53246e+10,0)
298,Sun,1.989e+30,(-0.00144929,0.211503,0),(-1.43444e-08,9.74807e-09,0),(816330,5.06816e+06,0)
298,Mercury,3.285e+23,(-3111.58,-49175.1,0),(0.042696,-0.00285146,0),(-5.58427e+10,-5.32067e+08,0)
298,Venus,4.867e+24,(-31078.9,-17078.9,0),(0.00552011,-0.0102333,0),(-5.34134e+10,9.25717e+10,0)
298,Earth,5.972e+24,(26964,12102.7,0),(-0.00232911,0.00535618,0),(6.24501e+10,-1.37205e+11,0)
298,Mars,6.39e+23,(-9175.91,-22568.1,0),(0.0024232,-0.000992191,0),(-2.09165e+11,8.33747e+10,0)
299,Sun,1.989e+30,(-0.00272457,0.212273,0),(-1.47602e-08,8.91444e-09,0),(816095,5.0865e+06,0)
299,Mercury,3.285e+23,(565.881,-49139.7,0),(0.0425632,0.000409426,0),(-5.57939e+10,-4.77774e+09,0)
299,Venus,4.867e+24,(-30577,-17948.7,0),(0.00580904,-0.010067,0),(-5.60553e+10,9.10209e+10,0)
299,Earth,5.972e+24,(26754.9,12562.1,0),(-0.00241976,0.00531655,0),(6.47617e+10,-1.36119e+11,0)
299,Mars,6.39e+23,(-8965.76,-22651.9,0),(0.00243227,-0.000969455,0),(-2.09939e+11,8.14176e+10,0)
300,Sun,1.989e+30,(-0.00403123,0.21297,0),(-1.51234e-08,8.07411e-09,0),(815747,5.1049e+06,0)
300,Mercury,3.285e+23,(4210.06,-48827.4,0),(0.042178,0.0036156,0),(-5.54301e+10,-8.99642e+09,0)
300,Venus,4.867e+24,(-30050.6,-18803.4,0),(0.00609274,-0.00989252,0),(-5.86516e+10,8.93963e+10,0)
300,Earth,5.972e+24,(26538.1,13017.9,0),(-0.00250976,0.0052754,0),(6.70546e+10,-1.34995e+11,0)
300,Mars,6.39e+23,(-8754.85,-22733.7,0),(0.00244113,-0.000946636,0),(-2.10696e+11,7.94534e+10,0)
301,Sun,1.989e+30,(-0.00536483,0.213595,0),(-1.54352e-08,7.23072e-09,0),(815283,5.12336e+06,0)
301,Mercury,3.285e+23,(7800.05,-48244.4,0),(0.0415508,0.00674754,0),(-5.47562e+10,-1.31647e+10,0)
301,Venus,4.867e+24,(-29500.1,-19642.3,0),(0.00637098,-0.00970991,0),(-6.12005e+10,8.76992e+10,0)
301,Earth,5.972e+24,(26313.5,13470,0),(-0.00259908,0.00523274,0),(6.93281e+10,-1.33831e+11,0)
301,Mars,6.39e+23,(-8543.19,-22813.5,0),(0.00244976,-0.000923737,0),(-2.11434e+11,7.74823e+10,0)
302,Sun,1.989e+30,(-0.00672107,0.214147,0),(-1.56972e-08,6.38761e-09,0),(814702,5.14186e+06,0)
302,Mercury,3.285e+23,(11316,-47398.7,0),(0.0406937,0.00978745,0),(-5.37785e+10,-1.726e+10,0)
302,Venus,4.867e+24,(-28926.1,-20464.8,0),(0.00664353,-0.00951938,0),(-6.36997e+10,8.5931e+10,0)
302,Earth,5.972e+24,(26081.3,13918.3,0),(-0.0026877,0.00518859,0),(7.15815e+10,-1.32628e+11,0)
302,Mars,6.39e+23,(-8330.8,-22891.3,0),(0.00245818,-0.000900758,0),(-2.12154e+11,7.55045e+10,0)
303,Sun,1.989e+30,(-0.00809577,0.214626,0),(-1.59109e-08,5.54786e-09,0),(814003,5.1604e+06,0)
303,Mercury,3.285e+23,(14739.1,-46299.8,0),(0.0396195,0.0127193,0),(-5.2505e+10,-2.12603e+10,0)
303,Venus,4.867e+24,(-28329.1,-21270.2,0),(0.00691014,-0.00932113,0),(-6.61473e+10,8.40933e+10,0)
303,Earth,5.972e+24,(25841.5,14362.6,0),(-0.0027756,0.00514296,0),(7.38142e+10,-1.31387e+11,0)
303,Mars,6.39e+23,(-8117.71,-22967.2,0),(0.00246638,-0.000877703,0),(-2.12855e+11,7.35201e+10,0)
304,Sun,1.989e+30,(-0.00948493,0.215034,0),(-1.60782e-08,4.71427e-09,0),(813183,5.17898e+06,0)
304,Mercury,3.285e+23,(18051.9,-44958.1,0),(0.0383422,0.015529,0),(-5.09453e+10,-2.51447e+10,0)
304,Venus,4.867e+24,(-27709.5,-22057.7,0),(0.0071706,-0.00911534,0),(-6.85414e+10,8.21875e+10,0)
304,Earth,5.972e+24,(25594.2,14802.9,0),(-0.00286274,0.00509586,0),(7.60255e+10,-1.30108e+11,0)
304,Mars,6.39e+23,(-7903.92,-23041,0),(0.00247436,-0.000854574,0),(-2.13538e+11,7.15294e+10,0)
305,Sun,1.989e+30,(-0.0108847,0.21537,0),(-1.6201e-08,3.88935e-09,0),(812243,5.19759e+06,0)
305,Mercury,3.285e+23,(21238,-43385.2,0),(0.0368762,0.0182042,0),(-4.91104e+10,-2.88932e+10,0)
305,Venus,4.867e+24,(-27068,-22826.9,0),(0.00742469,-0.00890223,0),(-7.08801e+10,8.02153e+10,0)
305,Earth,5.972e+24,(25339.4,15239,0),(-0.00294911,0.00504729,0),(7.82148e+10,-1.28792e+11,0)
305,Mars,6.39e+23,(-7689.47,-23112.8,0),(0.00248212,-0.000831372,0),(-2.14202e+11,6.95324e+10,0)
306,Sun,1.989e+30,(-0.0122914,0.215635,0),(-1.62814e-08,3.07533e-09,0),(811181,5.21622e+06,0)
306,Mercury,3.285e+23,(24282.4,-41593.8,0),(0.0352365,0.0207341,0),(-4.70124e+10,-3.24869e+10,0)
306,Venus,4.867e+24,(-26405.2,-23577,0),(0.00767221,-0.00868201,0),(-7.31615e+10,7.81782e+10,0)
306,Earth,5.972e+24,(25077.2,15670.8,0),(-0.00303468,0.00499728,0),(8.03815e+10,-1.27438e+11,0)
306,Mars,6.39e+23,(-7474.36,-23182.7,0),(0.00248965,-0.0008081,0),(-2.14848e+11,6.75294e+10,0)
307,Sun,1.989e+30,(-0.0137016,0.215832,0),(-1.63213e-08,2.27417e-09,0),(809997,5.23487e+06,0)
307,Mercury,3.285e+23,(27171.5,-39597.1,0),(0.0334381,0.02311,0),(-4.46648e+10,-3.5908e+10,0)
307,Venus,4.867e+24,(-25721.5,-24307.5,0),(0.00791295,-0.0084549,0),(-7.53838e+10,7.6078e+10,0)
307,Earth,5.972e+24,(24807.6,16098.1,0),(-0.00311943,0.00494583,0),(8.25249e+10,-1.26047e+11,0)
307,Mars,6.39e+23,(-7258.62,-23250.5,0),(0.00249697,-0.00078476,0),(-2.15475e+11,6.55206e+10,0)
308,Sun,1.989e+30,(-0.0151119,0.21596,0),(-1.63229e-08,1.48762e-09,0),(808691,5.25353e+06,0)
308,Mercury,3.285e+23,(29892.7,-37409.1,0),(0.0314959,0.0253243,0),(-4.2082e+10,-3.91402e+10,0)
308,Venus,4.867e+24,(-25017.6,-25017.8,0),(0.00814673,-0.0082211,0),(-7.75453e+10,7.39165e+10,0)
308,Earth,5.972e+24,(24530.9,16520.8,0),(-0.00320333,0.00489295,0),(8.46444e+10,-1.24619e+11,0)
308,Mars,6.39e+23,(-7042.27,-23316.2,0),(0.00250407,-0.000761354,0),(-2.16084e+11,6.35061e+10,0)
309,Sun,1.989e+30,(-0.0165192,0.216022,0),(-1.62884e-08,7.17149e-10,0),(807264,5.27219e+06,0)
309,Mercury,3.285e+23,(32435,-35044.2,0),(0.0294251,0.0273712,0),(-3.92796e+10,-4.2168e+10,0)
309,Venus,4.867e+24,(-24294.1,-25707.4,0),(0.00837335,-0.00798086,0),(-7.96444e+10,7.16954e+10,0)
309,Earth,5.972e+24,(24246.9,16938.9,0),(-0.00328637,0.00483867,0),(8.67393e+10,-1.23156e+11,0)
309,Mars,6.39e+23,(-6825.33,-23380,0),(0.00251094,-0.000737885,0),(-2.16673e+11,6.1486e+10,0)
310,Sun,1.989e+30,(-0.0179206,0.216019,0),(-1.62196e-08,-3.5951e-11,0),(805716,5.29085e+06,0)
310,Mercury,3.285e+23,(34788.6,-32517.3,0),(0.0272401,0.0292462,0),(-3.62739e+10,-4.49775e+10,0)
310,Venus,4.867e+24,(-23551.7,-26375.6,0),(0.00859265,-0.00773441,0),(-8.16792e+10,6.94165e+10,0)
310,Earth,5.972e+24,(23955.9,17352.2,0),(-0.00336851,0.00478298,0),(8.88091e+10,-1.21657e+11,0)
310,Mars,6.39e+23,(-6607.81,-23441.7,0),(0.00251759,-0.000714354,0),(-2.17244e+11,5.94607e+10,0)
311,Sun,1.989e+30,(-0.0193132,0.215953,0),(-1.61187e-08,-7.70593e-10,0),(804047,5.30951e+06,0)
311,Mercury,3.285e+23,(36944.7,-29843.6,0),(0.0249551,0.0309459,0),(-3.30819e+10,-4.7556e+10,0)
311,Venus,4.867e+24,(-22791,-27022,0),(0.00880445,-0.00748198,0),(-8.36484e+10,6.70818e+10,0)
311,Earth,5.972e+24,(23657.8,17760.5,0),(-0.00344973,0.00472592,0),(9.08531e+10,-1.20122e+11,0)
311,Mars,6.39e+23,(-6389.73,-23501.4,0),(0.00252401,-0.000690764,0),(-2.17796e+11,5.74302e+10,0)
312,Sun,1.989e+30,(-0.0206945,0.215824,0),(-1.59876e-08,-1.48586e-09,0),(802259,5.32816e+06,0)
312,Mercury,3.285e+23,(38896,-27038.4,0),(0.0225841,0.0324681,0),(-2.97213e+10,-4.98921e+10,0)
312,Venus,4.867e+24,(-22012.7,-27646.2,0),(0.0090086,-0.00722381,0),(-8.55503e+10,6.46932e+10,0)
312,Earth,5.972e+24,(23352.8,18163.7,0),(-0.00353001,0.00466748,0),(9.28708e+10,-1.18553e+11,0)
312,Mars,6.39e+23,(-6171.12,-23559,0),(0.00253021,-0.000667116,0),(-2.1833e+11,5.53947e+10,0)
313,Sun,1.989e+30,(-0.0220621,0.215636,0),(-1.58281e-08,-2.18099e-09,0),(800353,5.34679e+06,0)
313,Mercury,3.285e+23,(40636.1,-24117.1,0),(0.0201403,0.0338115,0),(-2.62103e+10,-5.19758e+10,0)
313,Venus,4.867e+24,(-21217.4,-28247.5,0),(0.00920494,-0.00696015,0),(-8.73834e+10,6.22526e+10,0)
313,Earth,5.972e+24,(23041,18561.9,0),(-0.00360934,0.00460769,0),(9.48616e+10,-1.16949e+11,0)
313,Mars,6.39e+23,(-5951.99,-23614.6,0),(0.00253619,-0.000643414,0),(-2.18844e+11,5.33544e+10,0)
314,Sun,1.989e+30,(-0.0234136,0.215389,0),(-1.56422e-08,-2.85535e-09,0),(798330,5.3654e+06,0)
314,Mercury,3.285e+23,(42159.9,-21095.2,0),(0.0176363,0.0349757,0),(-2.25677e+10,-5.37985e+10,0)
314,Venus,4.867e+24,(-20405.8,-28825.7,0),(0.00939333,-0.00669125,0),(-8.91465e+10,5.97621e+10,0)
314,Earth,5.972e+24,(22722.4,18954.7,0),(-0.00368767,0.00454655,0),(9.68248e+10,-1.15311e+11,0)
314,Mars,6.39e+23,(-5732.37,-23668.2,0),(0.00254194,-0.000619659,0),(-2.19339e+11,5.13094e+10,0)
315,Sun,1.989e+30,(-0.0247469,0.215086,0),(-1.54315e-08,-3.50841e-09,0),(796192,5.38398e+06,0)
315,Mercury,3.285e+23,(43463.1,-17988.1,0),(0.0150842,0.0359611,0),(-1.88125e+10,-5.53526e+10,0)
315,Venus,4.867e+24,(-19578.6,-29380.1,0),(0.00957364,-0.00641735,0),(-9.08381e+10,5.72236e+10,0)
315,Earth,5.972e+24,(22397.1,19342.1,0),(-0.00376501,0.00448409,0),(9.87599e+10,-1.1364e+11,0)
315,Mars,6.39e+23,(-5512.27,-23719.6,0),(0.00254747,-0.000595854,0),(-2.19815e+11,4.926e+10,0)
316,Sun,1.989e+30,(-0.0260599,0.214728,0),(-1.51978e-08,-4.13977e-09,0),(793940,5.40254e+06,0)
316,Mercury,3.285e+23,(44542.8,-14811.3,0),(0.0124957,0.0367686,0),(-1.4964e+10,-5.66323e+10,0)
316,Venus,4.867e+24,(-18736.6,-29910.5,0),(0.00974575,-0.00613873,0),(-9.24569e+10,5.46394e+10,0)
316,Earth,5.972e+24,(22065.2,19724,0),(-0.00384131,0.00442033,0),(1.00666e+11,-1.11936e+11,0)
316,Mars,6.39e+23,(-5291.71,-23769.1,0),(0.00255277,-0.000572,0),(-2.20273e+11,4.72064e+10,0)
317,Sun,1.989e+30,(-0.027351,0.214318,0),(-1.49425e-08,-4.74906e-09,0),(791577,5.42105e+06,0)
317,Mercury,3.285e+23,(45396.6,-11580,0),(0.00988173,0.0373997,0),(-1.10417e+10,-5.76328e+10,0)
317,Venus,4.867e+24,(-17880.4,-30416.4,0),(0.00990954,-0.00585562,0),(-9.40018e+10,5.20114e+10,0)
317,Earth,5.972e+24,(21726.8,20100.3,0),(-0.00391656,0.00435526,0),(1.02544e+11,-1.10199e+11,0)
317,Mars,6.39e+23,(-5070.71,-23816.4,0),(0.00255784,-0.0005481,0),(-2.20711e+11,4.51487e+10,0)
318,Sun,1.989e+30,(-0.0286182,0.213857,0),(-1.46673e-08,-5.33603e-09,0),(789105,5.43953e+06,0)
318,Mercury,3.285e+23,(46023.2,-8309.21,0),(0.00725262,0.0378562,0),(-7.06533e+09,-5.83508e+10,0)
318,Venus,4.867e+24,(-17010.8,-30897.5,0),(0.0100649,-0.0055683,0),(-9.54715e+10,4.93418e+10,0)
318,Earth,5.972e+24,(21382,20470.9,0),(-0.00399074,0.00428893,0),(1.04391e+11,-1.08431e+11,0)
318,Mars,6.39e+23,(-4849.3,-23861.7,0),(0.00256269,-0.000524156,0),(-2.2113e+11,4.3087e+10,0)
319,Sun,1.989e+30,(-0.0298601,0.213347,0),(-1.43735e-08,-5.90044e-09,0),(786525,5.45796e+06,0)
319,Mercury,3.285e+23,(46422.2,-5013.89,0),(0.00461827,0.0381404,0),(-3.05445e+09,-5.8784e+10,0)
319,Venus,4.867e+24,(-16128.5,-31353.5,0),(0.0102117,-0.00527702,0),(-9.6865e+10,4.66329e+10,0)
319,Earth,5.972e+24,(21030.9,20835.6,0),(-0.00406382,0.00422133,0),(1.06208e+11,-1.0663e+11,0)
319,Mars,6.39e+23,(-4627.48,-23904.9,0),(0.00256731,-0.00050017,0),(-2.2153e+11,4.10216e+10,0)
320,Sun,1.989e+30,(-0.0310751,0.212791,0),(-1.40626e-08,-6.44213e-09,0),(783840,5.47635e+06,0)
320,Mercury,3.285e+23,(46594,-1708.68,0),(0.00198808,0.0382547,0),(9.71271e+08,-5.89316e+10,0)
320,Venus,4.867e+24,(-15234.3,-31783.9,0),(0.0103499,-0.00498206,0),(-9.81813e+10,4.38868e+10,0)
320,Earth,5.972e+24,(20673.6,21194.4,0),(-0.00413579,0.00415248,0),(1.07994e+11,-1.04799e+11,0)
320,Mars,6.39e+23,(-4405.28,-23946.1,0),(0.0025717,-0.000476145,0),(-2.2191e+11,3.89527e+10,0)
321,Sun,1.989e+30,(-0.0322619,0.212189,0),(-1.3736e-08,-6.96093e-09,0),(781052,5.49468e+06,0)
321,Mercury,3.285e+23,(46539.6,1591.98,0),(-0.000629039,0.0382021,0),(4.99229e+09,-5.8794e+10,0)
321,Venus,4.867e+24,(-14328.9,-32188.6,0),(0.0104794,-0.00468366,0),(-9.94193e+10,4.11057e+10,0)
321,Earth,5.972e+24,(20310.1,21547.1,0),(-0.00420662,0.00408241,0),(1.09749e+11,-1.02938e+11,0)
321,Mars,6.39e+23,(-4182.73,-23985.1,0),(0.00257587,-0.000452082,0),(-2.22272e+11,3.68804e+10,0)
322,Sun,1.989e+30,(-0.0334192,0.211545,0),(-1.33948e-08,-7.45674e-09,0),(778165,5.51296e+06,0)
322,Mercury,3.285e+23,(46261,4873.91,0),(-0.00322457,0.0379853,0),(8.98925e+09,-5.83729e+10,0)
322,Venus,4.867e+24,(-13413,-32567.2,0),(0.0106002,-0.00438211,0),(-1.00578e+11,3.82919e+10,0)
322,Earth,5.972e+24,(19940.6,21893.7,0),(-0.0042763,0.00401114,0),(1.11472e+11,-1.01046e+11,0)
322,Mars,6.39e+23,(-3959.83,-24022.1,0),(0.0025798,-0.000427985,0),(-2.22614e+11,3.48049e+10,0)
323,Sun,1.989e+30,(-0.0345459,0.21086,0),(-1.30404e-08,-7.92946e-09,0),(775180,5.53118e+06,0)
323,Mercury,3.285e+23,(45760.7,8123.18,0),(-0.00579034,0.0376073,0),(1.2943e+10,-5.76711e+10,0)
323,Venus,4.867e+24,(-12487.5,-32919.5,0),(0.0107121,-0.00407766,0),(-1.01657e+11,3.54476e+10,0)
323,Earth,5.972e+24,(19565.2,22234,0),(-0.00434479,0.00393867,0),(1.13162e+11,-9.9125e+10,0)
323,Mars,6.39e+23,(-3736.62,-24057,0),(0.00258351,-0.000403854,0),(-2.22937e+11,3.27263e+10,0)
324,Sun,1.989e+30,(-0.0356409,0.210136,0),(-1.2674e-08,-8.379e-09,0),(772101,5.54933e+06,0)
324,Mercury,3.285e+23,(45042,11326.1,0),(-0.00831852,0.0370714,0),(1.68346e+10,-5.66925e+10,0)
324,Venus,4.867e+24,(-11553.1,-33245.3,0),(0.0108151,-0.00377059,0),(-1.02655e+11,3.25752e+10,0)
324,Earth,5.972e+24,(19184,22567.9,0),(-0.00441209,0.00386503,0),(1.1482e+11,-9.71751e+10,0)
324,Mars,6.39e+23,(-3513.1,-24089.8,0),(0.00258699,-0.000379693,0),(-2.2324e+11,3.0645e+10,0)
325,Sun,1.989e+30,(-0.0367034,0.209375,0),(-1.22967e-08,-8.8053e-09,0),(768930,5.56742e+06,0)
325,Mercury,3.285e+23,(44108.8,14469.4,0),(-0.0108015,0.0363806,0),(2.06456e+10,-5.54423e+10,0)
325,Venus,4.867e+24,(-10610.5,-33544.3,0),(0.0109092,-0.00346115,0),(-1.03572e+11,2.9677e+10,0)
325,Earth,5.972e+24,(18797.1,22895.4,0),(-0.00447817,0.00379024,0),(1.16444e+11,-9.5197e+10,0)
325,Mars,6.39e+23,(-3289.31,-24120.5,0),(0.00259024,-0.000355504,0),(-2.23524e+11,2.8561e+10,0)
326,Sun,1.989e+30,(-0.0377324,0.208579,0),(-1.19098e-08,-9.20828e-09,0),(765670,5.58545e+06,0)
326,Mercury,3.285e+23,(42965.5,17539.9,0),(-0.0132319,0.0355383,0),(2.43578e+10,-5.39269e+10,0)
326,Venus,4.867e+24,(-9660.6,-33816.5,0),(0.0109943,-0.00314963,0),(-1.04407e+11,2.67552e+10,0)
326,Earth,5.972e+24,(18404.6,23216.3,0),(-0.00454301,0.00371431,0),(1.18034e+11,-9.31911e+10,0)
326,Mars,6.39e+23,(-3065.25,-24149.1,0),(0.00259326,-0.000331288,0),(-2.23789e+11,2.64745e+10,0)
327,Sun,1.989e+30,(-0.0387272,0.207751,0),(-1.15145e-08,-9.58792e-09,0),(762324,5.6034e+06,0)
327,Mercury,3.285e+23,(41617.5,20524.9,0),(-0.0156025,0.0345478,0),(2.79536e+10,-5.21535e+10,0)
327,Venus,4.867e+24,(-8704.12,-34061.5,0),(0.0110703,-0.00283627,0),(-1.05159e+11,2.38123e+10,0)
327,Earth,5.972e+24,(18006.6,23530.5,0),(-0.00460659,0.00363727,0),(1.1959e+11,-9.1158e+10,0)
327,Mars,6.39e+23,(-2840.95,-24175.7,0),(0.00259606,-0.000307048,0),(-2.24035e+11,2.43857e+10,0)
328,Sun,1.989e+30,(-0.0396873,0.206892,0),(-1.11118e-08,-9.94417e-09,0),(758895,5.62127e+06,0)
328,Mercury,3.285e+23,(40070.4,23411.7,0),(-0.0179062,0.0334125,0),(3.14157e+10,-5.01308e+10,0)
328,Venus,4.867e+24,(-7741.85,-34279.4,0),(0.0111374,-0.00252136,0),(-1.05828e+11,2.08506e+10,0)
328,Earth,5.972e+24,(17603.2,23838.1,0),(-0.00466889,0.00355913,0),(1.21111e+11,-8.90984e+10,0)
328,Mars,6.39e+23,(-2616.43,-24200.1,0),(0.00259862,-0.000282787,0),(-2.24261e+11,2.22948e+10,0)
329,Sun,1.989e+30,(-0.040612,0.206004,0),(-1.07031e-08,-1.0277e-08,0),(755386,5.63907e+06,0)
329,Mercury,3.285e+23,(38330.6,26188.2,0),(-0.0201359,0.0321357,0),(3.47274e+10,-4.78681e+10,0)
329,Venus,4.867e+24,(-6774.56,-34469.9,0),(0.0111954,-0.00220516,0),(-1.06413e+11,1.78724e+10,0)
329,Earth,5.972e+24,(17194.5,24138.7,0),(-0.0047299,0.00347992,0),(1.22596e+11,-8.70128e+10,0)
329,Mars,6.39e+23,(-2391.71,-24222.4,0),(0.00260095,-0.000258506,0),(-2.24467e+11,2.0202e+10,0)
330,Sun,1.989e+30,(-0.0415011,0.205089,0),(-1.02895e-08,-1.05865e-08,0),(751800,5.65679e+06,0)
330,Mercury,3.285e+23,(36405.3,28842.6,0),(-0.0222845,0.0307212,0),(3.78728e+10,-4.53761e+10,0)
330,Venus,4.867e+24,(-5803.05,-34633,0),(0.0112444,-0.00188792,0),(-1.06914e+11,1.48801e+10,0)
330,Earth,5.972e+24,(16780.7,24432.5,0),(-0.0047896,0.00339966,0),(1.24046e+11,-8.49019e+10,0)
330,Mars,6.39e+23,(-2166.8,-24242.7,0),(0.00260306,-0.000234207,0),(-2.24654e+11,1.81074e+10,0)
331,Sun,1.989e+30,(-0.042354,0.20415,0),(-9.8722e-09,-1.08726e-08,0),(748141,5.67443e+06,0)
331,Mercury,3.285e+23,(34301.8,31363.1,0),(-0.0243451,0.0291726,0),(4.08365e+10,-4.26663e+10,0)
331,Venus,4.867e+24,(-4828.09,-34768.6,0),(0.0112843,-0.00156992,0),(-1.07331e+11,1.18761e+10,0)
331,Earth,5.972e+24,(16361.9,24719.2,0),(-0.00484795,0.00331836,0),(1.2546e+11,-8.27661e+10,0)
331,Mars,6.39e+23,(-1941.74,-24260.8,0),(0.00260493,-0.000209894,0),(-2.24822e+11,1.60113e+10,0)
332,Sun,1.989e+30,(-0.0431707,0.203188,0),(-9.4525e-09,-1.11354e-08,0),(744411,5.69198e+06,0)
332,Mercury,3.285e+23,(32028.6,33738.5,0),(-0.0263106,0.0274937,0),(4.36038e+10,-3.97513e+10,0)
332,Venus,4.867e+24,(-3850.46,-34876.8,0),(0.0113152,-0.0012514,0),(-1.07664e+11,8.86273e+09,0)
332,Earth,5.972e+24,(15938.1,24998.8,0),(-0.00490496,0.00323605,0),(1.26837e+11,-8.06063e+10,0)
332,Mars,6.39e+23,(-1716.53,-24276.8,0),(0.00260658,-0.000185567,0),(-2.24971e+11,1.39138e+10,0)
333,Sun,1.989e+30,(-0.043951,0.202205,0),(-9.03167e-09,-1.13749e-08,0),(740613,5.70945e+06,0)
333,Mercury,3.285e+23,(29594.4,35958,0),(-0.0281736,0.0256886,0),(4.61607e+10,-3.66446e+10,0)
333,Venus,4.867e+24,(-2870.94,-34957.3,0),(0.011337,-0.00093264,0),(-1.07912e+11,5.84242e+09,0)
333,Earth,5.972e+24,(15509.5,25271.2,0),(-0.0049606,0.00315276,0),(1.28177e+11,-7.84228e+10,0)
333,Mars,6.39e+23,(-1491.2,-24290.8,0),(0.00260799,-0.00016123,0),(-2.25099e+11,1.18151e+10,0)
334,Sun,1.989e+30,(-0.044695,0.201203,0),(-8.61102e-09,-1.15915e-08,0),(736752,5.72684e+06,0)
334,Mercury,3.285e+23,(27008.7,38011,0),(-0.029927,0.0237616,0),(4.84943e+10,-3.33604e+10,0)
334,Venus,4.867e+24,(-1890.31,-35010.4,0),(0.0113499,-0.000613884,0),(-1.08076e+11,2.81752e+09,0)
334,Earth,5.972e+24,(15076.2,25536.3,0),(-0.00501485,0.00306849,0),(1.29479e+11,-7.62165e+10,0)
334,Mars,6.39e+23,(-1265.76,-24302.6,0),(0.00260917,-0.000136885,0),(-2.25209e+11,9.71531e+09,0)
335,Sun,1.989e+30,(-0.0454028,0.200185,0),(-8.19191e-09,-1.17852e-08,0),(732829,5.74413e+06,0)
335,Mercury,3.285e+23,(24281.6,39887.4,0),(-0.0315634,0.0217173,0),(5.05922e+10,-2.99141e+10,0)
335,Venus,4.867e+24,(-909.348,-35035.9,0),(0.0113537,-0.00029539,0),(-1.08154e+11,-2.09581e+08,0)
335,Earth,5.972e+24,(14638.3,25794,0),(-0.00506769,0.00298327,0),(1.30744e+11,-7.39879e+10,0)
335,Mars,6.39e+23,(-1040.25,-24312.3,0),(0.00261013,-0.000112533,0),(-2.25299e+11,7.61473e+09,0)
336,Sun,1.989e+30,(-0.0460746,0.199152,0),(-7.77571e-09,-1.19563e-08,0),(728848,5.76134e+06,0)
336,Mercury,3.285e+23,(21423.9,41577.4,0),(-0.0330752,0.0195607,0),(5.24433e+10,-2.63219e+10,0)
336,Venus,4.867e+24,(71.1802,-35034,0),(0.0113487,2.25923e-05,0),(-1.08148e+11,-3.23652e+09,0)
336,Earth,5.972e+24,(14196.1,26044.3,0),(-0.00511912,0.00289714,0),(1.31971e+11,-7.17377e+10,0)
336,Mars,6.39e+23,(-814.671,-24319.9,0),(0.00261085,-8.81771e-05,0),(-2.25369e+11,5.51348e+09,0)
337,Sun,1.989e+30,(-0.0467109,0.198106,0),(-7.36386e-09,-1.21052e-08,0),(724812,5.77846e+06,0)
337,Mercury,3.285e+23,(18447,43071.9,0),(-0.0344548,0.0172973,0),(5.40371e+10,-2.26004e+10,0)
337,Venus,4.867e+24,(1050.5,-35004.6,0),(0.0113348,0.000339813,0),(-1.08057e+11,-6.26091e+09,0)
337,Earth,5.972e+24,(13749.4,26287.1,0),(-0.0051691,0.0028101,0),(1.33159e+11,-6.94665e+10,0)
337,Mars,6.39e+23,(-589.051,-24325.4,0),(0.00261135,-6.38195e-05,0),(-2.2542e+11,3.41176e+09,0)
338,Sun,1.989e+30,(-0.047312,0.197049,0),(-6.9578e-09,-1.22323e-08,0),(720724,5.79548e+06,0)
338,Mercury,3.285e+23,(15363,44362.1,0),(-0.0356945,0.0149329,0),(5.53644e+10,-1.87676e+10,0)
338,Venus,4.867e+24,(2027.86,-34947.9,0),(0.011312,0.000656025,0),(-1.07882e+11,-9.28041e+09,0)
338,Earth,5.972e+24,(13298.6,26522.3,0),(-0.00521763,0.00272218,0),(1.34308e+11,-6.71749e+10,0)
338,Mars,6.39e+23,(-363.407,-24328.9,0),(0.00261161,-3.94623e-05,0),(-2.25451e+11,1.30975e+09,0)
339,Sun,1.989e+30,(-0.0478787,0.195983,0),(-6.55903e-09,-1.23381e-08,0),(716588,5.81241e+06,0)
339,Mercury,3.285e+23,(12184.7,45439.9,0),(-0.0367864,0.0124739,0),(5.64172e+10,-1.48415e+10,0)
339,Venus,4.867e+24,(3002.5,-34864,0),(0.0112805,0.000970988,0),(-1.07623e+11,-1.22927e+10,0)
339,Earth,5.972e+24,(12843.8,26749.9,0),(-0.00526469,0.00263341,0),(1.35417e+11,-6.48637e+10,0)
339,Mars,6.39e+23,(-137.761,-24330.2,0),(0.00261165,-1.51076e-05,0),(-2.25463e+11,-7.92375e+08,0)
340,Sun,1.989e+30,(-0.0484117,0.19491,0),(-6.16905e-09,-1.24235e-08,0),(712405,5.82925e+06,0)
340,Mercury,3.285e+23,(8925.44,46297.6,0),(-0.0377227,0.00992762,0),(5.71884e+10,-1.08414e+10,0)
340,Venus,4.867e+24,(3973.66,-34753,0),(0.0112403,0.00128446,0),(-1.07279e+11,-1.52953e+10,0)
340,Earth,5.972e+24,(12385,26969.6,0),(-0.00531027,0.00254381,0),(1.36487e+11,-6.25336e+10,0)
340,Mars,6.39e+23,(87.8691,-24329.4,0),(0.00261146,9.2422e-06,0),(-2.25456e+11,-2.89443e+09,0)
341,Sun,1.989e+30,(-0.0489119,0.193831,0),(-5.78937e-09,-1.2489e-08,0),(708179,5.846e+06,0)
341,Mercury,3.285e+23,(5599.43,46928.5,0),(-0.0384955,0.00730175,0),(5.76721e+10,-6.78681e+09,0)
341,Venus,4.867e+24,(4940.59,-34615.1,0),(0.0111914,0.00159621,0),(-1.06852e+11,-1.82861e+10,0)
341,Earth,5.972e+24,(11922.3,27181.6,0),(-0.00535434,0.0024534,0),(1.37518e+11,-6.01851e+10,0)
341,Mars,6.39e+23,(313.462,-24326.5,0),(0.00261103,3.3585e-05,0),(-2.25429e+11,-4.99624e+09,0)
342,Sun,1.989e+30,(-0.0493804,0.192748,0),(-5.42153e-09,-1.25356e-08,0),(703912,5.86266e+06,0)
342,Mercury,3.285e+23,(2221.45,47326.3,0),(-0.039097,0.0046049,0),(5.78641e+10,-2.69782e+09,0)
342,Venus,4.867e+24,(5902.57,-34450.5,0),(0.011134,0.001906,0),(-1.06342e+11,-2.12626e+10,0)
342,Earth,5.972e+24,(11456.1,27385.7,0),(-0.0053969,0.00236221,0),(1.38507e+11,-5.78189e+10,0)
342,Mars,6.39e+23,(538.999,-24321.5,0),(0.00261038,5.79186e-05,0),(-2.25382e+11,-7.09761e+09,0)
343,Sun,1.989e+30,(-0.0498182,0.191662,0),(-5.06704e-09,-1.25645e-08,0),(699608,5.87921e+06,0)
343,Mercury,3.285e+23,(-1193.04,47485.9,0),(-0.0395196,0.00184654,0),(5.7761e+10,1.40496e+09,0)
343,Venus,4.867e+24,(6858.85,-34259.2,0),(0.0110681,0.0022136,0),(-1.0575e+11,-2.42226e+10,0)
343,Earth,5.972e+24,(10986.2,27581.9,0),(-0.00543793,0.00227027,0),(1.39457e+11,-5.54359e+10,0)
343,Mars,6.39e+23,(764.46,-24314.4,0),(0.0026095,8.22407e-05,0),(-2.25316e+11,-9.19837e+09,0)
344,Sun,1.989e+30,(-0.0502266,0.190576,0),(-4.72739e-09,-1.25768e-08,0),(695269,5.89568e+06,0)
344,Mercury,3.285e+23,(-4627.93,47402.7,0),(-0.0397557,-0.000962997,0),(5.73611e+10,5.50055e+09,0)
344,Venus,4.867e+24,(7808.72,-34041.6,0),(0.0109938,0.00251879,0),(-1.05075e+11,-2.71638e+10,0)
344,Earth,5.972e+24,(10513,27770,0),(-0.00547741,0.00217759,0),(1.40365e+11,-5.30365e+10,0)
344,Mars,6.39e+23,(989.825,-24305.1,0),(0.00260839,0.000106549,0),(-2.2523e+11,-1.12983e+10,0)
345,Sun,1.989e+30,(-0.0506071,0.189489,0),(-4.40402e-09,-1.25739e-08,0),(690896,5.91205e+06,0)
345,Mercury,3.285e+23,(-8066.5,47073.3,0),(-0.0397983,-0.00381238,0),(5.66642e+10,9.56769e+09,0)
345,Venus,4.867e+24,(8751.45,-33797.8,0),(0.0109112,0.00282134,0),(-1.04319e+11,-3.00839e+10,0)
345,Earth,5.972e+24,(10036.4,27950.1,0),(-0.00551533,0.0020842,0),(1.41232e+11,-5.06217e+10,0)
345,Mars,6.39e+23,(1215.07,-24293.8,0),(0.00260705,0.000130842,0),(-2.25125e+11,-1.33973e+10,0)
346,Sun,1.989e+30,(-0.0509612,0.188404,0),(-4.09832e-09,-1.25575e-08,0),(686493,5.92833e+06,0)
346,Mercury,3.285e+23,(-11491.5,46495.3,0),(-0.0396408,-0.00668928,0),(5.56713e+10,1.35849e+10,0)
346,Venus,4.867e+24,(9686.34,-33528.2,0),(0.0108205,0.00312105,0),(-1.03482e+11,-3.29807e+10,0)
346,Earth,5.972e+24,(9556.78,28122,0),(-0.00555169,0.00199013,0),(1.42058e+11,-4.81919e+10,0)
346,Mars,6.39e+23,(1440.19,-24280.4,0),(0.00260548,0.000155117,0),(-2.25001e+11,-1.54952e+10,0)
347,Sun,1.989e+30,(-0.0512905,0.187322,0),(-3.81159e-09,-1.25293e-08,0),(682062,5.94452e+06,0)
347,Mercury,3.285e+23,(-14885,45667.6,0),(-0.0392771,-0.00958033,0),(5.43853e+10,1.75306e+10,0)
347,Venus,4.867e+24,(10612.7,-33232.9,0),(0.0107217,0.00341769,0),(-1.02565e+11,-3.58521e+10,0)
347,Earth,5.972e+24,(9074.11,28285.8,0),(-0.00558645,0.0018954,0),(1.42842e+11,-4.5748e+10,0)
347,Mars,6.39e+23,(1665.15,-24264.9,0),(0.00260369,0.000179371,0),(-2.24857e+11,-1.75916e+10,0)
348,Sun,1.989e+30,(-0.0515968,0.186243,0),(-3.545e-09,-1.24911e-08,0),(677604,5.96061e+06,0)
348,Mercury,3.285e+23,(-18228.9,44590.1,0),(-0.0387019,-0.0124711,0),(5.28103e+10,2.13831e+10,0)
348,Venus,4.867e+24,(11529.8,-32912.2,0),(0.0106149,0.00371106,0),(-1.01569e+11,-3.86957e+10,0)
348,Earth,5.972e+24,(8588.58,28441.3,0),(-0.00561962,0.00180004,0),(1.43584e+11,-4.32907e+10,0)
348,Mars,6.39e+23,(1889.93,-24247.4,0),(0.00260166,0.000203603,0),(-2.24694e+11,-1.96866e+10,0)
349,Sun,1.989e+30,(-0.0518819,0.185167,0),(-3.29961e-09,-1.24453e-08,0),(673121,5.97661e+06,0)
349,Mercury,3.285e+23,(-21504.3,43264.2,0),(-0.0379108,-0.0153462,0),(5.09523e+10,2.51212e+10,0)
349,Venus,4.867e+24,(12437,-32566.6,0),(0.0105002,0.00400095,0),(-1.00494e+11,-4.15094e+10,0)
349,Earth,5.972e+24,(8100.31,28588.5,0),(-0.00565118,0.00170408,0),(1.44284e+11,-4.08206e+10,0)
349,Mars,6.39e+23,(2114.52,-24227.7,0),(0.00259941,0.000227811,0),(-2.24511e+11,-2.17799e+10,0)
350,Sun,1.989e+30,(-0.0521477,0.184097,0),(-3.07629e-09,-1.2394e-08,0),(668616,5.99251e+06,0)
350,Mercury,3.285e+23,(-24692.5,41692.6,0),(-0.0369005,-0.0181891,0),(4.88189e+10,2.87234e+10,0)
350,Venus,4.867e+24,(13333.7,-32196.1,0),(0.0103778,0.00428716,0),(-9.93424e+10,-4.42912e+10,0)
350,Earth,5.972e+24,(7609.46,28727.4,0),(-0.00568112,0.00160754,0),(1.44941e+11,-3.83386e+10,0)
350,Mars,6.39e+23,(2338.89,-24205.9,0),(0.00259693,0.000251992,0),(-2.24309e+11,-2.38713e+10,0)
351,Sun,1.989e+30,(-0.0523962,0.18303,0),(-2.87571e-09,-1.23398e-08,0),(664088,6.00832e+06,0)
351,Mercury,3.285e+23,(-27774.3,39879.8,0),(-0.0356689,-0.0209823,0),(4.64192e+10,3.2169e+10,0)
351,Venus,4.867e+24,(14219.1,-31801.3,0),(0.0102478,0.0045695,0),(-9.81139e+10,-4.70388e+10,0)
351,Earth,5.972e+24,(7116.17,28857.9,0),(-0.00570943,0.00151045,0),(1.45556e+11,-3.58453e+10,0)
351,Mars,6.39e+23,(2563.04,-24182,0),(0.00259423,0.000276144,0),(-2.24088e+11,-2.59606e+10,0)
352,Sun,1.989e+30,(-0.0526293,0.181969,0),(-2.69833e-09,-1.22853e-08,0),(659541,6.02405e+06,0)
352,Mercury,3.285e+23,(-30730.5,37831.4,0),(-0.0342154,-0.0237076,0),(4.37641e+10,3.54377e+10,0)
352,Venus,4.867e+24,(15092.6,-31382.5,0),(0.0101103,0.00484778,0),(-9.68099e+10,-4.97503e+10,0)
352,Earth,5.972e+24,(6620.57,28980,0),(-0.00573609,0.00141284,0),(1.46128e+11,-3.33414e+10,0)
352,Mars,6.39e+23,(2786.92,-24156.1,0),(0.0025913,0.000300265,0),(-2.23847e+11,-2.80477e+10,0)
353,Sun,1.989e+30,(-0.0528491,0.180912,0),(-2.54434e-09,-1.22333e-08,0),(654975,6.03968e+06,0)
353,Mercury,3.285e+23,(-33542.1,35555.2,0),(-0.0325411,-0.0263459,0),(4.0866e+10,3.85096e+10,0)
353,Venus,4.867e+24,(15953.6,-30940,0),(0.00996547,0.0051218,0),(-9.54315e+10,-5.24235e+10,0)
353,Earth,5.972e+24,(6122.81,29093.6,0),(-0.0057611,0.00131473,0),(1.46657e+11,-3.08277e+10,0)
353,Mars,6.39e+23,(3010.54,-24128.1,0),(0.00258814,0.000324353,0),(-2.23587e+11,-3.01324e+10,0)
354,Sun,1.989e+30,(-0.0530577,0.179859,0),(-2.41363e-09,-1.21866e-08,0),(650391,6.05522e+06,0)
354,Mercury,3.285e+23,(-36190.1,33060.1,0),(-0.0306487,-0.0288774,0),(3.77392e+10,4.1366e+10,0)
354,Venus,4.867e+24,(16801.5,-30474.1,0),(0.00981341,0.0053914,0),(-9.39798e+10,-5.50564e+10,0)
354,Earth,5.972e+24,(5623.04,29198.7,0),(-0.00578445,0.00121615,0),(1.47143e+11,-2.83049e+10,0)
354,Mars,6.39e+23,(3233.86,-24098,0),(0.00258476,0.000348405,0),(-2.23307e+11,-3.22144e+10,0)
355,Sun,1.989e+30,(-0.0532569,0.178809,0),(-2.30579e-09,-1.21483e-08,0),(645790,6.07067e+06,0)
355,Mercury,3.285e+23,(-38656.3,30357.4,0),(-0.0285431,-0.0312822,0),(3.43993e+10,4.39889e+10,0)
355,Venus,4.867e+24,(17635.6,-29985.4,0),(0.00965429,0.00565638,0),(-9.24561e+10,-5.76472e+10,0)
355,Earth,5.972e+24,(5121.39,29295.2,0),(-0.00580612,0.00111713,0),(1.47585e+11,-2.57738e+10,0)
355,Mars,6.39e+23,(3456.87,-24065.8,0),(0.00258115,0.00037242,0),(-2.23009e+11,-3.42937e+10,0)
356,Sun,1.989e+30,(-0.0534487,0.177762,0),(-2.22005e-09,-1.21212e-08,0),(641172,6.08603e+06,0)
356,Mercury,3.285e+23,(-40922.6,27459.5,0),(-0.0262312,-0.0335398,0),(3.08636e+10,4.63614e+10,0)
356,Venus,4.867e+24,(18455.4,-29474.2,0),(0.00948823,0.00591658,0),(-9.08616e+10,-6.01938e+10,0)
356,Earth,5.972e+24,(4618.01,29383.1,0),(-0.00582611,0.0010177,0),(1.47984e+11,-2.32351e+10,0)
356,Mars,6.39e+23,(3679.55,-24031.5,0),(0.00257732,0.000396396,0),(-2.22691e+11,-3.637e+10,0)
357,Sun,1.989e+30,(-0.0536349,0.176716,0),(-2.15528e-09,-1.21086e-08,0),(636538,6.10129e+06,0)
357,Mercury,3.285e+23,(-42972.2,24381.1,0),(-0.0237222,-0.0356301,0),(2.71508e+10,4.84679e+10,0)
357,Venus,4.867e+24,(19260.3,-28941,0),(0.0093154,0.00617182,0),(-8.91975e+10,-6.26943e+10,0)
357,Earth,5.972e+24,(4113.05,29462.4,0),(-0.0058444,0.000917877,0),(1.4834e+11,-2.06896e+10,0)
357,Mars,6.39e+23,(3901.88,-23995.2,0),(0.00257326,0.000420329,0),(-2.22354e+11,-3.84432e+10,0)
358,Sun,1.989e+30,(-0.0538172,0.175669,0),(-2.10999e-09,-1.21132e-08,0),(631888,6.11647e+06,0)
358,Mercury,3.285e+23,(-44789,21138.2,0),(-0.0210274,-0.0375331,0),(2.3281e+10,5.02943e+10,0)
358,Venus,4.867e+24,(20049.6,-28386.1,0),(0.00913594,0.00642196,0),(-8.74652e+10,-6.51468e+10,0)
358,Earth,5.972e+24,(3606.66,29533.1,0),(-0.005861,0.000817702,0),(1.48651e+11,-1.81379e+10,0)
358,Mars,6.39e+23,(4123.84,-23956.8,0),(0.00256898,0.000444219,0),(-2.21997e+11,-4.05131e+10,0)
359,Sun,1.989e+30,(-0.0539971,0.174621,0),(-2.08229e-09,-1.21381e-08,0),(627222,6.13156e+06,0)
359,Mercury,3.285e+23,(-46358.1,17748.8,0),(-0.0181609,-0.0392295,0),(1.92757e+10,5.18278e+10,0)
359,Venus,4.867e+24,(20822.9,-27810.1,0),(0.00895,0.00666682,0),(-8.56661e+10,-6.75496e+10,0)
359,Earth,5.972e+24,(3098.99,29595,0),(-0.00587589,0.000717199,0),(1.48919e+11,-1.55809e+10,0)
359,Mars,6.39e+23,(4345.41,-23916.4,0),(0.00256447,0.000468063,0),(-2.21622e+11,-4.25795e+10,0)
360,Sun,1.989e+30,(-0.054176,0.173568,0),(-2.0699e-09,-1.21859e-08,0),(622542,6.14656e+06,0)
360,Mercury,3.285e+23,(-47666.1,14232.2,0),(-0.0151388,-0.0407011,0),(1.51573e+10,5.30574e+10,0)
360,Venus,4.867e+24,(21579.6,-27213.4,0),(0.00875774,0.00690625,0),(-8.38016e+10,-6.99009e+10,0)
360,Earth,5.972e+24,(2590.17,29648.3,0),(-0.00588906,0.000616397,0),(1.49143e+11,-1.30193e+10,0)
360,Mars,6.39e+23,(4566.57,-23873.9,0),(0.00255974,0.000491858,0),(-2.21227e+11,-4.46422e+10,0)
361,Sun,1.989e+30,(-0.0543548,0.172509,0),(-2.07018e-09,-1.22592e-08,0),(617845,6.16146e+06,0)
361,Mercury,3.285e+23,(-48701.1,10609.4,0),(-0.0119796,-0.0419309,0),(1.09495e+10,5.39741e+10,0)
361,Venus,4.867e+24,(22319.1,-26596.5,0),(0.00855932,0.0071401,0),(-8.18732e+10,-7.21988e+10,0)
361,Earth,5.972e+24,(2080.37,29692.8,0),(-0.00590051,0.000515324,0),(1.49323e+11,-1.04538e+10,0)
361,Mars,6.39e+23,(4787.31,-23829.4,0),(0.00255479,0.000515603,0),(-2.20814e+11,-4.6701e+10,0)
362,Sun,1.989e+30,(-0.0545345,0.171441,0),(-2.0801e-09,-1.23602e-08,0),(613134,6.17627e+06,0)
362,Mercury,3.285e+23,(-49453.2,6902.52,0),(-0.0087042,-0.0429036,0),(6.67679e+09,5.45705e+10,0)
362,Venus,4.867e+24,(23041,-25959.9,0),(0.00835491,0.00736824,0),(-7.98825e+10,-7.44417e+10,0)
362,Earth,5.972e+24,(1569.72,29728.6,0),(-0.00591023,0.00041401,0),(1.49458e+11,-7.88529e+09,0)
362,Mars,6.39e+23,(5007.6,-23782.8,0),(0.00254962,0.000539296,0),(-2.20381e+11,-4.87559e+10,0)
363,Sun,1.989e+30,(-0.0547157,0.170361,0),(-2.09633e-09,-1.24909e-08,0),(608406,6.19099e+06,0)
363,Mercury,3.285e+23,(-49914.2,3134.98,0),(-0.00533534,-0.0436057,0),(2.36421e+09,5.48413e+10,0)
363,Venus,4.867e+24,(23744.7,-25304.1,0),(0.00814467,0.00759051,0),(-7.7831e+10,-7.6628e+10,0)
363,Earth,5.972e+24,(1058.39,29755.6,0),(-0.00591822,0.000312485,0),(1.4955e+11,-5.3144e+09,0)
363,Mars,6.39e+23,(5227.42,-23734.1,0),(0.00254423,0.000562935,0),(-2.19929e+11,-5.08065e+10,0)
364,Sun,1.989e+30,(-0.0548984,0.169268,0),(-2.11521e-09,-1.26528e-08,0),(603663,6.20562e+06,0)
364,Mercury,3.285e+23,(-50078.1,-668.903,0),(-0.0018977,-0.0440264,0),(-1.96254e+09,5.47835e+10,0)
364,Venus,4.867e+24,(24429.7,-24629.6,0),(0.00792877,0.00780679,0),(-7.57202e+10,-7.8756e+10,0)
364,Earth,5.972e+24,(546.516,29773.8,0),(-0.00592447,0.000210777,0),(1.49597e+11,-2.74195e+09,0)
364,Mars,6.39e+23,(5446.75,-23683.5,0),(0.00253862,0.000586517,0),(-2.19459e+11,-5.28527e+10,0)
365,Sun,1.989e+30,(-0.0550827,0.168158,0),(-2.13286e-09,-1.28472e-08,0),(598904,6.22015e+06,0)
365,Mercury,3.285e+23,(-49941.4,-4484.1,0),(0.00158254,-0.0441573,0),(-6.27747e+09,5.43961e+10,0)
365,Venus,4.867e+24,(25095.6,-23936.9,0),(0.00770737,0.00801694,0),(-7.3552e+10,-8.08242e+10,0)
365,Earth,5.972e+24,(34.2522,29783.2,0),(-0.00592897,0.000108916,0),(1.496e+11,-1.68676e+08,0)
365,Mars,6.39e+23,(5665.59,-23630.7,0),(0.00253279,0.00061004,0),(-2.18969e+11,-5.48944e+10,0)
366,Sun,1.989e+30,(-0.055268,0.167029,0),(-2.14518e-09,-1.30746e-08,0),(594129,6.23458e+06,0)
366,Mercury,3.285e+23,(-49502.6,-8285.08,0),(0.00507798,-0.0439929,0),(-1.05545e+10,5.36803e+10,0)
366,Venus,4.867e+24,(25741.9,-23226.6,0),(0.00748065,0.00822084,0),(-7.13279e+10,-8.28309e+10,0)
366,Earth,5.972e+24,(-478.249,29783.8,0),(-0.00593173,6.93302e-06,0),(1.49559e+11,2.40465e+09,0)
366,Mars,6.39e+23,(5883.9,-23576,0),(0.00252674,0.000633503,0),(-2.18461e+11,-5.69314e+10,0)
367,Sun,1.989e+30,(-0.0554536,0.165876,0),(-2.14795e-09,-1.33353e-08,0),(589337,6.24891e+06,0)
367,Mercury,3.285e+23,(-48763,-12046.1,0),(0.00856037,-0.0435306,0),(-1.47676e+10,5.26395e+10,0)
367,Venus,4.867e+24,(26368.2,-22499.3,0),(0.00724879,0.00841837,0),(-6.90497e+10,-8.47749e+10,0)
367,Earth,5.972e+24,(-990.837,29775.6,0),(-0.00593273,-9.5143e-05,0),(1.49473e+11,4.97726e+09,0)
367,Mars,6.39e+23,(6101.67,-23519.3,0),(0.00252047,0.000656903,0),(-2.17934e+11,-5.89635e+10,0)
368,Sun,1.989e+30,(-0.0556382,0.164699,0),(-2.13687e-09,-1.3629e-08,0),(584530,6.26314e+06,0)
368,Mercury,3.285e+23,(-47726.1,-15741.6,0),(0.0120011,-0.0427712,0),(-1.88912e+10,5.12794e+10,0)
368,Venus,4.867e+24,(26974.1,-21755.4,0),(0.00701196,0.00860941,0),(-6.67191e+10,-8.66545e+10,0)
368,Earth,5.972e+24,(-1503.36,29758.5,0),(-0.00593197,-0.000197282,0),(1.49343e+11,7.5484e+09,0)
368,Mars,6.39e+23,(6318.87,-23460.5,0),(0.00251398,0.000680238,0),(-2.17388e+11,-6.09905e+10,0)
369,Sun,1.989e+30,(-0.0558204,0.163493,0),(-2.10767e-09,-1.39549e-08,0),(579707,6.27726e+06,0)
369,Mercury,3.285e+23,(-46398,-19346.1,0),(0.0153714,-0.0417188,0),(-2.29e+10,4.96079e+10,0)
369,Venus,4.867e+24,(27559,-20995.6,0),(0.00677034,0.00879385,0),(-6.4338e+10,-8.84686e+10,0)
369,Earth,5.972e+24,(-2015.66,29732.7,0),(-0.00592946,-0.000299453,0),(1.49169e+11,1.01173e+10,0)
369,Mars,6.39e+23,(6535.5,-23399.7,0),(0.00250727,0.000703507,0),(-2.16823e+11,-6.30122e+10,0)
370,Sun,1.989e+30,(-0.055998,0.162257,0),(-2.05614e-09,-1.43115e-08,0),(574869,6.29128e+06,0)
370,Mercury,3.285e+23,(-44787.3,-22835,0),(0.0186433,-0.0403806,0),(-2.67696e+10,4.7635e+10,0)
370,Venus,4.867e+24,(28122.7,-20220.5,0),(0.0065241,0.00897158,0),(-6.19082e+10,-9.02156e+10,0)
370,Earth,5.972e+24,(-2527.6,29698,0),(-0.00592518,-0.000401626,0),(1.4895e+11,1.26832e+10,0)
370,Mars,6.39e+23,(6751.53,-23336.9,0),(0.00250035,0.000726706,0),(-2.1624e+11,-6.50285e+10,0)
371,Sun,1.989e+30,(-0.0561689,0.160987,0),(-1.97823e-09,-1.46969e-08,0),(570016,6.30519e+06,0)
371,Mercury,3.285e+23,(-42904.7,-26184.4,0),(0.0217894,-0.0387671,0),(-3.04765e+10,4.53726e+10,0)
371,Venus,4.867e+24,(28664.7,-19430.6,0),(0.00627344,0.0091425,0),(-5.94316e+10,-9.18944e+10,0)
371,Earth,5.972e+24,(-3039.01,29654.4,0),(-0.00591914,-0.000503772,0),(1.48688e+11,1.52453e+10,0)
371,Mars,6.39e+23,(6966.95,-23272.1,0),(0.00249322,0.000749835,0),(-2.15638e+11,-6.70392e+10,0)
372,Sun,1.989e+30,(-0.0563305,0.159681,0),(-1.87011e-09,-1.51089e-08,0),(565149,6.31899e+06,0)
372,Mercury,3.285e+23,(-40763.3,-29371.9,0),(0.024784,-0.0368919,0),(-3.39985e+10,4.28349e+10,0)
372,Venus,4.867e+24,(29184.7,-18626.5,0),(0.00601852,0.00930652,0),(-5.691e+10,-9.35038e+10,0)
372,Earth,5.972e+24,(-3549.75,29602.1,0),(-0.00591134,-0.000605858,0),(1.48381e+11,1.7803e+10,0)
372,Mars,6.39e+23,(7181.72,-23205.3,0),(0.00248587,0.000772891,0),(-2.15017e+11,-6.90441e+10,0)
373,Sun,1.989e+30,(-0.0564798,0.158338,0),(-1.72826e-09,-1.55445e-08,0),(560269,6.33267e+06,0)
373,Mercury,3.285e+23,(-38378.4,-32376.1,0),(0.0276027,-0.0347711,0),(-3.73144e+10,4.00376e+10,0)
373,Venus,4.867e+24,(29682.4,-17808.9,0),(0.00575955,0.00946354,0),(-5.43454e+10,-9.50424e+10,0)
373,Earth,5.972e+24,(-4059.67,29540.9,0),(-0.00590177,-0.000707855,0),(1.4803e+11,2.03553e+10,0)
373,Mars,6.39e+23,(7395.85,-23136.6,0),(0.0024783,0.000795872,0),(-2.14378e+11,-7.10432e+10,0)
374,Sun,1.989e+30,(-0.0566137,0.156956,0),(-1.54949e-09,-1.60005e-08,0),(555378,6.34623e+06,0)
374,Mercury,3.285e+23,(-35767.1,-35177.5,0),(0.0302237,-0.0324239,0),(-4.04047e+10,3.69983e+10,0)
374,Venus,4.867e+24,(30157.3,-16978.3,0),(0.00549669,0.00961347,0),(-5.17399e+10,-9.65094e+10,0)
374,Earth,5.972e+24,(-4568.6,29471,0),(-0.00589043,-0.000809732,0),(1.47636e+11,2.29016e+10,0)
374,Mars,6.39e+23,(7609.3,-23065.8,0),(0.00247052,0.000818776,0),(-2.13721e+11,-7.3036e+10,0)
375,Sun,1.989e+30,(-0.0567287,0.155533,0),(-1.33103e-09,-1.64733e-08,0),(550477,6.35967e+06,0)
375,Mercury,3.285e+23,(-32948.1,-37758.4,0),(0.0326274,-0.0298712,0),(-4.32514e+10,3.3736e+10,0)
375,Venus,4.867e+24,(30609.2,-16135.3,0),(0.00523015,0.00975623,0),(-4.90952e+10,-9.79035e+10,0)
375,Earth,5.972e+24,(-5076.4,29392.2,0),(-0.00587732,-0.000911457,0),(1.47197e+11,2.54411e+10,0)
375,Mars,6.39e+23,(7822.07,-22993.1,0),(0.00246253,0.000841601,0),(-2.13045e+11,-7.50226e+10,0)
376,Sun,1.989e+30,(-0.0568212,0.154067,0),(-1.07055e-09,-1.69591e-08,0),(545567,6.37298e+06,0)
376,Mercury,3.285e+23,(-29941.7,-40103,0),(0.0347968,-0.027136,0),(-4.58383e+10,3.02711e+10,0)
376,Venus,4.867e+24,(31037.7,-15280.7,0),(0.00496011,0.00989174,0),(-4.64136e+10,-9.92237e+10,0)
376,Earth,5.972e+24,(-5582.92,29304.7,0),(-0.00586246,-0.001013,0),(1.46715e+11,2.7973e+10,0)
376,Mars,6.39e+23,(8034.12,-22918.4,0),(0.00245433,0.000864345,0),(-2.12351e+11,-7.70028e+10,0)
377,Sun,1.989e+30,(-0.0568874,0.152559,0),(-7.66178e-10,-1.74536e-08,0),(540652,6.38616e+06,0)
377,Mercury,3.285e+23,(-26769.2,-42197.5,0),(0.0367179,-0.0242427,0),(-4.81512e+10,2.66252e+10,0)
377,Venus,4.867e+24,(31442.7,-14414.9,0),(0.00468675,0.0100199,0),(-4.36969e+10,-1.00469e+11,0)
377,Earth,5.972e+24,(-6088,29208.4,0),(-0.00584582,-0.00111433,0),(1.46189e+11,3.04966e+10,0)
377,Mars,6.39e+23,(8245.45,-22841.8,0),(0.00244592,0.000887007,0),(-2.11638e+11,-7.89763e+10,0)
378,Sun,1.989e+30,(-0.0569234,0.151008,0),(-4.16548e-10,-1.79527e-08,0),(535734,6.39921e+06,0)
378,Mercury,3.285e+23,(-23453.2,-44030.6,0),(0.0383797,-0.0212167,0),(-5.01776e+10,2.28209e+10,0)
378,Venus,4.867e+24,(31823.7,-13538.8,0),(0.00441026,0.0101407,0),(-4.09474e+10,-1.01639e+11,0)
378,Earth,5.972e+24,(-6591.49,29103.4,0),(-0.00582743,-0.00121542,0),(1.45619e+11,3.30112e+10,0)
378,Mars,6.39e+23,(8456.03,-22763.2,0),(0.0024373,0.000909584,0),(-2.10908e+11,-8.09431e+10,0)
379,Sun,1.989e+30,(-0.0569252,0.149414,0),(-2.07887e-11,-1.84519e-08,0),(530816,6.41212e+06,0)
379,Mercury,3.285e+23,(-20016.8,-45593.1,0),(0.039774,-0.0180841,0),(-5.1907e+10,1.88817e+10,0)
379,Venus,4.867e+24,(32180.6,-12652.8,0),(0.00413085,0.010254,0),(-3.81669e+10,-1.02732e+11,0)
379,Earth,5.972e+24,(-7093.23,28989.7,0),(-0.00580728,-0.00131623,0),(1.45006e+11,3.55159e+10,0)
379,Mars,6.39e+23,(8665.85,-22682.7,0),(0.00242847,0.000932074,0),(-2.10159e+11,-8.29029e+10,0)
380,Sun,1.989e+30,(-0.0568888,0.147777,0),(4.2148e-10,-1.89469e-08,0),(525900,6.42489e+06,0)
380,Mercury,3.285e+23,(-16483.4,-46878,0),(0.0408958,-0.0148711,0),(-5.33312e+10,1.48314e+10,0)
380,Venus,4.867e+24,(32513.1,-11757.8,0),(0.0038487,0.0103598,0),(-3.53578e+10,-1.03748e+11,0)
380,Earth,5.972e+24,(-7593.09,28867.3,0),(-0.00578537,-0.00141674,0),(1.4435e+11,3.801e+10,0)
380,Mars,6.39e+23,(8874.89,-22600.2,0),(0.00241943,0.000954475,0),(-2.09392e+11,-8.48555e+10,0)
381,Sun,1.989e+30,(-0.0568101,0.146098,0),(9.10156e-10,-1.94333e-08,0),(520992,6.43751e+06,0)
381,Mercury,3.285e+23,(-12876.8,-47880.5,0),(0.0417428,-0.0116036,0),(-5.44437e+10,1.06946e+10,0)
381,Venus,4.867e+24,(32821.1,-10854.2,0),(0.00356399,0.0104581,0),(-3.25221e+10,-1.04686e+11,0)
381,Earth,5.972e+24,(-8090.9,28736.2,0),(-0.0057617,-0.00151691,0),(1.43651e+11,4.04928e+10,0)
381,Mars,6.39e+23,(9083.13,-22515.8,0),(0.00241019,0.000976786,0),(-2.08608e+11,-8.68009e+10,0)
382,Sun,1.989e+30,(-0.0566853,0.144378,0),(1.44468e-09,-1.99069e-08,0),(516094,6.44998e+06,0)
382,Mercury,3.285e+23,(-9220.7,-48598.3,0),(0.0423158,-0.00830717,0),(-5.52404e+10,6.49567e+09,0)
382,Venus,4.867e+24,(33104.2,-9942.77,0),(0.00327694,0.0105487,0),(-2.96619e+10,-1.05545e+11,0)
382,Earth,5.972e+24,(-8586.52,28596.5,0),(-0.00573629,-0.00161671,0),(1.42909e+11,4.29636e+10,0)
382,Mars,6.39e+23,(9290.55,-22429.5,0),(0.00240074,0.000999004,0),(-2.07805e+11,-8.87388e+10,0)
383,Sun,1.989e+30,(-0.0565104,0.142619,0),(2.02408e-09,-2.03635e-08,0),(511212,6.4623e+06,0)
383,Mercury,3.285e+23,(-5538.52,-49030.8,0),(0.0426178,-0.00500639,0),(-5.57189e+10,2.25941e+09,0)
383,Venus,4.867e+24,(33362.3,-9024.2,0),(0.00298772,0.0106316,0),(-2.67794e+10,-1.06325e+11,0)
383,Earth,5.972e+24,(-9079.79,28448.3,0),(-0.00570914,-0.00171612,0),(1.42125e+11,4.54215e+10,0)
383,Mars,6.39e+23,(9497.14,-22341.3,0),(0.00239108,0.00102113,0),(-2.06984e+11,-9.06691e+10,0)
384,Sun,1.989e+30,(-0.0562817,0.140822,0),(2.64697e-09,-2.07994e-08,0),(506349,6.47447e+06,0)
384,Mercury,3.285e+23,(-1853.18,-49179.8,0),(0.0426543,-0.0017247,0),(-5.5879e+10,-1.98973e+09,0)
384,Venus,4.867e+24,(33595.3,-8099.14,0),(0.00269654,0.0107067,0),(-2.38767e+10,-1.07024e+11,0)
384,Earth,5.972e+24,(-9570.56,28291.4,0),(-0.00568024,-0.00181509,0),(1.41298e+11,4.78659e+10,0)
384,Mars,6.39e+23,(9702.88,-22251.2,0),(0.00238122,0.00104316,0),(-2.06146e+11,-9.25916e+10,0)
385,Sun,1.989e+30,(-0.0559956,0.138989,0),(3.31164e-09,-2.12108e-08,0),(501511,6.48648e+06,0)
385,Mercury,3.285e+23,(1813.03,-49048.9,0),(0.042433,0.00151582,0),(-5.57224e+10,-6.22755e+09,0)
385,Venus,4.867e+24,(33803,-7168.25,0),(0.00240358,0.0107742,0),(-2.09562e+10,-1.07644e+11,0)
385,Earth,5.972e+24,(-10058.7,28126.1,0),(-0.00564962,-0.0019136,0),(1.40429e+11,5.0296e+10,0)
385,Mars,6.39e+23,(9907.75,-22159.1,0),(0.00237116,0.00106508,0),(-2.0529e+11,-9.45061e+10,0)
386,Sun,1.989e+30,(-0.0556486,0.137123,0),(4.01607e-09,-2.15944e-08,0),(496703,6.49833e+06,0)
386,Mercury,3.285e+23,(5438.67,-48643.2,0),(0.0419634,0.00469465,0),(-5.52525e+10,-1.04303e+10,0)
386,Venus,4.867e+24,(33985.2,-6232.21,0),(0.00210905,0.0108338,0),(-1.80198e+10,-1.08182e+11,0)
386,Earth,5.972e+24,(-10544,27952.3,0),(-0.00561726,-0.00201163,0),(1.39518e+11,5.2711e+10,0)
386,Mars,6.39e+23,(10111.7,-22065.2,0),(0.00236089,0.00108691,0),(-2.04416e+11,-9.64126e+10,0)
387,Sun,1.989e+30,(-0.0552375,0.135227,0),(4.75798e-09,-2.19471e-08,0),(491931,6.51001e+06,0)
387,Mercury,3.285e+23,(9003.21,-47969.9,0),(0.0412563,0.00779295,0),(-5.44746e+10,-1.45749e+10,0)
387,Venus,4.867e+24,(34141.9,-5291.7,0),(0.00181315,0.0108856,0),(-1.507e+10,-1.08639e+11,0)
387,Earth,5.972e+24,(-11026.4,27770.1,0),(-0.00558319,-0.00210913,0),(1.38565e+11,5.51104e+10,0)
387,Mars,6.39e+23,(10314.8,-21969.4,0),(0.00235043,0.00110864,0),(-2.03525e+11,-9.83107e+10,0)
388,Sun,1.989e+30,(-0.0547593,0.133303,0),(5.53488e-09,-2.2266e-08,0),(487199,6.52153e+06,0)
388,Mercury,3.285e+23,(12487.2,-47037.4,0),(0.0403242,0.0107936,0),(-5.33957e+10,-1.8639e+10,0)
388,Venus,4.867e+24,(34272.8,-4347.39,0),(0.00151605,0.0109295,0),(-1.21088e+10,-1.09015e+11,0)
388,Earth,5.972e+24,(-11505.7,27579.5,0),(-0.00554741,-0.00220607,0),(1.37571e+11,5.74932e+10,0)
388,Mars,6.39e+23,(10517,-21871.8,0),(0.00233976,0.00113026,0),(-2.02616e+11,-1.002e+11,0)
389,Sun,1.989e+30,(-0.0542112,0.131355,0),(6.34412e-09,-2.25487e-08,0),(482516,6.53288e+06,0)
389,Mercury,3.285e+23,(15872.4,-45855.3,0),(0.0391804,0.0136814,0),(-5.20243e+10,-2.26009e+10,0)
389,Venus,4.867e+24,(34378.1,-3399.97,0),(0.00121797,0.0109655,0),(-9.13854e+09,-1.09309e+11,0)
389,Earth,5.972e+24,(-11981.8,27380.5,0),(-0.00550992,-0.00230244,0),(1.36536e+11,5.98589e+10,0)
389,Mars,6.39e+23,(10718.2,-21772.3,0),(0.0023289,0.00115178,0),(-2.0169e+11,-1.02082e+11,0)
390,Sun,1.989e+30,(-0.0535906,0.129386,0),(7.18292e-09,-2.2793e-08,0),(477885,6.54406e+06,0)
390,Mercury,3.285e+23,(19141.7,-44434.6,0),(0.0378388,0.0164428,0),(-5.03705e+10,-2.644e+10,0)
390,Venus,4.867e+24,(34457.5,-2450.12,0),(0.0009191,0.0109937,0),(-6.16141e+09,-1.0952e+11,0)
390,Earth,5.972e+24,(-12454.4,27173.3,0),(-0.00547074,-0.00239818,0),(1.3546e+11,6.22067e+10,0)
390,Mars,6.39e+23,(10918.4,-21670.9,0),(0.00231784,0.00117319,0),(-2.00747e+11,-1.03954e+11,0)
391,Sun,1.989e+30,(-0.0528952,0.127399,0),(8.04841e-09,-2.29971e-08,0),(473315,6.55506e+06,0)
391,Mercury,3.285e+23,(22279.2,-42787.3,0),(0.0363142,0.0190662,0),(-4.84456e+10,-3.01368e+10,0)
391,Venus,4.867e+24,(34511,-1498.52,0),(0.000619634,0.0110139,0),(-3.17966e+09,-1.0965e+11,0)
391,Earth,5.972e+24,(-12923.6,26957.9,0),(-0.00542987,-0.00249329,0),(1.34343e+11,6.45359e+10,0)
391,Mars,6.39e+23,(11117.7,-21567.7,0),(0.00230658,0.0011945,0),(-1.99786e+11,-1.05817e+11,0)
392,Sun,1.989e+30,(-0.052123,0.125398,0),(8.93769e-09,-2.31593e-08,0),(468812,6.5659e+06,0)
392,Mercury,3.285e+23,(25270.5,-40926.1,0),(0.0346214,0.0215415,0),(-4.62622e+10,-3.36728e+10,0)
392,Venus,4.867e+24,(34538.6,-545.858,0),(0.000319772,0.0110262,0),(-1.9552e+08,-1.09697e+11,0)
392,Earth,5.972e+24,(-13389,26734.3,0),(-0.00538732,-0.00258771,0),(1.33187e+11,6.68457e+10,0)
392,Mars,6.39e+23,(11316,-21462.7,0),(0.00229512,0.00121569,0),(-1.98809e+11,-1.07672e+11,0)
393,Sun,1.989e+30,(-0.0512721,0.123386,0),(9.84782e-09,-2.32784e-08,0),(464382,6.57656e+06,0)
393,Mercury,3.285e+23,(28102.3,-38864.6,0),(0.0327753,0.0238605,0),(-4.38342e+10,-3.70307e+10,0)
393,Venus,4.867e+24,(34540.4,407.181,0),(1.97088e-05,0.0110306,0),(2.78877e+09,-1.09662e+11,0)
393,Earth,5.972e+24,(-13850.7,26502.7,0),(-0.00534311,-0.00268143,0),(1.3199e+11,6.91355e+10,0)
393,Mars,6.39e+23,(11513.3,-21355.8,0),(0.00228348,0.00123676,0),(-1.97814e+11,-1.09517e+11,0)
394,Sun,1.989e+30,(-0.0503411,0.121369,0),(1.07759e-08,-2.33532e-08,0),(460032,6.58704e+06,0)
394,Mercury,3.285e+23,(30762.6,-36616.8,0),(0.030791,0.0260163,0),(-4.11763e+10,-4.01944e+10,0)
394,Venus,4.867e+24,(34516.1,1359.91,0),(-0.000280357,0.011027,0),(5.77096e+09,-1.09544e+11,0)
394,Earth,5.972e+24,(-14308.4,26263,0),(-0.00529725,-0.00277442,0),(1.30754e+11,7.14047e+10,0)
394,Mars,6.39e+23,(11709.6,-21247.1,0),(0.00227164,0.00125773,0),(-1.96802e+11,-1.11353e+11,0)
395,Sun,1.989e+30,(-0.0493286,0.119348,0),(1.1719e-08,-2.33831e-08,0),(455770,6.59736e+06,0)
395,Mercury,3.285e+23,(33240.9,-34197.3,0),(0.0286832,0.0280034,0),(-3.83043e+10,-4.31491e+10,0)
395,Venus,4.867e+24,(34466,2311.65,0),(-0.000580229,0.0110155,0),(8.74882e+09,-1.09345e+11,0)
395,Earth,5.972e+24,(-14761.9,26015.3,0),(-0.00524974,-0.00286664,0),(1.29478e+11,7.36524e+10,0)
395,Mars,6.39e+23,(11904.8,-21136.7,0),(0.0022596,0.00127857,0),(-1.95774e+11,-1.13179e+11,0)
396,Sun,1.989e+30,(-0.0482335,0.11733,0),(1.26744e-08,-2.33674e-08,0),(451603,6.60749e+06,0)
396,Mercury,3.285e+23,(35527.6,-31621,0),(0.0264663,0.0298179,0),(-3.52347e+10,-4.58811e+10,0)
396,Venus,4.867e+24,(34390,3261.71,0),(-0.000879711,0.0109961,0),(1.17201e+10,-1.09063e+11,0)
396,Earth,5.972e+24,(-15211.3,25759.7,0),(-0.0052006,-0.00295806,0),(1.28164e+11,7.5878e+10,0)
396,Mars,6.39e+23,(12099,-21024.4,0),(0.00224738,0.0012993,0),(-1.94728e+11,-1.14995e+11,0)
397,Sun,1.989e+30,(-0.0470551,0.115316,0),(1.36392e-08,-2.33058e-08,0),(447537,6.61746e+06,0)
397,Mercury,3.285e+23,(37614.5,-28903.1,0),(0.0241543,0.0314568,0),(-3.19848e+10,-4.83784e+10,0)
397,Venus,4.867e+24,(34288.2,4209.41,0),(-0.00117861,0.0109687,0),(1.46826e+10,-1.08699e+11,0)
397,Earth,5.972e+24,(-15656.2,25496.3,0),(-0.00514984,-0.00304866,0),(1.26811e+11,7.80809e+10,0)
397,Mars,6.39e+23,(12292.1,-20910.4,0),(0.00223497,0.00131991,0),(-1.93666e+11,-1.16802e+11,0)
398,Sun,1.989e+30,(-0.0457927,0.113312,0),(1.46108e-08,-2.31981e-08,0),(443581,6.62725e+06,0)
398,Mercury,3.285e+23,(39494.6,-26059,0),(0.0217608,0.0329181,0),(-2.85724e+10,-5.06299e+10,0)
398,Venus,4.867e+24,(34160.6,5154.07,0),(-0.00147672,0.0109335,0),(1.76341e+10,-1.08254e+11,0)
398,Earth,5.972e+24,(-16096.6,25225.1,0),(-0.00509748,-0.0031384,0),(1.2542e+11,8.02604e+10,0)
398,Mars,6.39e+23,(12484.1,-20794.6,0),(0.00222237,0.0013404,0),(-1.92588e+11,-1.18599e+11,0)
399,Sun,1.989e+30,(-0.044446,0.111321,0),(1.55866e-08,-2.30442e-08,0),(439741,6.63687e+06,0)
399,Mercury,3.285e+23,(41162.1,-23104,0),(0.0192988,0.034201,0),(-2.5016e+10,-5.26261e+10,0)
399,Venus,4.867e+24,(34007.3,6095,0),(-0.00177385,0.0108904,0),(2.05723e+10,-1.07727e+11,0)
399,Earth,5.972e+24,(-16532.4,24946.3,0),(-0.00504353,-0.00322726,0),(1.23992e+11,8.24157e+10,0)
399,Mars,6.39e+23,(12675,-20677,0),(0.00220958,0.00136076,0),(-1.91493e+11,-1.20385e+11,0)
400,Sun,1.989e+30,(-0.0430149,0.109347,0),(1.65641e-08,-2.28443e-08,0),(436024,6.64631e+06,0)
400,Mercury,3.285e+23,(42611.9,-20053.7,0),(0.0167808,0.0353053,0),(-2.13344e+10,-5.43587e+10,0)
400,Venus,4.867e+24,(33828.5,7031.53,0),(-0.0020698,0.0108394,0),(2.34951e+10,-1.0712e+11,0)
400,Earth,5.972e+24,(-16963.4,24659.9,0),(-0.004988,-0.0033152,0),(1.22526e+11,8.45463e+10,0)
400,Mars,6.39e+23,(12864.8,-20557.7,0),(0.0021966,0.001381,0),(-1.90381e+11,-1.22161e+11,0)
401,Sun,1.989e+30,(-0.0414994,0.107394,0),(1.75409e-08,-2.25987e-08,0),(432439,6.65559e+06,0)
401,Mercury,3.285e+23,(43840.4,-16923.3,0),(0.0142185,0.0362314,0),(-1.75466e+10,-5.58209e+10,0)
401,Venus,4.867e+24,(33624.2,7962.97,0),(-0.00236438,0.0107806,0),(2.64002e+10,-1.06432e+11,0)
401,Earth,5.972e+24,(-17389.4,24365.9,0),(-0.00493091,-0.0034022,0),(1.21024e+11,8.66515e+10,0)
401,Mars,6.39e+23,(13053.4,-20436.6,0),(0.00218345,0.00140112,0),(-1.89253e+11,-1.23927e+11,0)
402,Sun,1.989e+30,(-0.0398997,0.105467,0),(1.85147e-08,-2.23076e-08,0),(428991,6.6647e+06,0)
402,Mercury,3.285e+23,(44844.6,-13728.2,0),(0.0116233,0.0369804,0),(-1.3672e+10,-5.7007e+10,0)
402,Venus,4.867e+24,(33394.6,8888.67,0),(-0.0026574,0.0107141,0),(2.92855e+10,-1.05664e+11,0)
402,Earth,5.972e+24,(-17810.4,24064.5,0),(-0.00487227,-0.00348823,0),(1.19485e+11,8.87307e+10,0)
402,Mars,6.39e+23,(13240.9,-20313.8,0),(0.0021701,0.0014211,0),(-1.88109e+11,-1.25682e+11,0)
403,Sun,1.989e+30,(-0.0382163,0.103569,0),(1.94834e-08,-2.19714e-08,0),(425690,6.67365e+06,0)
403,Mercury,3.285e+23,(45622.7,-10483.5,0),(0.00900589,0.037554,0),(-9.73019e+09,-5.79127e+10,0)
403,Venus,4.867e+24,(33139.8,9807.94,0),(-0.00294865,0.0106397,0),(3.21488e+10,-1.04816e+11,0)
403,Earth,5.972e+24,(-18226.1,23755.8,0),(-0.00481211,-0.00357326,0),(1.1791e+11,9.07832e+10,0)
403,Mars,6.39e+23,(13427.3,-20189.3,0),(0.00215658,0.00144095,0),(-1.86949e+11,-1.27427e+11,0)
404,Sun,1.989e+30,(-0.0364499,0.101703,0),(2.04448e-08,-2.15908e-08,0),(422540,6.68244e+06,0)
404,Mercury,3.285e+23,(46173.7,-7204.26,0),(0.00637647,0.0379542,0),(-5.74078e+09,-5.85352e+10,0)
404,Venus,4.867e+24,(32860.1,10720.1,0),(-0.00323794,0.0105576,0),(3.49879e+10,-1.0389e+11,0)
404,Earth,5.972e+24,(-18636.6,23439.8,0),(-0.00475042,-0.00365726,0),(1.163e+11,9.28084e+10,0)
404,Mars,6.39e+23,(13612.4,-20063.1,0),(0.00214288,0.00146068,0),(-1.85773e+11,-1.2916e+11,0)
405,Sun,1.989e+30,(-0.0346012,0.0998744,0),(2.13968e-08,-2.11663e-08,0),(419551,6.69107e+06,0)
405,Mercury,3.285e+23,(46497.2,-3905.24,0),(0.00374469,0.0381831,0),(-1.72342e+09,-5.88726e+10,0)
405,Venus,4.867e+24,(32555.5,11624.5,0),(-0.00352509,0.0104679,0),(3.78007e+10,-1.02886e+11,0)
405,Earth,5.972e+24,(-19041.5,23116.7,0),(-0.00468725,-0.00374021,0),(1.14655e+11,9.48057e+10,0)
405,Mars,6.39e+23,(13796.4,-19935.2,0),(0.00212899,0.00148027,0),(-1.84581e+11,-1.30882e+11,0)
406,Sun,1.989e+30,(-0.0326712,0.098086,0),(2.23376e-08,-2.06984e-08,0),(416728,6.69954e+06,0)
406,Mercury,3.285e+23,(46594,-601.014,0),(0.00111974,0.0382434,0),(2.3023e+09,-5.89245e+10,0)
406,Venus,4.867e+24,(32226.3,12520.6,0),(-0.00380989,0.0103705,0),(4.05851e+10,-1.01804e+11,0)
406,Earth,5.972e+24,(-19440.9,22786.4,0),(-0.00462259,-0.00382207,0),(1.12975e+11,9.67745e+10,0)
406,Mars,6.39e+23,(13979.1,-19805.7,0),(0.00211493,0.00149972,0),(-1.83373e+11,-1.32594e+11,0)
407,Sun,1.989e+30,(-0.0306611,0.0963418,0),(2.32654e-08,-2.0188e-08,0),(414079,6.70787e+06,0)
407,Mercury,3.285e+23,(46465.3,2694.09,0),(-0.00148961,0.0381378,0),(6.31689e+09,-5.86918e+10,0)
407,Venus,4.867e+24,(31872.8,13407.5,0),(-0.00409215,0.0102656,0),(4.33389e+10,-1.00645e+11,0)
407,Earth,5.972e+24,(-19834.6,22449.2,0),(-0.00455648,-0.00390282,0),(1.11262e+11,9.87141e+10,0)
407,Mars,6.39e+23,(14160.6,-19674.4,0),(0.0021007,0.00151904,0),(-1.8215e+11,-1.34294e+11,0)
408,Sun,1.989e+30,(-0.0285721,0.0946453,0),(2.41782e-08,-1.96355e-08,0),(411610,6.71604e+06,0)
408,Mercury,3.285e+23,(46113.2,5965.99,0),(-0.004075,0.0378692,0),(1.03011e+10,-5.81763e+10,0)
408,Venus,4.867e+24,(31495.1,14284.7,0),(-0.00437169,0.0101531,0),(4.606e+10,-9.94113e+10,0)
408,Earth,5.972e+24,(-20222.5,22105.2,0),(-0.00448892,-0.00398243,0),(1.09514e+11,1.00624e+11,0)
408,Mars,6.39e+23,(14340.8,-19541.5,0),(0.00208628,0.00153822,0),(-1.80911e+11,-1.35982e+11,0)
409,Sun,1.989e+30,(-0.0264057,0.0930001,0),(2.50743e-08,-1.90419e-08,0),(409329,6.72408e+06,0)
409,Mercury,3.285e+23,(45540.5,9200.85,0),(-0.00662838,0.0374406,0),(1.42358e+10,-5.73814e+10,0)
409,Venus,4.867e+24,(31093.4,15151.6,0),(-0.00464831,0.0100332,0),(4.87465e+10,-9.81022e+10,0)
409,Earth,5.972e+24,(-20604.3,21754.3,0),(-0.00441995,-0.00406088,0),(1.07734e+11,1.02504e+11,0)
409,Mars,6.39e+23,(14519.8,-19407,0),(0.0020717,0.00155727,0),(-1.79656e+11,-1.37659e+11,0)
410,Sun,1.989e+30,(-0.0241634,0.0914096,0),(2.59522e-08,-1.84078e-08,0),(407241,6.73198e+06,0)
410,Mercury,3.285e+23,(44750.6,12385.1,0),(-0.009142,0.0368551,0),(1.81022e+10,-5.63113e+10,0)
410,Venus,4.867e+24,(30668.2,16007.5,0),(-0.00492181,0.0099059,0),(5.13963e+10,-9.67191e+10,0)
410,Earth,5.972e+24,(-20980.1,21396.8,0),(-0.00434957,-0.00413814,0),(1.05921e+11,1.04352e+11,0)
410,Mars,6.39e+23,(14697.6,-19270.8,0),(0.00205694,0.00157617,0),(-1.78386e+11,-1.39324e+11,0)
411,Sun,1.989e+30,(-0.021847,0.0898774,0),(2.681e-08,-1.7734e-08,0),(405353,6.73974e+06,0)
411,Mercury,3.285e+23,(43747.7,15505.5,0),(-0.0116083,0.0361158,0),(2.1882e+10,-5.49716e+10,0)
411,Venus,4.867e+24,(30219.6,16851.7,0),(-0.00519202,0.00977128,0),(5.40072e+10,-9.52632e+10,0)
411,Earth,5.972e+24,(-21349.7,21032.7,0),(-0.00427781,-0.00421418,0),(1.04077e+11,1.06169e+11,0)
411,Mars,6.39e+23,(14874,-19133,0),(0.00204201,0.00159492,0),(-1.77101e+11,-1.40977e+11,0)
412,Sun,1.989e+30,(-0.0194584,0.0884068,0),(2.76463e-08,-1.70214e-08,0),(403672,6.74738e+06,0)
412,Mercury,3.285e+23,(42536.3,18549.1,0),(-0.0140201,0.0352261,0),(2.55572e+10,-5.3369e+10,0)
412,Venus,4.867e+24,(29748,17683.7,0),(-0.00545874,0.00962942,0),(5.65775e+10,-9.37353e+10,0)
412,Earth,5.972e+24,(-21713,20662.1,0),(-0.00420468,-0.00428897,0),(1.02201e+11,1.07955e+11,0)
412,Mars,6.39e+23,(15049.1,-18993.6,0),(0.00202691,0.00161354,0),(-1.75801e+11,-1.42618e+11,0)
413,Sun,1.989e+30,(-0.0169995,0.087001,0),(2.84594e-08,-1.62706e-08,0),(402203,6.7549e+06,0)
413,Mercury,3.285e+23,(41122,21503,0),(-0.01637,0.0341891,0),(2.91101e+10,-5.15111e+10,0)
413,Venus,4.867e+24,(29253.6,18502.8,0),(-0.00572179,0.0094804,0),(5.9105e+10,-9.21366e+10,0)
413,Earth,5.972e+24,(-22069.9,20285.2,0),(-0.00413022,-0.0043625,0),(1.00294e+11,1.09707e+11,0)
413,Mars,6.39e+23,(15222.9,-18852.6,0),(0.00201164,0.00163201,0),(-1.74486e+11,-1.44247e+11,0)
414,Sun,1.989e+30,(-0.0144725,0.0856633,0),(2.92478e-08,-1.54826e-08,0),(400953,6.7623e+06,0)
414,Mercury,3.285e+23,(39510.5,24354.9,0),(-0.018651,0.0330083,0),(3.25238e+10,-4.94068e+10,0)
414,Venus,4.867e+24,(28736.9,19308.4,0),(-0.00598098,0.0093243,0),(6.15878e+10,-9.04684e+10,0)
414,Earth,5.972e+24,(-22420.2,19902,0),(-0.00405445,-0.00443473,0),(9.83569e+10,1.11427e+11,0)
414,Mars,6.39e+23,(15395.4,-18710,0),(0.00199621,0.00165033,0),(-1.73155e+11,-1.45863e+11,0)
415,Sun,1.989e+30,(-0.0118796,0.0843968,0),(3.00099e-08,-1.46582e-08,0),(399927,6.76959e+06,0)
415,Mercury,3.285e+23,(37708.5,27092.7,0),(-0.020856,0.031687,0),(3.57818e+10,-4.7066e+10,0)
415,Venus,4.867e+24,(28198.1,20099.9,0),(-0.00623612,0.0091612,0),(6.40241e+10,-8.87318e+10,0)
415,Earth,5.972e+24,(-22763.8,19512.7,0),(-0.00397738,-0.00450565,0),(9.63901e+10,1.13113e+11,0)
415,Mars,6.39e+23,(15566.5,-18565.8,0),(0.00198061,0.0016685,0),(-1.71811e+11,-1.47467e+11,0)
416,Sun,1.989e+30,(-0.00922334,0.0832046,0),(3.07442e-08,-1.37983e-08,0),(399130,6.77678e+06,0)
416,Mercury,3.285e+23,(35723.3,29704.5,0),(-0.0229779,0.0302289,0),(3.88683e+10,-4.44996e+10,0)
416,Venus,4.867e+24,(27637.6,20876.8,0),(-0.00648704,0.00899121,0),(6.6412e+10,-8.6928e+10,0)
416,Earth,5.972e+24,(-23100.7,19117.4,0),(-0.00389903,-0.00457522,0),(9.43942e+10,1.14764e+11,0)
416,Mars,6.39e+23,(15736.3,-18420.1,0),(0.00196485,0.00168652,0),(-1.70451e+11,-1.49059e+11,0)
417,Sun,1.989e+30,(-0.00650615,0.0820897,0),(3.14491e-08,-1.29039e-08,0),(398568,6.78387e+06,0)
417,Mercury,3.285e+23,(33562.4,32178.8,0),(-0.0250096,0.0286377,0),(4.17681e+10,-4.17193e+10,0)
417,Venus,4.867e+24,(27055.8,21638.4,0),(-0.00673354,0.00881442,0),(6.87496e+10,-8.50585e+10,0)
417,Earth,5.972e+24,(-23430.7,18716.2,0),(-0.00381944,-0.00464343,0),(9.23698e+10,1.16382e+11,0)
417,Mars,6.39e+23,(15904.7,-18272.9,0),(0.00194892,0.0017044,0),(-1.69077e+11,-1.50638e+11,0)
418,Sun,1.989e+30,(-0.00373072,0.081055,0),(3.2123e-08,-1.19758e-08,0),(398245,6.79088e+06,0)
418,Mercury,3.285e+23,(31234.5,34504.4,0),(-0.026944,0.0269171,0),(4.44668e+10,-3.87381e+10,0)
418,Venus,4.867e+24,(26453.1,22384.1,0),(-0.00697546,0.00863093,0),(7.10352e+10,-8.31245e+10,0)
418,Earth,5.972e+24,(-23753.7,18309.3,0),(-0.00373863,-0.00471024,0),(9.03175e+10,1.17963e+11,0)
418,Mars,6.39e+23,(16071.7,-18124.1,0),(0.00193284,0.00172211,0),(-1.67688e+11,-1.52203e+11,0)
419,Sun,1.989e+30,(-0.000899867,0.0801033,0),(3.27645e-08,-1.10151e-08,0),(398168,6.7978e+06,0)
419,Mercury,3.285e+23,(28748.4,36670.6,0),(-0.0287738,0.0250714,0),(4.69506e+10,-3.55698e+10,0)
419,Venus,4.867e+24,(25829.9,23113.4,0),(-0.00721261,0.00844085,0),(7.32669e+10,-8.11275e+10,0)
419,Earth,5.972e+24,(-24069.7,17896.6,0),(-0.00365661,-0.00477565,0),(8.82379e+10,1.1951e+11,0)
419,Mars,6.39e+23,(16237.3,-17973.8,0),(0.00191659,0.00173968,0),(-1.66285e+11,-1.53756e+11,0)
420,Sun,1.989e+30,(0.00198346,0.0792374,0),(3.33719e-08,-1.00229e-08,0),(398339,6.80464e+06,0)
420,Mercury,3.285e+23,(26113.9,38666.8,0),(-0.0304916,0.023105,0),(4.92069e+10,-3.2229e+10,0)
420,Venus,4.867e+24,(25186.7,23825.7,0),(-0.00744481,0.00824428,0),(7.5443e+10,-7.90689e+10,0)
420,Earth,5.972e+24,(-24378.4,17478.5,0),(-0.00357342,-0.00483962,0),(8.61316e+10,1.2102e+11,0)
420,Mars,6.39e+23,(16401.4,-17821.9,0),(0.00190019,0.00175709,0),(-1.64868e+11,-1.55296e+11,0)
421,Sun,1.989e+30,(0.00491619,0.0784597,0),(3.39436e-08,-9.00023e-09,0),(398764,6.81142e+06,0)
421,Mercury,3.285e+23,(23341.4,40483.2,0),(-0.0320899,0.0210224,0),(5.12236e+10,-2.87312e+10,0)
421,Venus,4.867e+24,(24523.9,24520.4,0),(-0.00767188,0.00804135,0),(7.75619e+10,-7.69504e+10,0)
421,Earth,5.972e+24,(-24679.9,17055,0),(-0.00348909,-0.00490213,0),(8.39992e+10,1.22493e+11,0)
421,Mars,6.39e+23,(16564.2,-17668.6,0),(0.00188363,0.00177434,0),(-1.63437e+11,-1.56823e+11,0)
422,Sun,1.989e+30,(0.00789509,0.077773,0),(3.4478e-08,-7.94836e-09,0),(399446,6.81814e+06,0)
422,Mercury,3.285e+23,(20441.7,42110,0),(-0.0335611,0.018829,0),(5.29897e+10,-2.50929e+10,0)
422,Venus,4.867e+24,(23841.9,25197.1,0),(-0.00789367,0.00783218,0),(7.96218e+10,-7.47733e+10,0)
422,Earth,5.972e+24,(-24973.9,16626.1,0),(-0.00340363,-0.00496316,0),(8.18415e+10,1.2393e+11,0)
422,Mars,6.39e+23,(16725.5,-17513.9,0),(0.00186692,0.00179143,0),(-1.61992e+11,-1.58336e+11,0)
423,Sun,1.989e+30,(0.0109168,0.0771796,0),(3.49736e-08,-6.86856e-09,0),(400389,6.82481e+06,0)
423,Mercury,3.285e+23,(17426.5,43538.2,0),(-0.0348975,0.0165301,0),(5.44954e+10,-2.13312e+10,0)
423,Venus,4.867e+24,(23141.1,25855.2,0),(-0.00810999,0.00761688,0),(8.16212e+10,-7.25395e+10,0)
423,Earth,5.972e+24,(-25260.5,16192.2,0),(-0.00331707,-0.00502269,0),(7.9659e+10,1.25329e+11,0)
423,Mars,6.39e+23,(16885.3,-17357.6,0),(0.00185005,0.00180837,0),(-1.60533e+11,-1.59836e+11,0)
424,Sun,1.989e+30,(0.0139778,0.0766817,0),(3.54287e-08,-5.76221e-09,0),(401597,6.83144e+06,0)
424,Mercury,3.285e+23,(14308.3,44759.2,0),(-0.0360913,0.0141319,0),(5.57316e+10,-1.7464e+10,0)
424,Venus,4.867e+24,(22422.2,26494.2,0),(-0.00832067,0.0073956,0),(8.35585e+10,-7.02504e+10,0)
424,Earth,5.972e+24,(-25539.5,15753.2,0),(-0.00322944,-0.00508069,0),(7.74524e+10,1.2669e+11,0)
424,Mars,6.39e+23,(17043.7,-17199.9,0),(0.00183303,0.00182514,0),(-1.5906e+11,-1.61322e+11,0)
425,Sun,1.989e+30,(0.0170746,0.0762816,0),(3.58416e-08,-4.63081e-09,0),(403072,6.83803e+06,0)
425,Mercury,3.285e+23,(11099.8,45765,0),(-0.0371345,0.011641,0),(5.66906e+10,-1.35099e+10,0)
425,Venus,4.867e+24,(21685.6,27113.6,0),(-0.00852555,0.00716845,0),(8.54322e+10,-6.79077e+10,0)
425,Earth,5.972e+24,(-25810.9,15309.4,0),(-0.00314077,-0.00513716,0),(7.52223e+10,1.28013e+11,0)
425,Mars,6.39e+23,(17200.6,-17040.8,0),(0.00181586,0.00184175,0),(-1.57574e+11,-1.62794e+11,0)
426,Sun,1.989e+30,(0.0202032,0.0759813,0),(3.62107e-08,-3.47598e-09,0),(404818,6.84459e+06,0)
426,Mercury,3.285e+23,(7814.97,46548.2,0),(-0.0380192,0.00906497,0),(5.73659e+10,-9.48818e+09,0)
426,Venus,4.867e+24,(20931.8,27712.8,0),(-0.00872447,0.00693559,0),(8.72407e+10,-6.55134e+10,0)
426,Earth,5.972e+24,(-26074.5,14860.8,0),(-0.00305108,-0.00519207,0),(7.29695e+10,1.29297e+11,0)
426,Mars,6.39e+23,(17356,-16880.2,0),(0.00179855,0.0018582,0),(-1.56075e+11,-1.64253e+11,0)
427,Sun,1.989e+30,(0.0233597,0.0757826,0),(3.65345e-08,-2.29945e-09,0),(406836,6.85114e+06,0)
427,Mercury,3.285e+23,(4468.05,47102.2,0),(-0.0387376,0.00641172,0),(5.77519e+10,-5.41855e+09,0)
427,Venus,4.867e+24,(20161.4,28291.4,0),(-0.00891726,0.00669716,0),(8.89826e+10,-6.3069e+10,0)
427,Earth,5.972e+24,(-26330.3,14407.6,0),(-0.00296041,-0.00524539,0),(7.06945e+10,1.30542e+11,0)
427,Mars,6.39e+23,(17509.9,-16718.3,0),(0.00178108,0.00187448,0),(-1.54562e+11,-1.65697e+11,0)
428,Sun,1.989e+30,(0.0265402,0.0756873,0),(3.68112e-08,-1.10313e-09,0),(409129,6.85768e+06,0)
428,Mercury,3.285e+23,(1074.11,47421,0),(-0.0392816,0.00369023,0),(5.78447e+10,-1.32138e+09,0)
428,Venus,4.867e+24,(19374.8,28849,0),(-0.00910376,0.0064533,0),(9.06566e+10,-6.05764e+10,0)
428,Earth,5.972e+24,(-26578.2,13949.9,0),(-0.00286877,-0.00529712,0),(6.83982e+10,1.31747e+11,0)
428,Mars,6.39e+23,(17662.2,-16554.9,0),(0.00176348,0.00189059,0),(-1.53036e+11,-1.67127e+11,0)
429,Sun,1.989e+30,(0.0297404,0.0756969,0),(3.70394e-08,1.10959e-10,0),(411698,6.86422e+06,0)
429,Mercury,3.285e+23,(-2351.11,47499.6,0),(-0.0396438,0.000910272,0),(5.76416e+10,2.78259e+09,0)
429,Venus,4.867e+24,(18572.7,29385,0),(-0.00928382,0.00620416,0),(9.22613e+10,-5.80376e+10,0)
429,Earth,5.972e+24,(-26818,13487.9,0),(-0.00277621,-0.00534723,0),(6.60811e+10,1.32912e+11,0)
429,Mars,6.39e+23,(17813.1,-16390.2,0),(0.00174572,0.00190654,0),(-1.51497e+11,-1.68543e+11,0)
430,Sun,1.989e+30,(0.032956,0.0758127,0),(3.72175e-08,1.34059e-09,0),(414546,6.87077e+06,0)
430,Mercury,3.285e+23,(-5791.28,47334,0),(-0.0398168,-0.00191743,0),(5.71412e+10,6.87225e+09,0)
430,Venus,4.867e+24,(17755.6,29899.1,0),(-0.00945729,0.00594991,0),(9.37954e+10,-5.54543e+10,0)
430,Earth,5.972e+24,(-27049.8,13021.7,0),(-0.00268274,-0.0053957,0),(6.3744e+10,1.34037e+11,0)
430,Mars,6.39e+23,(17962.4,-16224.1,0),(0.00172783,0.00192232,0),(-1.49945e+11,-1.69945e+11,0)
431,Sun,1.989e+30,(0.0361826,0.0760359,0),(3.73442e-08,2.58339e-09,0),(417672,6.87734e+06,0)
431,Mercury,3.285e+23,(-9229.43,46920.9,0),(-0.0397934,-0.00478115,0),(5.63438e+10,1.09262e+10,0)
431,Venus,4.867e+24,(16924.1,30390.8,0),(-0.00962401,0.00569071,0),(9.52576e+10,-5.28285e+10,0)
431,Earth,5.972e+24,(-27273.5,12551.5,0),(-0.00258841,-0.00544252,0),(6.13876e+10,1.35122e+11,0)
431,Mars,6.39e+23,(18110.1,-16056.7,0),(0.0017098,0.00193793,0),(-1.4838e+11,-1.71333e+11,0)
432,Sun,1.989e+30,(0.0394155,0.0763674,0),(3.7418e-08,3.83679e-09,0),(421078,6.88394e+06,0)
432,Mercury,3.285e+23,(-12648,46258.4,0),(-0.0395673,-0.00766816,0),(5.5251e+10,1.49229e+10,0)
432,Venus,4.867e+24,(16078.8,30859.7,0),(-0.00978383,0.00542671,0),(9.66468e+10,-5.01622e+10,0)
432,Earth,5.972e+24,(-27488.9,12077.3,0),(-0.00249323,-0.00548768,0),(5.90125e+10,1.36165e+11,0)
432,Mars,6.39e+23,(18256.2,-15887.9,0),(0.00169163,0.00195337,0),(-1.46803e+11,-1.72705e+11,0)
433,Sun,1.989e+30,(0.0426501,0.0768079,0),(3.74377e-08,5.09805e-09,0),(424762,6.89057e+06,0)
433,Mercury,3.285e+23,(-16029.1,45345.6,0),(-0.0391325,-0.0105647,0),(5.38661e+10,1.88408e+10,0)
433,Venus,4.867e+24,(15220.2,31305.3,0),(-0.00993662,0.00515811,0),(9.79618e+10,-4.74575e+10,0)
433,Earth,5.972e+24,(-27696,11599.4,0),(-0.00239724,-0.00553115,0),(5.66196e+10,1.37167e+11,0)
433,Mars,6.39e+23,(18400.8,-15717.8,0),(0.00167332,0.00196863,0),(-1.45213e+11,-1.74063e+11,0)
434,Sun,1.989e+30,(0.0458817,0.0773577,0),(3.74023e-08,6.36424e-09,0),(428727,6.89726e+06,0)
434,Mercury,3.285e+23,(-19354.1,44183,0),(-0.038484,-0.0134558,0),(5.21939e+10,2.26582e+10,0)
434,Venus,4.867e+24,(14349.1,31727.4,0),(-0.0100822,0.00488506,0),(9.92016e+10,-4.47162e+10,0)
434,Earth,5.972e+24,(-27894.8,11117.9,0),(-0.00230047,-0.00557291,0),(5.42095e+10,1.38128e+11,0)
434,Mars,6.39e+23,(18543.8,-15546.4,0),(0.00165487,0.00198372,0),(-1.43611e+11,-1.75406e+11,0)
435,Sun,1.989e+30,(0.0491053,0.0780172,0),(3.73108e-08,7.63225e-09,0),(432969,6.904e+06,0)
435,Mercury,3.285e+23,(-22604.3,42772.4,0),(-0.0376179,-0.0163257,0),(5.02409e+10,2.63537e+10,0)
435,Venus,4.867e+24,(13466.1,32125.5,0),(-0.0102205,0.00460776,0),(1.00365e+11,-4.19406e+10,0)
435,Earth,5.972e+24,(-28085.1,10633,0),(-0.00220294,-0.00561297,0),(5.17829e+10,1.39047e+11,0)
435,Mars,6.39e+23,(18685.2,-15373.8,0),(0.00163629,0.00199864,0),(-1.41996e+11,-1.76735e+11,0)
436,Sun,1.989e+30,(0.0523162,0.078786,0),(3.71625e-08,8.89879e-09,0),(437489,6.9108e+06,0)
436,Mercury,3.285e+23,(-25760.6,41117.2,0),(-0.0365311,-0.0191575,0),(4.80151e+10,2.99063e+10,0)
436,Venus,4.867e+24,(12571.7,32499.3,0),(-0.0103514,0.00432638,0),(1.01451e+11,-3.91326e+10,0)
436,Earth,5.972e+24,(-28266.9,10144.7,0),(-0.0021047,-0.00565129,0),(4.93407e+10,1.39923e+11,0)
436,Mars,6.39e+23,(18824.9,-15199.8,0),(0.00161758,0.00201338,0),(-1.4037e+11,-1.78048e+11,0)
437,Sun,1.989e+30,(0.0555092,0.0796639,0),(3.6957e-08,1.01604e-08,0),(442285,6.91769e+06,0)
437,Mercury,3.285e+23,(-28803.8,39222.2,0),(-0.0352221,-0.0219332,0),(4.55265e+10,3.32951e+10,0)
437,Venus,4.867e+24,(11666.7,32848.4,0),(-0.0104747,0.00404112,0),(1.02459e+11,-3.62945e+10,0)
437,Earth,5.972e+24,(-28440.2,9653.28,0),(-0.00200577,-0.00568787,0),(4.68834e+10,1.40757e+11,0)
437,Mars,6.39e+23,(18963.1,-15024.6,0),(0.00159874,0.00202795,0),(-1.38732e+11,-1.79346e+11,0)
438,Sun,1.989e+30,(0.0586796,0.08065,0),(3.6694e-08,1.14135e-08,0),(447355,6.92465e+06,0)
438,Mercury,3.285e+23,(-31714.7,37093.8,0),(-0.0336908,-0.0246344,0),(4.27864e+10,3.65e+10,0)
438,Venus,4.867e+24,(10751.7,33172.6,0),(-0.0105902,0.00375216,0),(1.03388e+11,-3.34284e+10,0)
438,Earth,5.972e+24,(-28604.9,9158.84,0),(-0.00190619,-0.00572269,0),(4.4412e+10,1.41548e+11,0)
438,Mars,6.39e+23,(19099.5,-14848.1,0),(0.00157978,0.00204233,0),(-1.37081e+11,-1.80629e+11,0)
439,Sun,1.989e+30,(0.0618223,0.0817434,0),(3.63737e-08,1.26544e-08,0),(452697,6.93172e+06,0)
439,Mercury,3.285e+23,(-34474.2,34740.1,0),(-0.0319389,-0.0272414,0),(3.98078e+10,3.95015e+10,0)
439,Venus,4.867e+24,(9827.4,33471.6,0),(-0.010698,0.00345972,0),(1.04237e+11,-3.05365e+10,0)
439,Earth,5.972e+24,(-28761,8661.54,0),(-0.00180598,-0.00575575,0),(4.1927e+10,1.42297e+11,0)
439,Mars,6.39e+23,(19234.4,-14670.4,0),(0.00156068,0.00205654,0),(-1.3542e+11,-1.81897e+11,0)
440,Sun,1.989e+30,(0.0649324,0.0829425,0),(3.59963e-08,1.38792e-08,0),(458307,6.93888e+06,0)
440,Mercury,3.285e+23,(-37063.6,32171.1,0),(-0.02997,-0.0297346,0),(3.66055e+10,4.22811e+10,0)
440,Venus,4.867e+24,(8894.46,33744.9,0),(-0.0107979,0.00316399,0),(1.05006e+11,-2.76209e+10,0)
440,Earth,5.972e+24,(-28908.3,8161.54,0),(-0.00170518,-0.00578703,0),(3.94293e+10,1.43002e+11,0)
440,Mars,6.39e+23,(19367.6,-14491.5,0),(0.00154146,0.00207057,0),(-1.33746e+11,-1.83149e+11,0)
441,Sun,1.989e+30,(0.068005,0.0842458,0),(3.55627e-08,1.5084e-08,0),(464183,6.94616e+06,0)
441,Mercury,3.285e+23,(-39464.6,29398.2,0),(-0.0277896,-0.0320935,0),(3.31958e+10,4.48211e+10,0)
441,Venus,4.867e+24,(7953.6,33992.5,0),(-0.0108896,0.00286517,0),(1.05693e+11,-2.46839e+10,0)
441,Earth,5.972e+24,(-29046.9,7659,0),(-0.00160382,-0.00581651,0),(3.69197e+10,1.43664e+11,0)
441,Mars,6.39e+23,(19499.1,-14311.5,0),(0.00152212,0.00208442,0),(-1.32061e+11,-1.84385e+11,0)
442,Sun,1.989e+30,(0.0710354,0.0856511,0),(3.50739e-08,1.6265e-08,0),(470320,6.95356e+06,0)
442,Mercury,3.285e+23,(-41659.6,26434.9,0),(-0.0254054,-0.0342977,0),(2.95964e+10,4.71051e+10,0)
442,Venus,4.867e+24,(7005.5,34214,0),(-0.0109733,0.00256349,0),(1.06298e+11,-2.17279e+10,0)
442,Earth,5.972e+24,(-29176.6,7154.06,0),(-0.00150193,-0.00584419,0),(3.43988e+10,1.44282e+11,0)
442,Mars,6.39e+23,(19628.9,-14130.2,0),(0.00150265,0.00209808,0),(-1.30366e+11,-1.85606e+11,0)
443,Sun,1.989e+30,(0.0740189,0.087156,0),(3.45315e-08,1.74183e-08,0),(476715,6.96109e+06,0)
443,Mercury,3.285e+23,(-43631.9,23296.2,0),(-0.0228275,-0.0363272,0),(2.58266e+10,4.91179e+10,0)
443,Venus,4.867e+24,(6050.9,34409.1,0),(-0.0110487,0.00225915,0),(1.06821e+11,-1.87549e+10,0)
443,Earth,5.972e+24,(-29297.5,6646.89,0),(-0.00139955,-0.00587006,0),(3.18675e+10,1.44856e+11,0)
443,Mars,6.39e+23,(19757.1,-13947.7,0),(0.00148307,0.00211156,0),(-1.28659e+11,-1.86811e+11,0)
444,Sun,1.989e+30,(0.0769511,0.0887579,0),(3.39375e-08,1.85399e-08,0),(483364,6.96876e+06,0)
444,Mercury,3.285e+23,(-45365.8,19999,0),(-0.0200684,-0.038162,0),(2.1907e+10,5.08458e+10,0)
444,Venus,4.867e+24,(5090.5,34577.8,0),(-0.0111157,0.00195237,0),(1.07261e+11,-1.57674e+10,0)
444,Earth,5.972e+24,(-29409.6,6137.63,0),(-0.00129671,-0.00589411,0),(2.93265e+10,1.45386e+11,0)
444,Mars,6.39e+23,(19883.5,-13764.2,0),(0.00146336,0.00212486,0),(-1.26941e+11,-1.88e+11,0)
445,Sun,1.989e+30,(0.0798277,0.0904536,0),(3.3294e-08,1.96263e-08,0),(490261,6.97658e+06,0)
445,Mercury,3.285e+23,(-46847,16561.7,0),(-0.0171426,-0.0397833,0),(1.78594e+10,5.22767e+10,0)
445,Venus,4.867e+24,(4125.03,34719.8,0),(-0.0111744,0.00164338,0),(1.07617e+11,-1.27676e+10,0)
445,Earth,5.972e+24,(-29512.7,5626.46,0),(-0.00119344,-0.00591633,0),(2.67766e+10,1.45873e+11,0)
445,Mars,6.39e+23,(20008.2,-13579.4,0),(0.00144354,0.00213797,0),(-1.25212e+11,-1.89174e+11,0)
446,Sun,1.989e+30,(0.0826447,0.0922398,0),(3.26039e-08,2.06738e-08,0),(497401,6.98455e+06,0)
446,Mercury,3.285e+23,(-48062.4,13004.4,0),(-0.0140675,-0.0411731,0),(1.37068e+10,5.34003e+10,0)
446,Venus,4.867e+24,(3155.24,34834.9,0),(-0.0112245,0.0013324,0),(1.0789e+11,-9.75786e+09,0)
446,Earth,5.972e+24,(-29606.9,5113.53,0),(-0.00108978,-0.00593671,0),(2.42186e+10,1.46314e+11,0)
446,Mars,6.39e+23,(20131.2,-13393.6,0),(0.00142361,0.0021509,0),(-1.23473e+11,-1.90331e+11,0)
447,Sun,1.989e+30,(0.0853983,0.0941129,0),(3.18702e-08,2.16792e-08,0),(504780,6.99268e+06,0)
447,Mercury,3.285e+23,(-49000.9,9348.37,0),(-0.0108624,-0.0423149,0),(9.47311e+09,5.4208e+10,0)
447,Venus,4.867e+24,(2181.86,34923,0),(-0.011266,0.00101967,0),(1.08078e+11,-6.74051e+09,0)
447,Earth,5.972e+24,(-29692,4599,0),(-0.000985759,-0.00595525,0),(2.16532e+10,1.46712e+11,0)
447,Mars,6.39e+23,(20252.5,-13206.7,0),(0.00140356,0.00216364,0),(-1.21723e+11,-1.91472e+11,0)
448,Sun,1.989e+30,(0.088085,0.0960689,0),(3.10965e-08,2.26394e-08,0),(512390,7.00098e+06,0)
448,Mercury,3.285e+23,(-49653.1,5616.39,0),(-0.00754895,-0.0431942,0),(5.18307e+09,5.46933e+10,0)
448,Venus,4.867e+24,(1205.64,34984,0),(-0.0112988,0.000705417,0),(1.08183e+11,-3.71789e+09,0)
448,Earth,5.972e+24,(-29768.2,4083.02,0),(-0.000881413,-0.00597193,0),(1.90812e+10,1.47064e+11,0)
448,Mars,6.39e+23,(20372,-13018.6,0),(0.0013834,0.00217619,0),(-1.19963e+11,-1.92597e+11,0)
449,Sun,1.989e+30,(0.0907018,0.0981038,0),(3.02866e-08,2.35519e-08,0),(520227,7.00945e+06,0)
449,Mercury,3.285e+23,(-50011.8,1832.2,0),(-0.00415072,-0.0437985,0),(8.62059e+08,5.48516e+10,0)
449,Venus,4.867e+24,(227.341,35017.7,0),(-0.0113229,0.000389879,0),(1.08202e+11,-6.92362e+08,0)
449,Earth,5.972e+24,(-29835.3,3565.77,0),(-0.000776776,-0.00598675,0),(1.65035e+10,1.47373e+11,0)
449,Mars,6.39e+23,(20489.8,-12829.5,0),(0.00136314,0.00218855,0),(-1.18192e+11,-1.93705e+11,0)
450,Sun,1.989e+30,(0.0932458,0.100213,0),(2.94446e-08,2.44142e-08,0),(528284,7.01811e+06,0)
450,Mercury,3.285e+23,(-50071.6,-1979.57,0),(-0.000693006,-0.0441177,0),(-3.46413e+09,5.46805e+10,0)
450,Venus,4.867e+24,(-752.283,35024,0),(-0.0113382,7.32972e-05,0),(1.08137e+11,2.33371e+09,0)
450,Earth,5.972e+24,(-29893.3,3047.39,0),(-0.000671881,-0.00599971,0),(1.39207e+10,1.47636e+11,0)
450,Mars,6.39e+23,(20605.8,-12639.4,0),(0.00134276,0.00220072,0),(-1.16412e+11,-1.94797e+11,0)
451,Sun,1.989e+30,(0.0957146,0.102393,0),(2.85749e-08,2.52247e-08,0),(536553,7.02696e+06,0)
451,Mercury,3.285e+23,(-49829.9,-5793.64,0),(0.00279746,-0.0441444,0),(-7.76944e+09,5.418e+10,0)
451,Venus,4.867e+24,(-1732.47,35002.9,0),(-0.0113447,-0.000244084,0),(1.07988e+11,5.35796e+09,0)
451,Earth,5.972e+24,(-29942.3,2528.06,0),(-0.000566762,-0.0060108,0),(1.13337e+10,1.47854e+11,0)
451,Mars,6.39e+23,(20720,-12448.2,0),(0.00132228,0.0022127,0),(-1.14622e+11,-1.95873e+11,0)
452,Sun,1.989e+30,(0.0981064,0.104637,0),(2.76821e-08,2.5982e-08,0),(545030,7.036e+06,0)
452,Mercury,3.285e+23,(-49286.2,-9584.38,0),(0.00629288,-0.0438743,0),(-1.20278e+10,5.33519e+10,0)
452,Venus,4.867e+24,(-2712.44,34954.4,0),(-0.0113423,-0.000562018,0),(1.07753e+11,8.37802e+09,0)
452,Earth,5.972e+24,(-29982.2,2007.93,0),(-0.000461455,-0.00602002,0),(8.74321e+09,1.48028e+11,0)
452,Mars,6.39e+23,(20832.5,-12256,0),(0.0013017,0.00222449,0),(-1.12822e+11,-1.96932e+11,0)
453,Sun,1.989e+30,(0.100419,0.106943,0),(2.67709e-08,2.66852e-08,0),(553706,7.04524e+06,0)
453,Mercury,3.285e+23,(-48442.5,-13326,0),(0.00976479,-0.0433061,0),(-1.62132e+10,5.22005e+10,0)
453,Venus,4.867e+24,(-3691.43,34878.3,0),(-0.0113309,-0.000880254,0),(1.07434e+11,1.13915e+10,0)
453,Earth,5.972e+24,(-30012.9,1487.17,0),(-0.000355993,-0.00602737,0),(6.1501e+09,1.48156e+11,0)
453,Mars,6.39e+23,(20943.2,-12062.8,0),(0.00128101,0.00223609,0),(-1.11012e+11,-1.97974e+11,0)
454,Sun,1.989e+30,(0.102652,0.109305,0),(2.5846e-08,2.7334e-08,0),(562575,7.05468e+06,0)
454,Mercury,3.285e+23,(-47303.4,-16993,0),(0.0131845,-0.0424418,0),(-2.03002e+10,5.07323e+10,0)
454,Venus,4.867e+24,(-4668.67,34774.8,0),(-0.0113106,-0.00119854,0),(1.07031e+11,1.4396e+10,0)
454,Earth,5.972e+24,(-30034.6,965.929,0),(-0.000250411,-0.00603283,0),(3.55511e+09,1.4824e+11,0)
454,Mars,6.39e+23,(21052.1,-11868.6,0),(0.00126022,0.00224749,0),(-1.09193e+11,-1.98999e+11,0)
455,Sun,1.989e+30,(0.104805,0.111718,0),(2.49123e-08,2.79287e-08,0),(571630,7.06434e+06,0)
455,Mercury,3.285e+23,(-45875.8,-20560.2,0),(0.0165234,-0.0412867,0),(-2.42639e+10,4.89559e+10,0)
455,Venus,4.867e+24,(-5643.37,34643.7,0),(-0.0112813,-0.00151663,0),(1.06543e+11,1.73893e+10,0)
455,Earth,5.972e+24,(-30047.1,444.382,0),(-0.000144744,-0.00603641,0),(9.59043e+08,1.48278e+11,0)
455,Mars,6.39e+23,(21159.1,-11673.5,0),(0.00123934,0.0022587,0),(-1.07365e+11,-2.00008e+11,0)
456,Sun,1.989e+30,(0.106876,0.114178,0),(2.39743e-08,2.84701e-08,0),(580864,7.0742e+06,0)
456,Mercury,3.285e+23,(-44169.1,-24003.1,0),(0.0197537,-0.0398492,0),(-2.80801e+10,4.6882e+10,0)
456,Venus,4.867e+24,(-6614.76,34485.2,0),(-0.011243,-0.00183425,0),(1.05972e+11,2.03688e+10,0)
456,Earth,5.972e+24,(-30050.4,-77.3108,0),(-3.90256e-05,-0.00603812,0),(-1.63732e+09,1.48271e+11,0)
456,Mars,6.39e+23,(21264.4,-11477.4,0),(0.00121836,0.00226971,0),(-1.05528e+11,-2.01e+11,0)
457,Sun,1.989e+30,(0.108867,0.11668,0),(2.30366e-08,2.89594e-08,0),(590270,7.08428e+06,0)
457,Mercury,3.285e+23,(-42194.9,-27298.5,0),(0.0228487,-0.0381411,0),(-3.17257e+10,4.45234e+10,0)
457,Venus,4.867e+24,(-7582.06,34299.4,0),(-0.0111956,-0.00215116,0),(1.05317e+11,2.33323e+10,0)
457,Earth,5.972e+24,(-30044.7,-598.988,0),(6.67087e-05,-0.00603793,0),(-4.23318e+09,1.4822e+11,0)
457,Mars,6.39e+23,(21367.9,-11280.4,0),(0.00119728,0.00228053,0),(-1.03682e+11,-2.01974e+11,0)
458,Sun,1.989e+30,(0.110776,0.11922,0),(2.21035e-08,2.93985e-08,0),(599841,7.09458e+06,0)
458,Mercury,3.285e+23,(-39967.3,-30424.2,0),(0.0257829,-0.0361769,0),(-3.51789e+10,4.18948e+10,0)
458,Venus,4.867e+24,(-8544.5,34086.2,0),(-0.0111392,-0.00246708,0),(1.04578e+11,2.62773e+10,0)
458,Earth,5.972e+24,(-30029.8,-1120.49,0),(0.000172424,-0.00603587,0),(-6.82775e+09,1.48123e+11,0)
458,Mars,6.39e+23,(21469.5,-11082.4,0),(0.00117611,0.00229115,0),(-1.01827e+11,-2.02932e+11,0)
459,Sun,1.989e+30,(0.112606,0.121794,0),(2.11788e-08,2.97895e-08,0),(609571,7.10511e+06,0)
459,Mercury,3.285e+23,(-37502,-33359.6,0),(0.0285332,-0.0339739,0),(-3.84191e+10,3.90125e+10,0)
459,Venus,4.867e+24,(-9501.28,33845.9,0),(-0.0110739,-0.00278177,0),(1.03758e+11,2.92016e+10,0)
459,Earth,5.972e+24,(-30005.8,-1641.65,0),(0.000278087,-0.00603192,0),(-9.42025e+09,1.47981e+11,0)
459,Mars,6.39e+23,(21569.3,-10883.5,0),(0.00115485,0.00230158,0),(-9.99633e+10,-2.03872e+11,0)
460,Sun,1.989e+30,(0.114357,0.124397,0),(2.02663e-08,3.0135e-08,0),(619451,7.11585e+06,0)
460,Mercury,3.285e+23,(-34816.9,-36085.7,0),(0.0310783,-0.031552,0),(-4.14273e+10,3.58947e+10,0)
460,Venus,4.867e+24,(-10451.6,33578.5,0),(-0.0109995,-0.00309495,0),(1.02854e+11,3.21028e+10,0)
460,Earth,5.972e+24,(-29972.6,-2162.3,0),(0.000383662,-0.00602609,0),(-1.20099e+10,1.47794e+11,0)
460,Mars,6.39e+23,(21667.2,-10683.8,0),(0.0011335,0.00231181,0),(-9.80912e+10,-2.04795e+11,0)
461,Sun,1.989e+30,(0.116031,0.127027,0),(1.93691e-08,3.04381e-08,0),(629476,7.12683e+06,0)
461,Mercury,3.285e+23,(-31931.1,-38585.5,0),(0.0333997,-0.028933,0),(-4.41861e+10,3.25609e+10,0)
461,Venus,4.867e+24,(-11394.8,33284.2,0),(-0.0109161,-0.00340636,0),(1.0187e+11,3.49785e+10,0)
461,Earth,5.972e+24,(-29930.4,-2682.29,0),(0.000489115,-0.00601838,0),(-1.45959e+10,1.47562e+11,0)
461,Mars,6.39e+23,(21763.3,-10483.2,0),(0.00111206,0.00232184,0),(-9.62109e+10,-2.05701e+11,0)
462,Sun,1.989e+30,(0.117628,0.12968,0),(1.84901e-08,3.0702e-08,0),(639639,7.13803e+06,0)
462,Mercury,3.285e+23,(-28865.5,-40844,0),(0.0354816,-0.0261404,0),(-4.66801e+10,2.9032e+10,0)
462,Venus,4.867e+24,(-12330,32963.1,0),(-0.0108237,-0.00371574,0),(1.00805e+11,3.78265e+10,0)
462,Earth,5.972e+24,(-29879,-3201.45,0),(0.000594411,-0.0060088,0),(-1.71774e+10,1.47286e+11,0)
462,Mars,6.39e+23,(21857.5,-10281.7,0),(0.00109054,0.00233167,0),(-9.43224e+10,-2.06589e+11,0)
463,Sun,1.989e+30,(0.119152,0.132352,0),(1.76315e-08,3.09301e-08,0),(649934,7.14947e+06,0)
463,Mercury,3.285e+23,(-25641.9,-42848.4,0),(0.037311,-0.023199,0),(-4.88955e+10,2.53299e+10,0)
463,Venus,4.867e+24,(-13256.4,32615.6,0),(-0.0107225,-0.00402281,0),(9.96593e+10,4.06445e+10,0)
463,Earth,5.972e+24,(-29818.6,-3719.62,0),(0.000699516,-0.00599734,0),(-1.97537e+10,1.46964e+11,0)
463,Mars,6.39e+23,(21949.8,-10079.5,0),(0.00106894,0.0023413,0),(-9.24259e+10,-2.0746e+11,0)
464,Sun,1.989e+30,(0.120603,0.135041,0),(1.67952e-08,3.1126e-08,0),(660354,7.16114e+06,0)
464,Mercury,3.285e+23,(-22282.8,-44588,0),(0.0388781,-0.0201345,0),(-5.08208e+10,2.14775e+10,0)
464,Venus,4.867e+24,(-14173.3,32241.7,0),(-0.0106123,-0.00432733,0),(9.84347e+10,4.34302e+10,0)
464,Earth,5.972e+24,(-29749.1,-4236.64,0),(0.000804394,-0.00598401,0),(-2.23241e+10,1.46598e+11,0)
464,Mars,6.39e+23,(22040.3,-9876.35,0),(0.00104725,0.00235073,0),(-9.05216e+10,-2.08313e+11,0)
465,Sun,1.989e+30,(0.121984,0.137745,0),(1.59827e-08,3.12935e-08,0),(670893,7.17304e+06,0)
465,Mercury,3.285e+23,(-18811.6,-46054.5,0),(0.0401758,-0.0169729,0),(-5.24461e+10,1.74984e+10,0)
465,Venus,4.867e+24,(-15079.9,31841.7,0),(-0.0104934,-0.00462901,0),(9.71318e+10,4.61813e+10,0)
465,Earth,5.972e+24,(-29670.5,-4752.34,0),(0.000909013,-0.00596882,0),(-2.48876e+10,1.46188e+11,0)
465,Mars,6.39e+23,(22128.9,-9672.45,0),(0.00102548,0.00235995,0),(-8.86097e+10,-2.09149e+11,0)
466,Sun,1.989e+30,(0.123296,0.140461,0),(1.51947e-08,3.14362e-08,0),(681546,7.18517e+06,0)
466,Mercury,3.285e+23,(-15251.9,-47241.6,0),(0.0412003,-0.0137404,0),(-5.37639e+10,1.34167e+10,0)
466,Venus,4.867e+24,(-15975.5,31416,0),(-0.0103656,-0.00492759,0),(9.57516e+10,4.88957e+10,0)
466,Earth,5.972e+24,(-29583,-5266.58,0),(0.00101334,-0.00595177,0),(-2.74436e+10,1.45733e+11,0)
466,Mars,6.39e+23,(22215.6,-9467.77,0),(0.00100363,0.00236898,0),(-8.66903e+10,-2.09967e+11,0)
467,Sun,1.989e+30,(0.124543,0.143188,0),(1.44318e-08,3.15577e-08,0),(692307,7.19754e+06,0)
467,Mercury,3.285e+23,(-11627.4,-48145.6,0),(0.0419503,-0.0104629,0),(-5.47685e+10,9.25694e+09,0)
467,Venus,4.867e+24,(-16859.3,30964.7,0),(-0.0102292,-0.00522281,0),(9.42949e+10,5.1571e+10,0)
467,Earth,5.972e+24,(-29486.4,-5779.18,0),(0.00111733,-0.00593287,0),(-2.99912e+10,1.45233e+11,0)
467,Mars,6.39e+23,(22300.5,-9262.33,0),(0.000981712,0.00237781,0),(-8.47635e+10,-2.10767e+11,0)
468,Sun,1.989e+30,(0.125727,0.145923,0),(1.3694e-08,3.16615e-08,0),(703170,7.21015e+06,0)
468,Mercury,3.285e+23,(-7961.65,-48764.7,0),(0.0424275,-0.00716538,0),(-5.54564e+10,5.04366e+09,0)
468,Venus,4.867e+24,(-17730.6,30488.3,0),(-0.0100842,-0.00551441,0),(9.2763e+10,5.42052e+10,0)
468,Earth,5.972e+24,(-29380.9,-6289.98,0),(0.00122097,-0.00591212,0),(-3.25297e+10,1.4469e+11,0)
468,Mars,6.39e+23,(22383.4,-9056.14,0),(0.000959715,0.00238643,0),(-8.28296e+10,-2.1155e+11,0)
469,Sun,1.989e+30,(0.126848,0.148667,0),(1.29809e-08,3.1751e-08,0),(714129,7.223e+06,0)
469,Mercury,3.285e+23,(-4277.9,-49099.3,0),(0.042636,-0.00387205,0),(-5.5826e+10,8.01487e+08,0)
469,Venus,4.867e+24,(-18588.6,29987,0),(-0.00993061,-0.00580212,0),(9.11569e+10,5.67961e+10,0)
469,Earth,5.972e+24,(-29266.5,-6798.84,0),(0.00132421,-0.00588953,0),(-3.50583e+10,1.44103e+11,0)
469,Mars,6.39e+23,(22464.4,-8849.22,0),(0.000937646,0.00239484,0),(-8.08887e+10,-2.12314e+11,0)
470,Sun,1.989e+30,(0.12791,0.151417,0),(1.22919e-08,3.18295e-08,0),(725181,7.23608e+06,0)
470,Mercury,3.285e+23,(-598.822,-49151.6,0),(0.0425819,-0.000605803,0),(-5.58777e+10,-3.44521e+09,0)
470,Venus,4.867e+24,(-19432.6,29461.2,0),(-0.00976862,-0.00608567,0),(8.9478e+10,5.93415e+10,0)
470,Earth,5.972e+24,(-29143.2,-7305.58,0),(0.00142702,-0.00586511,0),(-3.75763e+10,1.43471e+11,0)
470,Mars,6.39e+23,(22543.5,-8641.6,0),(0.000915506,0.00240306,0),(-7.89409e+10,-2.13061e+11,0)
471,Sun,1.989e+30,(0.128915,0.154173,0),(1.16259e-08,3.18997e-08,0),(736319,7.2494e+06,0)
471,Mercury,3.285e+23,(3053.62,-48925.9,0),(0.0422737,0.0026119,0),(-5.56139e+10,-7.67241e+09,0)
471,Venus,4.867e+24,(-20261.9,28911.3,0),(-0.0095983,-0.00636482,0),(8.77273e+10,6.18395e+10,0)
471,Earth,5.972e+24,(-29011.1,-7810.06,0),(0.00152936,-0.00583886,0),(-4.00829e+10,1.42797e+11,0)
471,Mars,6.39e+23,(22620.7,-8433.28,0),(0.000893298,0.00241107,0),(-7.69865e+10,-2.1379e+11,0)
472,Sun,1.989e+30,(0.129863,0.156935,0),(1.09816e-08,3.19645e-08,0),(747539,7.26296e+06,0)
472,Mercury,3.285e+23,(6658.35,-48428.2,0),(0.0417213,0.0057612,0),(-5.50386e+10,-1.18566e+10,0)
472,Venus,4.867e+24,(-21075.7,28337.6,0),(-0.00941977,-0.0066393,0),(8.59064e+10,6.42878e+10,0)
472,Earth,5.972e+24,(-28870.2,-8312.12,0),(0.00163121,-0.00581081,0),(-4.25772e+10,1.42078e+11,0)
472,Mars,6.39e+23,(22695.9,-8224.29,0),(0.000871023,0.00241887,0),(-7.50256e+10,-2.145e+11,0)
473,Sun,1.989e+30,(0.130758,0.159702,0),(1.03576e-08,3.20262e-08,0),(758837,7.27676e+06,0)
473,Mercury,3.285e+23,(10195.2,-47665.8,0),(0.0409363,0.00882394,0),(-5.41577e+10,-1.59749e+10,0)
473,Venus,4.867e+24,(-21873.5,27740.7,0),(-0.00923315,-0.00690886,0),(8.40165e+10,6.66846e+10,0)
473,Earth,5.972e+24,(-28720.5,-8811.59,0),(0.00173253,-0.00578095,0),(-4.50587e+10,1.41317e+11,0)
473,Mars,6.39e+23,(22769.3,-8014.65,0),(0.000848683,0.00242647,0),(-7.30583e+10,-2.15193e+11,0)
474,Sun,1.989e+30,(0.131601,0.162474,0),(9.75209e-09,3.20869e-08,0),(770207,7.2908e+06,0)
474,Mercury,3.285e+23,(13645.3,-46647.7,0),(0.0399312,0.0117838,0),(-5.29788e+10,-2.00053e+10,0)
474,Venus,4.867e+24,(-22654.4,27120.9,0),(-0.00903856,-0.00717325,0),(8.20592e+10,6.90279e+10,0)
474,Earth,5.972e+24,(-28562.1,-9308.33,0),(0.00183329,-0.00574929,0),(-4.75265e+10,1.40513e+11,0)
474,Mars,6.39e+23,(22840.6,-7804.36,0),(0.00082628,0.00243386,0),(-7.10849e+10,-2.15867e+11,0)
475,Sun,1.989e+30,(0.132393,0.165252,0),(9.16339e-09,3.21484e-08,0),(781646,7.30507e+06,0)
475,Mercury,3.285e+23,(16990.7,-45384,0),(0.0387197,0.0146261,0),(-5.15108e+10,-2.39265e+10,0)
475,Venus,4.867e+24,(-23417.9,26478.8,0),(-0.00883616,-0.00743221,0),(8.00359e+10,7.13156e+10,0)
475,Earth,5.972e+24,(-28395,-9802.18,0),(0.00193345,-0.00571586,0),(-4.99798e+10,1.39666e+11,0)
475,Mars,6.39e+23,(22910.1,-7593.46,0),(0.000803816,0.00244104,0),(-6.91054e+10,-2.16523e+11,0)
476,Sun,1.989e+30,(0.133135,0.168035,0),(8.58956e-09,3.22123e-08,0),(793148,7.31959e+06,0)
476,Mercury,3.285e+23,(20214.8,-43886,0),(0.037316,0.0173381,0),(-4.97642e+10,-2.77182e+10,0)
476,Venus,4.867e+24,(-24163.2,25814.8,0),(-0.00862609,-0.0076855,0),(7.79482e+10,7.3546e+10,0)
476,Earth,5.972e+24,(-28219.4,-10293,0),(0.00203298,-0.00568065,0),(-5.24179e+10,1.38777e+11,0)
476,Mars,6.39e+23,(22977.6,-7381.95,0),(0.000781292,0.00244802,0),(-6.71202e+10,-2.17161e+11,0)
477,Sun,1.989e+30,(0.133828,0.170824,0),(8.02867e-09,3.22799e-08,0),(804711,7.33435e+06,0)
477,Mercury,3.285e+23,(23302.3,-42165.8,0),(0.0357347,0.0199089,0),(-4.77509e+10,-3.13613e+10,0)
477,Venus,4.867e+24,(-24889.7,25129.4,0),(-0.00840849,-0.00793289,0),(7.57977e+10,7.57172e+10,0)
477,Earth,5.972e+24,(-28035.2,-10780.6,0),(0.00213186,-0.00564369,0),(-5.48402e+10,1.37845e+11,0)
477,Mars,6.39e+23,(23043.2,-7169.85,0),(0.000758712,0.00245479,0),(-6.51292e+10,-2.1778e+11,0)
478,Sun,1.989e+30,(0.134475,0.173619,0),(7.47874e-09,3.23522e-08,0),(816330,7.34935e+06,0)
478,Mercury,3.285e+23,(26239.1,-40236.6,0),(0.0339907,0.0223289,0),(-4.54838e+10,-3.48378e+10,0)
478,Venus,4.867e+24,(-25596.7,24423.1,0),(-0.00818355,-0.00817412,0),(7.35862e+10,7.78274e+10,0)
478,Earth,5.972e+24,(-27842.5,-11264.9,0),(0.00223004,-0.00560498,0),(-5.72458e+10,1.36872e+11,0)
478,Mars,6.39e+23,(23106.8,-6957.19,0),(0.000736076,0.00246136,0),(-6.31328e+10,-2.18381e+11,0)
479,Sun,1.989e+30,(0.135074,0.176421,0),(6.93783e-09,3.24299e-08,0),(828000,7.36459e+06,0)
479,Mercury,3.285e+23,(29012.4,-38112,0),(0.032099,0.0245906,0),(-4.29772e+10,-3.81307e+10,0)
479,Venus,4.867e+24,(-26283.7,23696.6,0),(-0.00795142,-0.00840898,0),(7.13152e+10,7.98748e+10,0)
479,Earth,5.972e+24,(-27641.4,-11745.6,0),(0.0023275,-0.00556454,0),(-5.9634e+10,1.35857e+11,0)
479,Mars,6.39e+23,(23168.4,-6743.98,0),(0.000713386,0.00246771,0),(-6.11311e+10,-2.18964e+11,0)
480,Sun,1.989e+30,(0.135627,0.17923,0),(6.40403e-09,3.25135e-08,0),(839718,7.38008e+06,0)
480,Mercury,3.285e+23,(31610.8,-35806.2,0),(0.0300744,0.0266876,0),(-4.0246e+10,-4.12243e+10,0)
480,Venus,4.867e+24,(-26950.1,22950.3,0),(-0.00771229,-0.00863723,0),(6.89868e+10,8.18577e+10,0)
480,Earth,5.972e+24,(-27432,-12222.8,0),(0.00242421,-0.00552238,0),(-6.20041e+10,1.34801e+11,0)
480,Mars,6.39e+23,(23228.1,-6530.24,0),(0.000690645,0.00247386,0),(-5.91242e+10,-2.19528e+11,0)
481,Sun,1.989e+30,(0.136135,0.182047,0),(5.87549e-09,3.26034e-08,0),(851480,7.39581e+06,0)
481,Mercury,3.285e+23,(34024.1,-33333.9,0),(0.0279314,0.0286149,0),(-3.73063e+10,-4.41044e+10,0)
481,Venus,4.867e+24,(-27595.2,22184.9,0),(-0.00746636,-0.00885864,0),(6.66025e+10,8.37744e+10,0)
481,Earth,5.972e+24,(-27214.2,-12696.1,0),(0.00252013,-0.00547853,0),(-6.43554e+10,1.33704e+11,0)
481,Mars,6.39e+23,(23285.8,-6315.99,0),(0.000667854,0.0024798,0),(-5.71123e+10,-2.20074e+11,0)
482,Sun,1.989e+30,(0.136597,0.184872,0),(5.35044e-09,3.26997e-08,0),(863282,7.41178e+06,0)
482,Mercury,3.285e+23,(36243.2,-30710,0),(0.0256843,0.0303689,0),(-3.41749e+10,-4.67577e+10,0)
482,Venus,4.867e+24,(-28218.4,21401,0),(-0.00721381,-0.00907301,0),(6.41645e+10,8.56235e+10,0)
482,Earth,5.972e+24,(-26988.3,-13165.5,0),(0.00261523,-0.00543298,0),(-6.66872e+10,1.32567e+11,0)
482,Mars,6.39e+23,(23341.5,-6101.24,0),(0.000645015,0.00248552,0),(-5.50956e+10,-2.20601e+11,0)
483,Sun,1.989e+30,(0.137014,0.187706,0),(4.82717e-09,3.28023e-08,0),(875121,7.428e+06,0)
483,Mercury,3.285e+23,(38260.4,-27949.8,0),(0.0233468,0.0319471,0),(-3.08692e+10,-4.91726e+10,0)
483,Venus,4.867e+24,(-28819.3,20599.2,0),(-0.00695486,-0.00928012,0),(6.16745e+10,8.74033e+10,0)
483,Earth,5.972e+24,(-26754.2,-13630.9,0),(0.00270949,-0.00538577,0),(-6.89988e+10,1.31389e+11,0)
483,Mars,6.39e+23,(23395.2,-5886.01,0),(0.000622131,0.00249104,0),(-5.30742e+10,-2.2111e+11,0)
484,Sun,1.989e+30,(0.137386,0.19055,0),(4.30412e-09,3.2911e-08,0),(886991,7.44446e+06,0)
484,Mercury,3.285e+23,(40069,-25068.5,0),(0.0209323,0.0333479,0),(-2.74072e+10,-5.13385e+10,0)
484,Venus,4.867e+24,(-29397.3,19780.2,0),(-0.00668971,-0.00947976,0),(5.91345e+10,8.91123e+10,0)
484,Earth,5.972e+24,(-26512,-14092,0),(0.00280287,-0.0053369,0),(-7.12894e+10,1.30171e+11,0)
484,Mars,6.39e+23,(23447,-5670.33,0),(0.000599202,0.00249635,0),(-5.10484e+10,-2.216e+11,0)
485,Sun,1.989e+30,(0.137713,0.193403,0),(3.7798e-09,3.30255e-08,0),(898889,7.46117e+06,0)
485,Mercury,3.285e+23,(41663.3,-22081.6,0),(0.0184535,0.0345706,0),(-2.38075e+10,-5.32463e+10,0)
485,Venus,4.867e+24,(-29951.9,18944.5,0),(-0.00641859,-0.00967173,0),(5.65467e+10,9.07491e+10,0)
485,Earth,5.972e+24,(-26261.8,-14548.7,0),(0.00289535,-0.00528639,0),(-7.35584e+10,1.28914e+11,0)
485,Mars,6.39e+23,(23496.8,-5454.2,0),(0.000576231,0.00250145,0),(-4.90183e+10,-2.22071e+11,0)
486,Sun,1.989e+30,(0.137994,0.196267,0),(3.25284e-09,3.31454e-08,0),(910812,7.47813e+06,0)
486,Mercury,3.285e+23,(43039.1,-19004.4,0),(0.0159226,0.0356152,0),(-2.0089e+10,-5.48883e+10,0)
486,Venus,4.867e+24,(-30482.5,18093,0),(-0.00614171,-0.00985584,0),(5.3913e+10,9.23123e+10,0)
486,Earth,5.972e+24,(-26003.8,-15001,0),(0.00298689,-0.00523427,0),(-7.58051e+10,1.27618e+11,0)
486,Mars,6.39e+23,(23544.6,-5237.65,0),(0.000553221,0.00250634,0),(-4.6984e+10,-2.22523e+11,0)
487,Sun,1.989e+30,(0.138229,0.199142,0),(2.72198e-09,3.32702e-08,0),(922755,7.49534e+06,0)
487,Mercury,3.285e+23,(44192.6,-15852.4,0),(0.0133512,0.0364824,0),(-1.62707e+10,-5.6258e+10,0)
487,Venus,4.867e+24,(-30988.8,17226.2,0),(-0.00585932,-0.0100319,0),(5.12356e+10,9.38007e+10,0)
487,Earth,5.972e+24,(-25737.9,-15448.6,0),(0.00307747,-0.00518054,0),(-7.80289e+10,1.26284e+11,0)
487,Mars,6.39e+23,(23590.4,-5020.7,0),(0.000530172,0.00251101,0),(-4.49458e+10,-2.22957e+11,0)
488,Sun,1.989e+30,(0.138418,0.202027,0),(2.18608e-09,3.33993e-08,0),(934714,7.51279e+06,0)
488,Mercury,3.285e+23,(45121.4,-12640.6,0),(0.0107504,0.0371735,0),(-1.23722e+10,-5.73501e+10,0)
488,Venus,4.867e+24,(-31470.2,16345,0),(-0.00557166,-0.0101998,0),(4.85166e+10,9.52129e+10,0)
488,Earth,5.972e+24,(-25464.2,-15891.4,0),(0.00316705,-0.00512523,0),(-8.0229e+10,1.2491e+11,0)
488,Mars,6.39e+23,(23634.2,-4803.36,0),(0.000507086,0.00251548,0),(-4.29038e+10,-2.23372e+11,0)
489,Sun,1.989e+30,(0.13856,0.204924,0),(1.64408e-09,3.3532e-08,0),(946686,7.5305e+06,0)
489,Mercury,3.285e+23,(45823.9,-9384.14,0),(0.0081305,0.0376902,0),(-8.41304e+09,-5.81609e+10,0)
489,Venus,4.867e+24,(-31926.3,15449.9,0),(-0.00527897,-0.0103592,0),(4.57581e+10,9.65477e+10,0)
489,Earth,5.972e+24,(-25183,-16329.3,0),(0.00325561,-0.00506836,0),(-8.24048e+10,1.235e+11,0)
489,Mars,6.39e+23,(23676,-4585.66,0),(0.000483967,0.00251973,0),(-4.08582e+10,-2.23768e+11,0)
490,Sun,1.989e+30,(0.138655,0.207833,0),(1.09505e-09,3.36677e-08,0),(958665,7.54845e+06,0)
490,Mercury,3.285e+23,(46299.3,-6097.97,0),(0.00550162,0.0380344,0),(-4.41278e+09,-5.86878e+10,0)
490,Venus,4.867e+24,(-32356.7,14541.9,0),(-0.0049815,-0.0105101,0),(4.29625e+10,9.78042e+10,0)
490,Earth,5.972e+24,(-24894.1,-16762.1,0),(0.00334313,-0.00500994,0),(-8.45557e+10,1.22051e+11,0)
490,Mars,6.39e+23,(23715.8,-4367.61,0),(0.000460814,0.00252378,0),(-3.88091e+10,-2.24146e+11,0)
491,Sun,1.989e+30,(0.138701,0.210754,0),(5.38144e-10,3.38057e-08,0),(970649,7.56666e+06,0)
491,Mercury,3.285e+23,(46547.5,-2796.75,0),(0.00287318,0.0382086,0),(-3.91077e+08,-5.89294e+10,0)
491,Venus,4.867e+24,(-32761,13621.5,0),(-0.00467952,-0.0106523,0),(4.0132e+10,9.89811e+10,0)
491,Earth,5.972e+24,(-24597.8,-17189.8,0),(0.00342957,-0.00495001,0),(-8.66809e+10,1.20566e+11,0)
491,Mars,6.39e+23,(23753.7,-4149.22,0),(0.000437632,0.00252761,0),(-3.67568e+10,-2.24504e+11,0)
492,Sun,1.989e+30,(0.138699,0.213687,0),(-2.74055e-11,3.39452e-08,0),(982633,7.58512e+06,0)
492,Mercury,3.285e+23,(46569.5,505.042,0),(0.000254205,0.0382152,0),(3.63252e+09,-5.88858e+10,0)
492,Venus,4.867e+24,(-33138.8,12689.6,0),(-0.00437329,-0.0107856,0),(3.72688e+10,1.00077e+11,0)
492,Earth,5.972e+24,(-24294.1,-17612.2,0),(0.0035149,-0.00488857,0),(-8.87799e+10,1.19045e+11,0)
492,Mars,6.39e+23,(23789.5,-3930.52,0),(0.00041442,0.00253123,0),(-3.47014e+10,-2.24844e+11,0)
493,Sun,1.989e+30,(0.138647,0.216632,0),(-6.02276e-10,3.40855e-08,0),(994612,7.60384e+06,0)
493,Mercury,3.285e+23,(46366.7,3793.18,0),(-0.00234672,0.0380571,0),(7.63861e+09,-5.8558e+10,0)
493,Venus,4.867e+24,(-33489.9,11747,0),(-0.00406309,-0.01091,0),(3.43753e+10,1.01092e+11,0)
493,Earth,5.972e+24,(-23983.1,-18029.1,0),(0.00359911,-0.00482564,0),(-9.08521e+10,1.17487e+11,0)
493,Mars,6.39e+23,(23823.3,-3711.53,0),(0.000391182,0.00253464,0),(-3.26431e+10,-2.25165e+11,0)
494,Sun,1.989e+30,(0.138544,0.219589,0),(-1.18708e-09,3.42259e-08,0),(1.00658e+06,7.62281e+06,0)
494,Mercury,3.285e+23,(45941.5,7053.67,0),(-0.00492134,0.0377371,0),(1.1608e+10,-5.79486e+10,0)
494,Venus,4.867e+24,(-33813.8,10794.4,0),(-0.00374917,-0.0110252,0),(3.14537e+10,1.02025e+11,0)
494,Earth,5.972e+24,(-23665,-18440.5,0),(0.00368216,-0.00476126,0),(-9.28967e+10,1.15894e+11,0)
494,Mars,6.39e+23,(23855.1,-3492.26,0),(0.000367919,0.00253783,0),(-3.0582e+10,-2.25466e+11,0)
495,Sun,1.989e+30,(0.13839,0.222558,0),(-1.78236e-09,3.43657e-08,0),(1.01854e+06,7.64204e+06,0)
495,Mercury,3.285e+23,(45296.8,10272.8,0),(-0.00746175,0.0372583,0),(1.55216e+10,-5.7061e+10,0)
495,Venus,4.867e+24,(-34110.3,9832.71,0),(-0.00343183,-0.0111311,0),(2.85066e+10,1.02875e+11,0)
495,Earth,5.972e+24,(-23339.8,-18846.2,0),(0.00376403,-0.00469545,0),(-9.49133e+10,1.14265e+11,0)
495,Mars,6.39e+23,(23884.8,-3272.73,0),(0.000344632,0.00254081,0),(-2.85184e+10,-2.25749e+11,0)
496,Sun,1.989e+30,(0.138184,0.225539,0),(-2.38861e-09,3.45042e-08,0),(1.03048e+06,7.66153e+06,0)
496,Mercury,3.285e+23,(44436.2,13437.1,0),(-0.00996026,0.0366236,0),(1.93609e+10,-5.59001e+10,0)
496,Venus,4.867e+24,(-34379.1,8862.63,0),(-0.00311136,-0.0112277,0),(2.55362e+10,1.0364e+11,0)
496,Earth,5.972e+24,(-23007.6,-19246.1,0),(0.0038447,-0.00462822,0),(-9.69011e+10,1.12602e+11,0)
496,Mars,6.39e+23,(23912.6,-3052.97,0),(0.000321325,0.00254359,0),(-2.64523e+10,-2.26013e+11,0)
497,Sun,1.989e+30,(0.137924,0.228532,0),(-3.00629e-09,3.46407e-08,0),(1.04239e+06,7.68127e+06,0)
497,Mercury,3.285e+23,(43364.1,16533.3,0),(-0.0124094,0.0358362,0),(2.31075e+10,-5.44716e+10,0)
497,Venus,4.867e+24,(-34620,7885.03,0),(-0.00278803,-0.0113149,0),(2.25451e+10,1.04322e+11,0)
497,Earth,5.972e+24,(-22668.6,-19640,0),(0.00392413,-0.00455959,0),(-9.88597e+10,1.10905e+11,0)
497,Mars,6.39e+23,(23938.3,-2832.98,0),(0.000297999,0.00254615,0),(-2.4384e+10,-2.26258e+11,0)
498,Sun,1.989e+30,(0.13761,0.231537,0),(-3.63582e-09,3.47744e-08,0),(1.05428e+06,7.70128e+06,0)
498,Mercury,3.285e+23,(42085.2,19548.6,0),(-0.0148019,0.0348993,0),(2.67437e+10,-5.27826e+10,0)
498,Venus,4.867e+24,(-34832.8,6900.71,0),(-0.00246214,-0.0113925,0),(1.95355e+10,1.04918e+11,0)
498,Earth,5.972e+24,(-22322.8,-20027.9,0),(0.00400231,-0.0044896,0),(-1.00788e+11,1.09175e+11,0)
498,Mars,6.39e+23,(23962.1,-2612.79,0),(0.000274655,0.00254849,0),(-2.23137e+10,-2.26483e+11,0)
499,Sun,1.989e+30,(0.13724,0.234553,0),(-4.27758e-09,3.49048e-08,0),(1.06614e+06,7.72155e+06,0)
499,Mercury,3.285e+23,(40605.1,22470.3,0),(-0.0171306,0.0338161,0),(3.0252e+10,-5.08412e+10,0)
499,Venus,4.867e+24,(-35017.1,5910.53,0),(-0.00213399,-0.0114605,0),(1.651e+10,1.05428e+11,0)
499,Earth,5.972e+24,(-21970.3,-20409.7,0),(0.00407922,-0.00441827,0),(-1.02687e+11,1.07412e+11,0)
499,Mars,6.39e+23,(23983.8,-2392.42,0),(0.000251297,0.00255063,0),(-2.02415e+10,-2.2669e+11,0)
500,Sun,1.989e+30,(0.136814,0.237579,0),(-4.93196e-09,3.50311e-08,0),(1.07796e+06,7.74207e+06,0)
500,Mercury,3.285e+23,(38929.9,25286.1,0),(-0.0193884,0.03259,0),(3.36155e+10,-4.86564e+10,0)
500,Venus,4.867e+24,(-35173,4915.31,0),(-0.00180387,-0.0115188,0),(1.34711e+10,1.05853e+11,0)
500,Earth,5.972e+24,(-21611.3,-20785.1,0),(0.00415482,-0.00434562,0),(-1.04554e+11,1.05616e+11,0)
500,Mars,6.39e+23,(24003.5,-2171.88,0),(0.000227924,0.00255255,0),(-1.81676e+10,-2.26878e+11,0)
501,Sun,1.989e+30,(0.13633,0.240617,0),(-5.59932e-09,3.51528e-08,0),(1.08974e+06,7.76286e+06,0)
501,Mercury,3.285e+23,(37066.4,27983.9,0),(-0.0215681,0.0312245,0),(3.68181e+10,-4.62386e+10,0)
501,Venus,4.867e+24,(-35300.2,3915.9,0),(-0.00147209,-0.0115673,0),(1.04212e+10,1.06191e+11,0)
501,Earth,5.972e+24,(-21246,-21154.2,0),(0.00422909,-0.00427167,0),(-1.0639e+11,1.03788e+11,0)
501,Mars,6.39e+23,(24021.1,-1951.19,0),(0.000204541,0.00255426,0),(-1.60922e+10,-2.27046e+11,0)
502,Sun,1.989e+30,(0.135788,0.243664,0),(-6.28003e-09,3.52691e-08,0),(1.10147e+06,7.78391e+06,0)
502,Mercury,3.285e+23,(35022,30552,0),(-0.0236627,0.0297231,0),(3.9844e+10,-4.35989e+10,0)
502,Venus,4.867e+24,(-35398.6,2913.14,0),(-0.00113895,-0.011606,0),(7.36273e+09,1.06443e+11,0)
502,Earth,5.972e+24,(-20874.3,-21516.8,0),(0.00430202,-0.00419645,0),(-1.08193e+11,1.01929e+11,0)
502,Mars,6.39e+23,(24036.8,-1730.37,0),(0.000181147,0.00255575,0),(-1.40154e+10,-2.27196e+11,0)
503,Sun,1.989e+30,(0.135185,0.246721,0),(-6.97446e-09,3.53796e-08,0),(1.11315e+06,7.80523e+06,0)
503,Mercury,3.285e+23,(32804.5,32978.9,0),(-0.0256649,0.0280894,0),(4.26783e+10,-4.07496e+10,0)
503,Venus,4.867e+24,(-35468.1,1907.89,0),(-0.000804754,-0.0116348,0),(4.29828e+09,1.06608e+11,0)
503,Earth,5.972e+24,(-20496.4,-21872.7,0),(0.00437359,-0.00411999,0),(-1.09964e+11,1.00039e+11,0)
503,Mars,6.39e+23,(24050.4,-1509.44,0),(0.000157746,0.00255704,0),(-1.19375e+10,-2.27326e+11,0)
504,Sun,1.989e+30,(0.134521,0.249786,0),(-7.68299e-09,3.54834e-08,0),(1.12478e+06,7.82681e+06,0)
504,Mercury,3.285e+23,(30422.7,35253.6,0),(-0.0275676,0.0263275,0),(4.53068e+10,-3.77037e+10,0)
504,Venus,4.867e+24,(-35508.7,901.007,0),(-0.000469807,-0.0116538,0),(1.23033e+09,1.06686e+11,0)
504,Earth,5.972e+24,(-20112.4,-22222,0),(0.00444376,-0.00404231,0),(-1.11702e+11,9.81193e+10,0)
504,Mars,6.39e+23,(24062,-1288.42,0),(0.000134339,0.00255811,0),(-9.8585e+09,-2.27437e+11,0)
505,Sun,1.989e+30,(0.133795,0.25286,0),(-8.40603e-09,3.55799e-08,0),(1.13634e+06,7.84866e+06,0)
505,Mercury,3.285e+23,(27885.7,37365.3,0),(-0.0293634,0.0244415,0),(4.77161e+10,-3.44753e+10,0)
505,Venus,4.867e+24,(-35520.3,-106.662,0),(-0.000134417,-0.0116628,0),(-1.83862e+09,1.06677e+11,0)
505,Earth,5.972e+24,(-19722.6,-22564.4,0),(0.00451252,-0.00396344,0),(-1.13406e+11,9.61697e+10,0)
505,Mars,6.39e+23,(24071.6,-1067.33,0),(0.000110929,0.00255897,0),(-7.77871e+09,-2.2753e+11,0)
506,Sun,1.989e+30,(0.133005,0.255942,0),(-9.14399e-09,3.56686e-08,0),(1.14783e+06,7.87077e+06,0)
506,Mercury,3.285e+23,(25203.4,39303.8,0),(-0.0310448,0.0224358,0),(4.98937e+10,-3.10795e+10,0)
506,Venus,4.867e+24,(-35502.9,-1114.26,0),(0.000201107,-0.011662,0),(-4.90608e+09,1.0658e+11,0)
506,Earth,5.972e+24,(-19326.9,-22900,0),(0.00457986,-0.00388341,0),(-1.15076e+11,9.41911e+10,0)
506,Mars,6.39e+23,(24079.2,-846.179,0),(8.75159e-05,0.00255961,0),(-5.69827e+09,-2.27603e+11,0)
507,Sun,1.989e+30,(0.13215,0.259031,0),(-9.89732e-09,3.57486e-08,0),(1.15925e+06,7.89315e+06,0)
507,Mercury,3.285e+23,(22386.4,41059,0),(-0.0326043,0.0203153,0),(5.18279e+10,-2.7532e+10,0)
507,Venus,4.867e+24,(-35456.6,-2120.92,0),(0.000536458,-0.0116512,0),(-7.96953e+09,1.06397e+11,0)
507,Earth,5.972e+24,(-18925.5,-23228.5,0),(0.00464574,-0.00380223,0),(-1.16711e+11,9.21842e+10,0)
507,Mars,6.39e+23,(24084.7,-624.991,0),(6.4103e-05,0.00256005,0),(-3.61735e+09,-2.27657e+11,0)
508,Sun,1.989e+30,(0.131228,0.262126,0),(-1.06665e-08,3.58192e-08,0),(1.17058e+06,7.9158e+06,0)
508,Mercury,3.285e+23,(19445.9,42621.6,0),(-0.0340341,0.0180851,0),(5.3508e+10,-2.38495e+10,0)
508,Venus,4.867e+24,(-35381.3,-3125.8,0),(0.000871326,-0.0116305,0),(-1.10265e+10,1.06127e+11,0)
508,Earth,5.972e+24,(-18518.5,-23549.9,0),(0.00471016,-0.00371995,0),(-1.18311e+11,9.01495e+10,0)
508,Mars,6.39e+23,(24088.2,-403.784,0),(4.06918e-05,0.00256027,0),(-1.53613e+09,-2.27692e+11,0)
509,Sun,1.989e+30,(0.130239,0.265226,0),(-1.14519e-08,3.58795e-08,0),(1.18184e+06,7.93872e+06,0)
509,Mercury,3.285e+23,(16393.7,43982.5,0),(-0.0353264,0.0157512,0),(5.49244e+10,-2.00494e+10,0)
509,Venus,4.867e+24,(-35277.2,-4128.03,0),(0.00120541,-0.0116,0),(-1.40744e+10,1.0577e+11,0)
509,Earth,5.972e+24,(-18106.1,-23864.1,0),(0.00477309,-0.00363658,0),(-1.19875e+11,8.80876e+10,0)
509,Mars,6.39e+23,(24089.7,-182.576,0),(1.72843e-05,0.00256028,0),(5.45225e+08,-2.27707e+11,0)
510,Sun,1.989e+30,(0.12918,0.26833,0),(-1.22542e-08,3.59288e-08,0),(1.193e+06,7.9619e+06,0)
510,Mercury,3.285e+23,(13242.4,45133.3,0),(-0.0364733,0.0133196,0),(5.60686e+10,-1.61499e+10,0)
510,Venus,4.867e+24,(-35144.2,-5126.78,0),(0.00153839,-0.0115595,0),(-1.71109e+10,1.05327e+11,0)
510,Earth,5.972e+24,(-17688.4,-24171,0),(0.00483451,-0.00355216,0),(-1.21403e+11,8.59993e+10,0)
510,Mars,6.39e+23,(24089.2,38.6151,0),(-6.11761e-06,0.00256008,0),(2.62653e+09,-2.27704e+11,0)
511,Sun,1.989e+30,(0.12805,0.271437,0),(-1.30739e-08,3.5966e-08,0),(1.20406e+06,7.98535e+06,0)
511,Mercury,3.285e+23,(10005.3,46066.2,0),(-0.0374668,0.0107974,0),(5.6933e+10,-1.21697e+10,0)
511,Venus,4.867e+24,(-34982.7,-6121.18,0),(0.00186997,-0.0115093,0),(-2.01334e+10,1.04799e+11,0)
511,Earth,5.972e+24,(-17265.5,-24470.5,0),(0.00489442,-0.00346671,0),(-1.22895e+11,8.3885e+10,0)
511,Mars,6.39e+23,(24086.6,259.77,0),(-2.95121e-05,0.00255966,0),(4.70762e+09,-2.27682e+11,0)
512,Sun,1.989e+30,(0.126849,0.274547,0),(-1.39114e-08,3.59901e-08,0),(1.21502e+06,8.00907e+06,0)
512,Mercury,3.285e+23,(6696.22,46774,0),(-0.0382989,0.00819216,0),(5.75116e+10,-8.12846e+09,0)
512,Venus,4.867e+24,(-34792.6,-7110.4,0),(0.00219985,-0.0114493,0),(-2.31395e+10,1.04184e+11,0)
512,Earth,5.972e+24,(-16837.6,-24762.6,0),(0.00495278,-0.00338026,0),(-1.2435e+11,8.17455e+10,0)
512,Mars,6.39e+23,(24082.1,480.871,0),(-5.28974e-05,0.00255904,0),(6.78831e+09,-2.2764e+11,0)
513,Sun,1.989e+30,(0.125573,0.277657,0),(-1.47672e-08,3.6e-08,0),(1.22587e+06,8.03306e+06,0)
513,Mercury,3.285e+23,(3329.93,47250.2,0),(-0.0389617,0.00551225,0),(5.77993e+10,-4.04604e+09,0)
513,Venus,4.867e+24,(-34574.2,-8093.6,0),(0.00252772,-0.0113796,0),(-2.61267e+10,1.03485e+11,0)
513,Earth,5.972e+24,(-16404.8,-25047.1,0),(0.00500959,-0.00329284,0),(-1.25767e+11,7.95815e+10,0)
513,Mars,6.39e+23,(24075.5,701.899,0),(-7.62715e-05,0.0025582,0),(8.86843e+09,-2.27579e+11,0)
514,Sun,1.989e+30,(0.124221,0.280767,0),(-1.56421e-08,3.59944e-08,0),(1.2366e+06,8.05732e+06,0)
514,Mercury,3.285e+23,(-78.312,47489.3,0),(-0.0394473,0.00276693,0),(5.77925e+10,5.70356e+07,0)
514,Venus,4.867e+24,(-34327.7,-9069.95,0),(0.00285329,-0.0113003,0),(-2.90926e+10,1.02701e+11,0)
514,Earth,5.972e+24,(-15967.2,-25323.9,0),(0.00506483,-0.00320448,0),(-1.27147e+11,7.73935e+10,0)
514,Mars,6.39e+23,(24066.9,922.837,0),(-9.96325e-05,0.00255715,0),(1.09478e+10,-2.275e+11,0)
515,Sun,1.989e+30,(0.122792,0.283875,0),(-1.65363e-08,3.59719e-08,0),(1.24721e+06,8.08185e+06,0)
515,Mercury,3.285e+23,(-3512.54,47486.4,0),(-0.039748,-3.36698e-05,0),(5.7489e+10,4.15986e+09,0)
515,Venus,4.867e+24,(-34053.3,-10038.6,0),(0.00317626,-0.0112115,0),(-3.20348e+10,1.01834e+11,0)
515,Earth,5.972e+24,(-15524.9,-25593.1,0),(0.00511849,-0.00311521,0),(-1.28488e+11,7.51822e+10,0)
515,Mars,6.39e+23,(24056.3,1143.67,0),(-0.000122979,0.00255589,0),(1.30263e+10,-2.27401e+11,0)
516,Sun,1.989e+30,(0.121285,0.28698,0),(-1.74504e-08,3.5931e-08,0),(1.25769e+06,8.10664e+06,0)
516,Mercury,3.285e+23,(-6956.16,47237.7,0),(-0.0398566,-0.00287844,0),(5.6888e+10,8.2412e+09,0)
516,Venus,4.867e+24,(-33751.2,-10998.8,0),(0.00349634,-0.0111132,0),(-3.49509e+10,1.00884e+11,0)
516,Earth,5.972e+24,(-15078.2,-25854.4,0),(0.00517054,-0.00302506,0),(-1.29791e+11,7.29484e+10,0)
516,Mars,6.39e+23,(24043.6,1364.37,0),(-0.000146308,0.00255442,0),(1.51036e+10,-2.27283e+11,0)
517,Sun,1.989e+30,(0.119696,0.290079,0),(-1.83847e-08,3.587e-08,0),(1.26803e+06,8.13171e+06,0)
517,Mercury,3.285e+23,(-10392,46740.4,0),(-0.0397662,-0.00575525,0),(5.59902e+10,1.22796e+10,0)
517,Venus,4.867e+24,(-33421.7,-11949.7,0),(0.00381324,-0.0110055,0),(-3.78385e+10,9.98512e+10,0)
517,Earth,5.972e+24,(-14627.1,-26107.9,0),(0.00522098,-0.00293405,0),(-1.31055e+11,7.06927e+10,0)
517,Mars,6.39e+23,(24029,1584.93,0),(-0.000169619,0.00255274,0),(1.71797e+10,-2.27146e+11,0)
518,Sun,1.989e+30,(0.118025,0.293171,0),(-1.93396e-08,3.57871e-08,0),(1.27823e+06,8.15704e+06,0)
518,Mercury,3.285e+23,(-13802.2,45993,0),(-0.0394704,-0.00865095,0),(5.47976e+10,1.62534e+10,0)
518,Venus,4.867e+24,(-33065.2,-12890.5,0),(0.00412667,-0.0108886,0),(-4.06954e+10,9.87375e+10,0)
518,Earth,5.972e+24,(-14171.8,-26353.5,0),(0.00526979,-0.00284222,0),(-1.32279e+11,6.84157e+10,0)
518,Mars,6.39e+23,(24012.3,1805.32,0),(-0.000192909,0.00255085,0),(1.92544e+10,-2.2699e+11,0)
519,Sun,1.989e+30,(0.11627,0.296254,0),(-2.03152e-08,3.56804e-08,0),(1.28828e+06,8.18263e+06,0)
519,Mercury,3.285e+23,(-17168.6,44995,0),(-0.0389636,-0.0115513,0),(5.33143e+10,2.01409e+10,0)
519,Venus,4.867e+24,(-32681.9,-13820.3,0),(0.00443636,-0.0107626,0),(-4.35191e+10,9.75434e+10,0)
519,Earth,5.972e+24,(-13712.4,-26591.1,0),(0.00531697,-0.00274959,0),(-1.33464e+11,6.61183e+10,0)
519,Mars,6.39e+23,(23993.6,2025.53,0),(-0.000216177,0.00254875,0),(2.13275e+10,-2.26815e+11,0)
520,Sun,1.989e+30,(0.114429,0.299325,0),(-2.13117e-08,3.55477e-08,0),(1.29816e+06,8.20849e+06,0)
520,Mercury,3.285e+23,(-20472.7,43747.3,0),(-0.038241,-0.0144411,0),(5.15454e+10,2.39207e+10,0)
520,Venus,4.867e+24,(-32272.2,-14738.6,0),(0.00474203,-0.0106277,0),(-4.63074e+10,9.627e+10,0)
520,Earth,5.972e+24,(-13249.1,-26820.6,0),(0.00536249,-0.00265621,0),(-1.34609e+11,6.3801e+10,0)
520,Mars,6.39e+23,(23972.9,2245.54,0),(-0.00023942,0.00254644,0),(2.33987e+10,-2.26621e+11,0)
521,Sun,1.989e+30,(0.1125,0.302382,0),(-2.2329e-08,3.53868e-08,0),(1.30788e+06,8.23462e+06,0)
521,Mercury,3.285e+23,(-23695.3,42252.2,0),(-0.037299,-0.0173038,0),(4.94982e+10,2.75713e+10,0)
521,Venus,4.867e+24,(-31836.4,-15644.4,0),(0.00504341,-0.0104838,0),(-4.90581e+10,9.49183e+10,0)
521,Earth,5.972e+24,(-12782,-27041.9,0),(0.00540635,-0.00256208,0),(-1.35713e+11,6.14646e+10,0)
521,Mars,6.39e+23,(23950.2,2465.34,0),(-0.000262638,0.00254391,0),(2.5468e+10,-2.26408e+11,0)
522,Sun,1.989e+30,(0.110481,0.305423,0),(-2.33667e-08,3.51952e-08,0),(1.31743e+06,8.26101e+06,0)
522,Mercury,3.285e+23,(-26817.4,40513.6,0),(-0.0361351,-0.0201224,0),(4.71811e+10,3.10717e+10,0)
522,Venus,4.867e+24,(-31375,-16537,0),(0.00534023,-0.0103313,0),(-5.17689e+10,9.34895e+10,0)
522,Earth,5.972e+24,(-12311.2,-27255.1,0),(0.00544853,-0.00246726,0),(-1.36777e+11,5.91097e+10,0)
522,Mars,6.39e+23,(23925.5,2684.9,0),(-0.000285827,0.00254118,0),(2.75352e+10,-2.26176e+11,0)
523,Sun,1.989e+30,(0.10837,0.308445,0),(-2.44245e-08,3.49704e-08,0),(1.32679e+06,8.28766e+06,0)
523,Mercury,3.285e+23,(-29819.6,38536.9,0),(-0.0347483,-0.0228784,0),(4.46047e+10,3.44013e+10,0)
523,Venus,4.867e+24,(-30888.4,-17415.7,0),(0.00563223,-0.0101702,0),(-5.44376e+10,9.19848e+10,0)
523,Earth,5.972e+24,(-11837,-27460,0),(0.00548902,-0.00237177,0),(-1.37799e+11,5.67372e+10,0)
523,Mars,6.39e+23,(23898.8,2904.2,0),(-0.000308987,0.00253825,0),(2.96e+10,-2.25925e+11,0)
524,Sun,1.989e+30,(0.106167,0.311444,0),(-2.55015e-08,3.47098e-08,0),(1.33596e+06,8.31457e+06,0)
524,Mercury,3.285e+23,(-32682.9,36329.2,0),(-0.033139,-0.0255529,0),(4.17809e+10,3.75401e+10,0)
524,Venus,4.867e+24,(-30377,-18279.8,0),(0.00591917,-0.0100007,0),(-5.70622e+10,9.04054e+10,0)
524,Earth,5.972e+24,(-11359.4,-27656.6,0),(0.00552783,-0.00227563,0),(-1.38781e+11,5.43476e+10,0)
524,Mars,6.39e+23,(23870.1,3123.23,0),(-0.000332116,0.0025351,0),(3.16624e+10,-2.25655e+11,0)
525,Sun,1.989e+30,(0.103869,0.314417,0),(-2.65967e-08,3.44107e-08,0),(1.34494e+06,8.34173e+06,0)
525,Mercury,3.285e+23,(-35388,33899.1,0),(-0.0313096,-0.0281263,0),(3.87234e+10,4.0469e+10,0)
525,Venus,4.867e+24,(-29841.2,-19128.5,0),(0.00620079,-0.00982307,0),(-5.96405e+10,8.87527e+10,0)
525,Earth,5.972e+24,(-10878.6,-27844.9,0),(0.00556492,-0.00217888,0),(-1.39721e+11,5.19418e+10,0)
525,Mars,6.39e+23,(23839.5,3341.97,0),(-0.00035521,0.00253174,0),(3.37221e+10,-2.25367e+11,0)
526,Sun,1.989e+30,(0.101475,0.31736,0),(-2.77088e-08,3.40702e-08,0),(1.35371e+06,8.36915e+06,0)
526,Mercury,3.285e+23,(-37916.4,31257.1,0),(-0.0292644,-0.0305783,0),(3.54474e+10,4.31696e+10,0)
526,Venus,4.867e+24,(-29281.6,-19961.2,0),(0.00647686,-0.00963737,0),(-6.21704e+10,8.70281e+10,0)
526,Earth,5.972e+24,(-10394.7,-28024.7,0),(0.00560031,-0.00208155,0),(-1.40619e+11,4.95205e+10,0)
526,Mars,6.39e+23,(23806.8,3560.41,0),(-0.00037827,0.00252818,0),(3.57791e+10,-2.25059e+11,0)
527,Sun,1.989e+30,(0.0989836,0.320271,0),(-2.88362e-08,3.36855e-08,0),(1.36226e+06,8.39682e+06,0)
527,Mercury,3.285e+23,(-40250.1,28415.5,0),(-0.0270097,-0.0328886,0),(3.19698e+10,4.56247e+10,0)
527,Venus,4.867e+24,(-28698.7,-20777.1,0),(0.00674714,-0.00944383,0),(-6.465e+10,8.52329e+10,0)
527,Earth,5.972e+24,(-9907.94,-28196.1,0),(0.00563397,-0.00198368,0),(-1.41475e+11,4.70843e+10,0)
527,Mars,6.39e+23,(23772.1,3778.52,0),(-0.000401293,0.00252441,0),(3.7833e+10,-2.24733e+11,0)
528,Sun,1.989e+30,(0.0963936,0.323144,0),(-2.99769e-08,3.32538e-08,0),(1.37059e+06,8.42474e+06,0)
528,Mercury,3.285e+23,(-42371.6,25388.3,0),(-0.0245542,-0.0350367,0),(2.83089e+10,4.78182e+10,0)
528,Venus,4.867e+24,(-28092.9,-21575.7,0),(0.00701139,-0.00924263,0),(-6.70772e+10,8.33688e+10,0)
528,Earth,5.972e+24,(-9418.4,-28359,0),(0.0056659,-0.00188529,0),(-1.42289e+11,4.46341e+10,0)
528,Mars,6.39e+23,(23735.4,3996.28,0),(-0.000424276,0.00252043,0),(3.98837e+10,-2.24387e+11,0)
529,Sun,1.989e+30,(0.0937041,0.325975,0),(-3.11285e-08,3.27724e-08,0),(1.37868e+06,8.45291e+06,0)
529,Mercury,3.285e+23,(-44264.5,22191.3,0),(-0.0219088,-0.0370026,0),(2.44845e+10,4.97356e+10,0)
529,Venus,4.867e+24,(-27464.8,-22356.2,0),(0.00726941,-0.00903399,0),(-6.94501e+10,8.14372e+10,0)
529,Earth,5.972e+24,(-8926.26,-28513.4,0),(0.0056961,-0.00178641,0),(-1.4306e+11,4.21706e+10,0)
529,Mars,6.39e+23,(23696.8,4213.69,0),(-0.000447219,0.00251624,0),(4.19311e+10,-2.24023e+11,0)
530,Sun,1.989e+30,(0.0909144,0.328761,0),(-3.22882e-08,3.22386e-08,0),(1.38654e+06,8.48131e+06,0)
530,Mercury,3.285e+23,(-45913.6,18841.9,0),(-0.0190867,-0.0387666,0),(2.05175e+10,5.13635e+10,0)
530,Venus,4.867e+24,(-26815,-23118.1,0),(0.00752098,-0.0088181,0),(-7.1767e+10,7.94398e+10,0)
530,Earth,5.972e+24,(-8431.66,-28659.1,0),(0.00572455,-0.00168707,0),(-1.43788e+11,3.96944e+10,0)
530,Mars,6.39e+23,(23656.2,4430.71,0),(-0.00047012,0.00251185,0),(4.3975e+10,-2.2364e+11,0)
531,Sun,1.989e+30,(0.0880241,0.331495,0),(-3.3453e-08,3.165e-08,0),(1.39414e+06,8.50995e+06,0)
531,Mercury,3.285e+23,(-47305,15359.1,0),(-0.0161038,-0.0403101,0),(1.64304e+10,5.26905e+10,0)
531,Venus,4.867e+24,(-26144,-23860.7,0),(0.0077659,-0.00859518,0),(-7.40258e+10,7.73783e+10,0)
531,Earth,5.972e+24,(-7934.75,-28796.3,0),(0.00575126,-0.00158731,0),(-1.44474e+11,3.72064e+10,0)
531,Mars,6.39e+23,(23613.6,4647.34,0),(-0.000492976,0.00250726,0),(4.60152e+10,-2.23239e+11,0)
532,Sun,1.989e+30,(0.0850329,0.334174,0),(-3.46194e-08,3.10043e-08,0),(1.40149e+06,8.53883e+06,0)
532,Mercury,3.285e+23,(-48426.2,11763.5,0),(-0.012978,-0.0416156,0),(1.22463e+10,5.37069e+10,0)
532,Venus,4.867e+24,(-25452.5,-24583.5,0),(0.00800397,-0.00836545,0),(-7.62249e+10,7.52542e+10,0)
532,Earth,5.972e+24,(-7435.68,-28924.8,0),(0.00577622,-0.00148716,0),(-1.45116e+11,3.47073e+10,0)
532,Mars,6.39e+23,(23569,4863.55,0),(-0.000515786,0.00250245,0),(4.80516e+10,-2.22819e+11,0)
533,Sun,1.989e+30,(0.0819412,0.336792,0),(-3.57836e-08,3.02996e-08,0),(1.40857e+06,8.56792e+06,0)
533,Mercury,3.285e+23,(-49266.9,8077.05,0),(-0.00972957,-0.0426673,0),(7.98969e+09,5.44048e+10,0)
533,Venus,4.867e+24,(-24741,-25285.8,0),(0.00823499,-0.00812914,0),(-7.83625e+10,7.30695e+10,0)
533,Earth,5.972e+24,(-6934.61,-29044.6,0),(0.00579941,-0.00138665,0),(-1.45715e+11,3.21979e+10,0)
533,Mars,6.39e+23,(23522.5,5079.33,0),(-0.000538549,0.00249745,0),(5.00839e+10,-2.2238e+11,0)
534,Sun,1.989e+30,(0.0787495,0.339344,0),(-3.69413e-08,2.95342e-08,0),(1.41537e+06,8.59724e+06,0)
534,Mercury,3.285e+23,(-49818.2,4322.85,0),(-0.00638106,-0.0434514,0),(3.6854e+09,5.47783e+10,0)
534,Venus,4.867e+24,(-24010.1,-25967.2,0),(0.0084588,-0.00788647,0),(-8.0437e+10,7.0826e+10,0)
534,Earth,5.972e+24,(-6431.69,-29155.7,0),(0.00582085,-0.00128581,0),(-1.46271e+11,2.96788e+10,0)
534,Mars,6.39e+23,(23474,5294.66,0),(-0.000561261,0.00249224,0),(5.21121e+10,-2.21922e+11,0)
535,Sun,1.989e+30,(0.0754587,0.341824,0),(-3.80882e-08,2.87068e-08,0),(1.42189e+06,8.62678e+06,0)
535,Mercury,3.285e+23,(-50073.7,525.034,0),(-0.00295669,-0.0439562,0),(-6.40969e+08,5.48236e+10,0)
535,Venus,4.867e+24,(-23260.6,-26627.1,0),(0.00867521,-0.00763767,0),(-8.24467e+10,6.85254e+10,0)
535,Earth,5.972e+24,(-5927.07,-29258,0),(0.00584052,-0.00118466,0),(-1.46783e+11,2.71509e+10,0)
535,Mars,6.39e+23,(23423.6,5509.52,0),(-0.000583922,0.00248682,0),(5.41359e+10,-2.21446e+11,0)
536,Sun,1.989e+30,(0.0720701,0.344227,0),(-3.92195e-08,2.78167e-08,0),(1.42812e+06,8.65652e+06,0)
536,Mercury,3.285e+23,(-50028.9,-3291.47,0),(0.000517605,-0.0441725,0),(-4.96347e+09,5.45392e+10,0)
536,Venus,4.867e+24,(-22493,-27265,0),(0.00888406,-0.00738299,0),(-8.43901e+10,6.61697e+10,0)
536,Earth,5.972e+24,(-5420.91,-29351.6,0),(0.00585842,-0.00108325,0),(-1.47252e+11,2.4615e+10,0)
536,Mars,6.39e+23,(23371.2,5723.9,0),(-0.00060653,0.0024812,0),(5.61551e+10,-2.20952e+11,0)
537,Sun,1.989e+30,(0.0685856,0.346548,0),(-4.03305e-08,2.68635e-08,0),(1.43405e+06,8.68646e+06,0)
537,Mercury,3.285e+23,(-49682.1,-7101.22,0),(0.00401463,-0.0440943,0),(-9.256e+09,5.39257e+10,0)
537,Venus,4.867e+24,(-21708.1,-27880.4,0),(0.0090852,-0.00712267,0),(-8.62657e+10,6.37608e+10,0)
537,Earth,5.972e+24,(-4913.34,-29436.4,0),(0.00587455,-0.000981609,0),(-1.47676e+11,2.20716e+10,0)
537,Mars,6.39e+23,(23316.8,5937.77,0),(-0.000629083,0.00247538,0),(5.81697e+10,-2.20439e+11,0)
538,Sun,1.989e+30,(0.0650072,0.348782,0),(-4.1416e-08,2.58473e-08,0),(1.43966e+06,8.7166e+06,0)
538,Mercury,3.285e+23,(-49033.5,-10878.5,0),(0.00750625,-0.0437182,0),(-1.34925e+10,5.29858e+10,0)
538,Venus,4.867e+24,(-20906.4,-28472.9,0),(0.00927848,-0.00685696,0),(-8.8072e+10,6.13008e+10,0)
538,Earth,5.972e+24,(-4404.54,-29512.4,0),(0.0058889,-0.000879759,0),(-1.48057e+11,1.95218e+10,0)
538,Mars,6.39e+23,(23260.5,6151.12,0),(-0.000651579,0.00246936,0),(6.01794e+10,-2.19907e+11,0)
539,Sun,1.989e+30,(0.0613377,0.350922,0),(-4.24709e-08,2.47688e-08,0),(1.44496e+06,8.74691e+06,0)
539,Mercury,3.285e+23,(-48086.3,-14597.5,0),(0.0109638,-0.0430442,0),(-1.76472e+10,5.17246e+10,0)
539,Venus,4.867e+24,(-20088.7,-29041.9,0),(0.00946376,-0.0065861,0),(-8.98077e+10,5.87916e+10,0)
539,Earth,5.972e+24,(-3894.65,-29579.6,0),(0.00590149,-0.000777734,0),(-1.48393e+11,1.69661e+10,0)
539,Mars,6.39e+23,(23202.3,6363.94,0),(-0.000674017,0.00246314,0),(6.21841e+10,-2.19357e+11,0)
540,Sun,1.989e+30,(0.0575802,0.352963,0),(-4.34904e-08,2.36294e-08,0),(1.44994e+06,8.77741e+06,0)
540,Mercury,3.285e+23,(-46845.7,-18232.8,0),(0.0143587,-0.0420755,0),(-2.16946e+10,5.01493e+10,0)
540,Venus,4.867e+24,(-19255.7,-29587.1,0),(0.0096409,-0.00631035,0),(-9.14714e+10,5.62352e+10,0)
540,Earth,5.972e+24,(-3383.83,-29638,0),(0.0059123,-0.000675567,0),(-1.48686e+11,1.44054e+10,0)
540,Mars,6.39e+23,(23142.1,6576.2,0),(-0.000696394,0.00245671,0),(6.41836e+10,-2.18789e+11,0)
541,Sun,1.989e+30,(0.053738,0.354901,0),(-4.44692e-08,2.24308e-08,0),(1.45458e+06,8.80807e+06,0)
541,Mercury,3.285e+23,(-45319.6,-21759.5,0),(0.0176624,-0.0408187,0),(-2.56102e+10,4.82692e+10,0)
541,Venus,4.867e+24,(-18408.2,-30108.1,0),(0.0098098,-0.00602996,0),(-9.30618e+10,5.36339e+10,0)
541,Earth,5.972e+24,(-2872.23,-29687.5,0),(0.00592133,-0.000573288,0),(-1.48934e+11,1.18404e+10,0)
541,Mars,6.39e+23,(23080,6787.88,0),(-0.000718709,0.00245008,0),(6.61777e+10,-2.18203e+11,0)
542,Sun,1.989e+30,(0.0498152,0.356731,0),(-4.54028e-08,2.11753e-08,0),(1.45888e+06,8.8389e+06,0)
542,Mercury,3.285e+23,(-43518.4,-25153.6,0),(0.0208475,-0.0392834,0),(-2.93702e+10,4.6096e+10,0)
542,Venus,4.867e+24,(-17546.7,-30604.5,0),(0.00997033,-0.0057452,0),(-9.45779e+10,5.09897e+10,0)
542,Earth,5.972e+24,(-2360,-29728.2,0),(0.00592859,-0.000470929,0),(-1.49138e+11,9.27184e+09,0)
542,Mars,6.39e+23,(23016,6998.98,0),(-0.000740961,0.00244326,0),(6.81663e+10,-2.17598e+11,0)
543,Sun,1.989e+30,(0.0458161,0.358447,0),(-4.62863e-08,1.98658e-08,0),(1.46284e+06,8.86987e+06,0)
543,Mercury,3.285e+23,(-41454.5,-28392.1,0),(0.0238878,-0.0374825,0),(-3.29519e+10,4.36429e+10,0)
543,Venus,4.867e+24,(-16672.2,-31075.9,0),(0.0101224,-0.00545633,0),(-9.60183e+10,4.83047e+10,0)
543,Earth,5.972e+24,(-1847.29,-29760.1,0),(0.00593408,-0.000368519,0),(-1.49297e+11,6.70057e+09,0)
543,Mars,6.39e+23,(22950,7209.47,0),(-0.000763147,0.00243623,0),(7.01492e+10,-2.16975e+11,0)
544,Sun,1.989e+30,(0.0417453,0.360046,0),(-4.71156e-08,1.85055e-08,0),(1.46645e+06,8.90097e+06,0)
544,Mercury,3.285e+23,(-39142.6,-31453.4,0),(0.0267587,-0.0354317,0),(-3.63338e+10,4.09253e+10,0)
544,Venus,4.867e+24,(-15785.2,-31522,0),(0.0102659,-0.0051636,0),(-9.73822e+10,4.55812e+10,0)
544,Earth,5.972e+24,(-1334.27,-29783.1,0),(0.0059378,-0.000266091,0),(-1.49413e+11,4.12732e+09,0)
544,Mars,6.39e+23,(22882.2,7419.34,0),(-0.000785266,0.00242901,0),(7.21262e+10,-2.16334e+11,0)
545,Sun,1.989e+30,(0.0376079,0.361523,0),(-4.78868e-08,1.70984e-08,0),(1.4697e+06,8.93221e+06,0)
545,Mercury,3.285e+23,(-36599.2,-34317.5,0),(0.0294376,-0.0331491,0),(-3.9496e+10,3.79603e+10,0)
545,Venus,4.867e+24,(-14886.6,-31942.6,0),(0.0104007,-0.00486728,0),(-9.86684e+10,4.28214e+10,0)
545,Earth,5.972e+24,(-821.075,-29797.2,0),(0.00593974,-0.000163674,0),(-1.49483e+11,1.55284e+09,0)
545,Mars,6.39e+23,(22812.4,7628.56,0),(-0.000807316,0.00242159,0),(7.40972e+10,-2.15675e+11,0)
546,Sun,1.989e+30,(0.0334092,0.362875,0),(-4.85963e-08,1.56484e-08,0),(1.47258e+06,8.96356e+06,0)
546,Mercury,3.285e+23,(-33842.6,-36966.1,0),(0.0319043,-0.0306556,0),(-4.242e+10,3.47664e+10,0)
546,Venus,4.867e+24,(-13977.1,-32337.2,0),(0.0105269,-0.00456764,0),(-9.9876e+10,4.00274e+10,0)
546,Earth,5.972e+24,(-307.866,-29802.5,0),(0.00593992,-6.13e-05,0),(-1.4951e+11,-1.02209e+09,0)
546,Mars,6.39e+23,(22740.8,7837.13,0),(-0.000829295,0.00241397,0),(7.6062e+10,-2.14998e+11,0)
547,Sun,1.989e+30,(0.0291547,0.364099,0),(-4.92411e-08,1.41601e-08,0),(1.4751e+06,8.99502e+06,0)
547,Mercury,3.285e+23,(-30892.8,-39383,0),(0.0341414,-0.0279734,0),(-4.50891e+10,3.13637e+10,0)
547,Venus,4.867e+24,(-13057.4,-32705.7,0),(0.0106442,-0.00426495,0),(-1.01004e+11,3.72016e+10,0)
547,Earth,5.972e+24,(205.206,-29798.9,0),(0.00593833,4.10015e-05,0),(-1.49492e+11,-3.59672e+09,0)
547,Mars,6.39e+23,(22667.3,8045.02,0),(-0.000851202,0.00240616,0),(7.80204e+10,-2.14303e+11,0)
548,Sun,1.989e+30,(0.0248504,0.365191,0),(-4.98185e-08,1.26381e-08,0),(1.47725e+06,9.02657e+06,0)
548,Mercury,3.285e+23,(-27770.8,-41554,0),(0.0361341,-0.0251267,0),(-4.74885e+10,2.77734e+10,0)
548,Venus,4.867e+24,(-12128.4,-33047.8,0),(0.0107526,-0.00395946,0),(-1.02052e+11,3.43463e+10,0)
548,Earth,5.972e+24,(717.989,-29786.6,0),(0.00593499,0.0001432,0),(-1.4943e+11,-6.17028e+09,0)
548,Mars,6.39e+23,(22591.8,8252.22,0),(-0.000873034,0.00239815,0),(7.99724e+10,-2.1359e+11,0)
549,Sun,1.989e+30,(0.0205022,0.366149,0),(-5.03266e-08,1.10875e-08,0),(1.47902e+06,9.05821e+06,0)
549,Mercury,3.285e+23,(-24498.8,-43466.9,0),(0.0378706,-0.0221407,0),(-4.96052e+10,2.40179e+10,0)
549,Venus,4.867e+24,(-11190.7,-33363.3,0),(0.0108522,-0.00365146,0),(-1.03019e+11,3.14637e+10,0)
549,Earth,5.972e+24,(1230.33,-29765.4,0),(0.00592989,0.000245265,0),(-1.49324e+11,-8.74201e+09,0)
549,Mars,6.39e+23,(22514.5,8458.71,0),(-0.000894791,0.00238994,0),(8.19176e+10,-2.12859e+11,0)
550,Sun,1.989e+30,(0.0161162,0.366971,0),(-5.07638e-08,9.51307e-09,0),(1.48041e+06,9.08991e+06,0)
550,Mercury,3.285e+23,(-21099.6,-45112.1,0),(0.0393422,-0.0190411,0),(-5.14282e+10,2.01202e+10,0)
550,Venus,4.867e+24,(-10245.3,-33652,0),(0.0109428,-0.00334119,0),(-1.03904e+11,2.85562e+10,0)
550,Earth,5.972e+24,(1742.08,-29735.4,0),(0.00592303,0.000347166,0),(-1.49173e+11,-1.13112e+10,0)
550,Mars,6.39e+23,(22435.3,8664.48,0),(-0.000916471,0.00238154,0),(8.3856e+10,-2.1211e+11,0)
551,Sun,1.989e+30,(0.0116987,0.367655,0),(-5.1129e-08,7.92002e-09,0),(1.48143e+06,9.12168e+06,0)
551,Mercury,3.285e+23,(-17596.7,-46481.9,0),(0.040543,-0.015854,0),(-5.29486e+10,1.61042e+10,0)
551,Venus,4.867e+24,(-9292.78,-33913.7,0),(0.0110244,-0.00302894,0),(-1.04707e+11,2.56261e+10,0)
551,Earth,5.972e+24,(2253.09,-29696.6,0),(0.00591443,0.000448875,0),(-1.48979e+11,-1.38769e+10,0)
551,Mars,6.39e+23,(22354.3,8869.5,0),(-0.000938071,0.00237295,0),(8.57874e+10,-2.11344e+11,0)
552,Sun,1.989e+30,(0.00725582,0.3682,0),(-5.14218e-08,6.31335e-09,0),(1.48205e+06,9.15349e+06,0)
552,Mercury,3.285e+23,(-14013.7,-47571,0),(0.0414702,-0.0126056,0),(-5.41594e+10,1.1994e+10,0)
552,Venus,4.867e+24,(-8334,-34148.3,0),(0.011097,-0.00271497,0),(-1.05427e+11,2.26756e+10,0)
552,Earth,5.972e+24,(2763.2,-29649.1,0),(0.00590409,0.00055036,0),(-1.4874e+11,-1.64386e+10,0)
552,Mars,6.39e+23,(22271.4,9073.76,0),(-0.000959591,0.00236416,0),(8.77117e+10,-2.1056e+11,0)
553,Sun,1.989e+30,(0.00279394,0.368606,0),(-5.16421e-08,4.69801e-09,0),(1.48229e+06,9.18534e+06,0)
553,Mercury,3.285e+23,(-10374.2,-48376.4,0),(0.0421236,-0.00932127,0),(-5.50557e+10,7.81432e+09,0)
553,Venus,4.867e+24,(-7369.73,-34355.6,0),(0.0111605,-0.00239954,0),(-1.06064e+11,1.97073e+10,0)
553,Earth,5.972e+24,(3272.27,-29592.8,0),(0.00589201,0.000651592,0),(-1.48457e+11,-1.89954e+10,0)
553,Mars,6.39e+23,(22186.6,9277.25,0),(-0.000981028,0.00235518,0),(8.96286e+10,-2.09759e+11,0)
554,Sun,1.989e+30,(-0.00168074,0.368872,0),(-5.17903e-08,3.07882e-09,0),(1.48215e+06,9.21721e+06,0)
554,Mercury,3.285e+23,(-6701.7,-48897,0),(0.0425059,-0.00602581,0),(-5.56347e+10,3.58962e+09,0)
554,Venus,4.867e+24,(-6400.75,-34535.5,0),(0.011215,-0.00208292,0),(-1.06617e+11,1.67235e+10,0)
554,Earth,5.972e+24,(3780.15,-29527.7,0),(0.00587821,0.000752543,0),(-1.48131e+11,-2.15466e+10,0)
554,Mars,6.39e+23,(22100,9479.95,0),(-0.00100238,0.00234601,0),(9.1538e+10,-2.08939e+11,0)
555,Sun,1.989e+30,(-0.00616207,0.368999,0),(-5.18672e-08,1.46042e-09,0),(1.48162e+06,9.24909e+06,0)
555,Mercury,3.285e+23,(-3019.18,-49134,0),(0.0426218,-0.00274286,0),(-5.58956e+10,-6.55559e+08,0)
555,Venus,4.867e+24,(-5427.84,-34688.1,0),(0.0112605,-0.00176537,0),(-1.07086e+11,1.37264e+10,0)
555,Earth,5.972e+24,(4286.68,-29454,0),(0.00586269,0.000853182,0),(-1.4776e+11,-2.40915e+10,0)
555,Mars,6.39e+23,(22011.6,9681.83,0),(-0.00102365,0.00233665,0),(9.34398e+10,-2.08103e+11,0)
556,Sun,1.989e+30,(-0.010644,0.368985,0),(-5.18741e-08,-1.5277e-10,0),(1.4807e+06,9.28097e+06,0)
556,Mercury,3.285e+23,(650.957,-49090.3,0),(0.0424785,0.000505236,0),(-5.58393e+10,-4.89696e+09,0)
556,Venus,4.867e+24,(-4451.79,-34813.1,0),(0.0112969,-0.00144716,0),(-1.0747e+11,1.07186e+10,0)
556,Earth,5.972e+24,(4791.73,-29371.6,0),(0.00584545,0.000953481,0),(-1.47346e+11,-2.66292e+10,0)
556,Mars,6.39e+23,(21921.3,9882.9,0),(-0.00104483,0.0023271,0),(9.53338e+10,-2.07249e+11,0)
557,Sun,1.989e+30,(-0.0151206,0.368834,0),(-5.18124e-08,-1.7566e-09,0),(1.47939e+06,9.31284e+06,0)
557,Mercury,3.285e+23,(4287.09,-48770.8,0),(0.0420849,0.00369766,0),(-5.54689e+10,-9.11076e+09,0)
557,Venus,4.867e+24,(-3473.37,-34910.6,0),(0.0113243,-0.00112853,0),(-1.07771e+11,7.70227e+09,0)
557,Earth,5.972e+24,(5295.14,-29280.6,0),(0.0058265,0.00105341,0),(-1.46889e+11,-2.9159e+10,0)
557,Mars,6.39e+23,(21829.2,10083.1,0),(-0.00106592,0.00231736,0),(9.72199e+10,-2.06378e+11,0)
558,Sun,1.989e+30,(-0.0195861,0.368544,0),(-5.1684e-08,-3.34717e-09,0),(1.4777e+06,9.34468e+06,0)
558,Mercury,3.285e+23,(7868.5,-48182,0),(0.0414515,0.00681523,0),(-5.47891e+10,-1.32737e+10,0)
558,Venus,4.867e+24,(-2493.37,-34980.6,0),(0.0113426,-0.000809761,0),(-1.07986e+11,4.67995e+09,0)
558,Earth,5.972e+24,(5796.77,-29181,0),(0.00580586,0.00115294,0),(-1.46388e+11,-3.16803e+10,0)
558,Mars,6.39e+23,(21735.3,10282.5,0),(-0.00108692,0.00230744,0),(9.90978e+10,-2.05489e+11,0)
559,Sun,1.989e+30,(-0.0240349,0.368119,0),(-5.1491e-08,-4.9209e-09,0),(1.47562e+06,9.37649e+06,0)
559,Mercury,3.285e+23,(11375.5,-47331.8,0),(0.0405903,0.00984049,0),(-5.38063e+10,-1.73632e+10,0)
559,Venus,4.867e+24,(-1512.56,-35023,0),(0.011352,-0.000491095,0),(-1.08117e+11,1.65397e+09,0)
559,Earth,5.972e+24,(6296.47,-29072.8,0),(0.00578354,0.00125205,0),(-1.45844e+11,-3.41921e+10,0)
559,Mars,6.39e+23,(21639.6,10481,0),(-0.00110783,0.00229732,0),(1.00967e+11,-2.04584e+11,0)
560,Sun,1.989e+30,(-0.0284616,0.36756,0),(-5.12355e-08,-6.47449e-09,0),(1.47316e+06,9.40824e+06,0)
560,Mercury,3.285e+23,(14789.5,-46229.5,0),(0.0395143,0.0127578,0),(-5.25284e+10,-2.13574e+10,0)
560,Venus,4.867e+24,(-531.706,-35037.9,0),(0.0113524,-0.000172788,0),(-1.08163e+11,-1.37331e+09,0)
560,Earth,5.972e+24,(6794.09,-28956.1,0),(0.00575953,0.0013507,0),(-1.45257e+11,-3.6694e+10,0)
560,Mars,6.39e+23,(21542.1,10678.6,0),(-0.00112864,0.00228702,0),(1.02829e+11,-2.03661e+11,0)
561,Sun,1.989e+30,(-0.0328611,0.366868,0),(-5.09201e-08,-8.00496e-09,0),(1.47032e+06,9.43994e+06,0)
561,Mercury,3.285e+23,(18093.2,-44885.7,0),(0.0382371,0.0155532,0),(-5.09652e+10,-2.52355e+10,0)
561,Venus,4.867e+24,(448.41,-35025.4,0),(0.0113439,0.00014491,0),(-1.08124e+11,-4.39951e+09,0)
561,Earth,5.972e+24,(7289.49,-28831,0),(0.00573386,0.00144887,0),(-1.44627e+11,-3.91849e+10,0)
561,Mars,6.39e+23,(21442.8,10875.3,0),(-0.00114936,0.00227653,0),(1.04681e+11,-2.02722e+11,0)
562,Sun,1.989e+30,(-0.0372284,0.366047,0),(-5.05472e-08,-9.50963e-09,0),(1.46711e+06,9.47157e+06,0)
562,Mercury,3.285e+23,(21270.4,-43312,0),(0.0367733,0.0182147,0),(-4.91274e+10,-2.89777e+10,0)
562,Venus,4.867e+24,(1427.03,-34985.5,0),(0.0113266,0.00046175,0),(-1.08001e+11,-7.42226e+09,0)
562,Earth,5.972e+24,(7782.54,-28697.3,0),(0.00570652,0.00154653,0),(-1.43955e+11,-4.16644e+10,0)
562,Mars,6.39e+23,(21341.7,11071,0),(-0.00116998,0.00226586,0),(1.06525e+11,-2.01765e+11,0)
563,Sun,1.989e+30,(-0.0415587,0.365097,0),(-5.01194e-08,-1.09861e-08,0),(1.46352e+06,9.50311e+06,0)
563,Mercury,3.285e+23,(24306.3,-41520.7,0),(0.0351374,0.0207319,0),(-4.70274e+10,-3.25651e+10,0)
563,Venus,4.867e+24,(2403.39,-34918.3,0),(0.0113004,0.000777488,0),(-1.07793e+11,-1.04392e+10,0)
563,Earth,5.972e+24,(8273.08,-28555.3,0),(0.00567754,0.00164365,0),(-1.4324e+11,-4.41316e+10,0)
563,Mars,6.39e+23,(21238.8,11265.9,0),(-0.0011905,0.00225501,0),(1.0836e+11,-2.00792e+11,0)
564,Sun,1.989e+30,(-0.0458476,0.364023,0),(-4.96393e-08,-1.24322e-08,0),(1.45955e+06,9.53456e+06,0)
564,Mercury,3.285e+23,(27187.3,-39525.2,0),(0.0333443,0.0230961,0),(-4.46784e+10,-3.598e+10,0)
564,Venus,4.867e+24,(3376.73,-34824,0),(0.0112655,0.00109188,0),(-1.07501e+11,-1.3448e+10,0)
564,Earth,5.972e+24,(8760.97,-28405,0),(0.00564693,0.00174021,0),(-1.42483e+11,-4.65858e+10,0)
564,Mars,6.39e+23,(21134.2,11459.7,0),(-0.00121092,0.00224397,0),(1.10186e+11,-1.99802e+11,0)
565,Sun,1.989e+30,(-0.0500906,0.362827,0),(-4.91097e-08,-1.38462e-08,0),(1.45523e+06,9.56591e+06,0)
565,Mercury,3.285e+23,(29901,-37339.3,0),(0.0314089,0.0252999,0),(-4.20949e+10,-3.92062e+10,0)
565,Venus,4.867e+24,(4346.3,-34702.6,0),(0.0112219,0.0014047,0),(-1.07126e+11,-1.64463e+10,0)
565,Earth,5.972e+24,(9246.08,-28246.3,0),(0.00561469,0.00183618,0),(-1.41684e+11,-4.90263e+10,0)
565,Mars,6.39e+23,(21027.8,11652.6,0),(-0.00123124,0.00223275,0),(1.12003e+11,-1.98795e+11,0)
566,Sun,1.989e+30,(-0.0542839,0.361511,0),(-4.85332e-08,-1.52264e-08,0),(1.45054e+06,9.59715e+06,0)
566,Mercury,3.285e+23,(32436.5,-34977.3,0),(0.0293458,0.0273378,0),(-3.92924e+10,-4.22282e+10,0)
566,Venus,4.867e+24,(5311.37,-34554.4,0),(0.0111698,0.00171569,0),(-1.06667e+11,-1.94318e+10,0)
566,Earth,5.972e+24,(9728.27,-28079.4,0),(0.00558084,0.00193153,0),(-1.40844e+11,-5.14523e+10,0)
566,Mars,6.39e+23,(20919.7,11844.6,0),(-0.00125146,0.00222135,0),(1.13811e+11,-1.97771e+11,0)
567,Sun,1.989e+30,(-0.0584235,0.36008,0),(-4.79123e-08,-1.65714e-08,0),(1.44549e+06,9.62826e+06,0)
567,Mercury,3.285e+23,(34783.9,-32454,0),(0.0271695,0.0292051,0),(-3.62871e+10,-4.50322e+10,0)
567,Venus,4.867e+24,(6271.19,-34379.5,0),(0.0111091,0.00202464,0),(-1.06125e+11,-2.24022e+10,0)
567,Earth,5.972e+24,(10207.4,-27904.4,0),(0.00554539,0.00202623,0),(-1.39962e+11,-5.38633e+10,0)
567,Mars,6.39e+23,(20809.8,12035.5,0),(-0.00127157,0.00220977,0),(1.15609e+11,-1.96732e+11,0)
568,Sun,1.989e+30,(-0.0625059,0.358535,0),(-4.72496e-08,-1.78801e-08,0),(1.44009e+06,9.65923e+06,0)
568,Mercury,3.285e+23,(36934.7,-29784.4,0),(0.0248939,0.0308987,0),(-3.30959e+10,-4.76056e+10,0)
568,Venus,4.867e+24,(7225.04,-34178,0),(0.0110399,0.00233131,0),(-1.05501e+11,-2.53552e+10,0)
568,Earth,5.972e+24,(10683.3,-27721.2,0),(0.00550835,0.00212027,0),(-1.39039e+11,-5.62584e+10,0)
568,Mars,6.39e+23,(20698.2,12225.4,0),(-0.00129157,0.00219801,0),(1.17397e+11,-1.95675e+11,0)
569,Sun,1.989e+30,(-0.0665276,0.35688,0),(-4.65477e-08,-1.91515e-08,0),(1.43434e+06,9.69007e+06,0)
569,Mercury,3.285e+23,(38881.5,-26983.6,0),(0.0225325,0.0324164,0),(-2.97366e+10,-4.9937e+10,0)
569,Venus,4.867e+24,(8172.2,-33950.3,0),(0.0109624,0.00263549,0),(-1.04795e+11,-2.82885e+10,0)
569,Earth,5.972e+24,(11155.9,-27529.9,0),(0.00546974,0.0022136,0),(-1.38075e+11,-5.86369e+10,0)
569,Mars,6.39e+23,(20584.9,12414.3,0),(-0.00131147,0.00218607,0),(1.19175e+11,-1.94603e+11,0)
570,Sun,1.989e+30,(-0.0704855,0.355119,0),(-4.58089e-08,-2.03847e-08,0),(1.42825e+06,9.72075e+06,0)
570,Mercury,3.285e+23,(40618.1,-24067,0),(0.0200986,0.0337568,0),(-2.62272e+10,-5.20164e+10,0)
570,Venus,4.867e+24,(9111.94,-33696.6,0),(0.0108767,0.00293694,0),(-1.04007e+11,-3.11999e+10,0)
570,Earth,5.972e+24,(11625,-27330.7,0),(0.00542957,0.00230622,0),(-1.3707e+11,-6.09983e+10,0)
570,Mars,6.39e+23,(20469.9,12602.1,0),(-0.00133126,0.00217395,0),(1.20944e+11,-1.93514e+11,0)
571,Sun,1.989e+30,(-0.0743766,0.353254,0),(-4.50357e-08,-2.15791e-08,0),(1.42182e+06,9.75127e+06,0)
571,Mercury,3.285e+23,(42139.1,-21049.9,0),(0.0176044,0.0349196,0),(-2.25863e+10,-5.38351e+10,0)
571,Venus,4.867e+24,(10043.6,-33417,0),(0.0107828,0.00323547,0),(-1.0314e+11,-3.40871e+10,0)
571,Earth,5.972e+24,(12090.5,-27123.5,0),(0.00538786,0.00239808,0),(-1.36026e+11,-6.33418e+10,0)
571,Mars,6.39e+23,(20353.2,12788.9,0),(-0.00135093,0.00216166,0),(1.22703e+11,-1.92409e+11,0)
572,Sun,1.989e+30,(-0.0781981,0.35129,0),(-4.42302e-08,-2.27341e-08,0),(1.41507e+06,9.78162e+06,0)
572,Mercury,3.285e+23,(43440.4,-17947.8,0),(0.0150619,0.0359049,0),(-1.88331e+10,-5.53858e+10,0)
572,Venus,4.867e+24,(10966.4,-33112,0),(0.0106809,0.00353085,0),(-1.02192e+11,-3.6948e+10,0)
572,Earth,5.972e+24,(12552.3,-26908.4,0),(0.00534461,0.00248918,0),(-1.34941e+11,-6.56667e+10,0)
572,Mars,6.39e+23,(20234.8,12974.6,0),(-0.0013705,0.00214919,0),(1.24451e+11,-1.91288e+11,0)
573,Sun,1.989e+30,(-0.0819474,0.34923,0),(-4.33948e-08,-2.38493e-08,0),(1.40799e+06,9.8118e+06,0)
573,Mercury,3.285e+23,(44518.9,-14775.7,0),(0.0124826,0.0367137,0),(-1.49867e+10,-5.66624e+10,0)
573,Venus,4.867e+24,(11879.7,-32781.7,0),(0.010571,0.00382287,0),(-1.01166e+11,-3.97803e+10,0)
573,Earth,5.972e+24,(13010.2,-26685.5,0),(0.00529985,0.00257948,0),(-1.33817e+11,-6.79723e+10,0)
573,Mars,6.39e+23,(20114.7,13159.2,0),(-0.00138995,0.00213655,0),(1.26189e+11,-1.90151e+11,0)
574,Sun,1.989e+30,(-0.0856221,0.347076,0),(-4.25314e-08,-2.49244e-08,0),(1.40059e+06,9.84178e+06,0)
574,Mercury,3.285e+23,(45372.3,-11548.9,0),(0.00987715,0.0373473,0),(-1.10665e+10,-5.76602e+10,0)
574,Venus,4.867e+24,(12782.9,-32426.5,0),(0.0104534,0.00411134,0),(-1.00061e+11,-4.2582e+10,0)
574,Earth,5.972e+24,(13464.1,-26454.9,0),(0.00525358,0.00266895,0),(-1.32654e+11,-7.0258e+10,0)
574,Mars,6.39e+23,(19992.9,13342.7,0),(-0.00140928,0.00212374,0),(1.27916e+11,-1.88998e+11,0)
575,Sun,1.989e+30,(-0.08922,0.344833,0),(-4.16422e-08,-2.5959e-08,0),(1.39288e+06,9.87158e+06,0)
575,Mercury,3.285e+23,(45999.2,-8282.32,0),(0.00725584,0.0378074,0),(-7.09216e+09,-5.83758e+10,0)
575,Venus,4.867e+24,(13675.2,-32046.6,0),(0.010328,0.00439606,0),(-9.88797e+10,-4.53508e+10,0)
575,Earth,5.972e+24,(13913.9,-26216.7,0),(0.00520583,0.00275758,0),(-1.31452e+11,-7.25231e+10,0)
575,Mars,6.39e+23,(19869.5,13525,0),(-0.0014285,0.00211075,0),(1.29633e+11,-1.8783e+11,0)
576,Sun,1.989e+30,(-0.092739,0.342505,0),(-4.07291e-08,-2.6953e-08,0),(1.38487e+06,9.90117e+06,0)
576,Mercury,3.285e+23,(46399.1,-4990.81,0),(0.00462844,0.0380963,0),(-3.08328e+09,-5.8807e+10,0)
576,Venus,4.867e+24,(14556.1,-31642.6,0),(0.0101951,0.00467683,0),(-9.7622e+10,-4.80847e+10,0)
576,Earth,5.972e+24,(14359.4,-25970.9,0),(0.00515661,0.00284535,0),(-1.30211e+11,-7.4767e+10,0)
576,Mars,6.39e+23,(19744.4,13706.3,0),(-0.00144759,0.0020976,0),(1.31339e+11,-1.86645e+11,0)
577,Sun,1.989e+30,(-0.0961772,0.340093,0),(-3.97941e-08,-2.79062e-08,0),(1.37656e+06,9.93056e+06,0)
577,Mercury,3.285e+23,(46572.3,-1688.93,0),(0.00200419,0.0382161,0),(9.40567e+08,-5.89529e+10,0)
577,Venus,4.867e+24,(15424.8,-31214.6,0),(0.0100548,0.00495346,0),(-9.62893e+10,-5.07816e+10,0)
577,Earth,5.972e+24,(14800.6,-25717.5,0),(0.00510594,0.00293221,0),(-1.28932e+11,-7.6989e+10,0)
577,Mars,6.39e+23,(19617.7,13886.3,0),(-0.00146657,0.00208427,0),(1.33034e+11,-1.85446e+11,0)
578,Sun,1.989e+30,(-0.0995329,0.337603,0),(-3.88389e-08,-2.88186e-08,0),(1.36796e+06,9.95972e+06,0)
578,Mercury,3.285e+23,(46519.7,1608.93,0),(-0.000608041,0.0381697,0),(4.95987e+09,-5.88139e+10,0)
578,Venus,4.867e+24,(16280.8,-30763.1,0),(0.00990712,0.00522577,0),(-9.48826e+10,-5.34396e+10,0)
578,Earth,5.972e+24,(15237.2,-25456.7,0),(0.00505383,0.00301817,0),(-1.27616e+11,-7.91885e+10,0)
578,Mars,6.39e+23,(19489.4,14065.3,0),(-0.00148543,0.00207077,0),(1.34718e+11,-1.8423e+11,0)
579,Sun,1.989e+30,(-0.102804,0.335038,0),(-3.78653e-08,-2.96901e-08,0),(1.35908e+06,9.98867e+06,0)
579,Mercury,3.285e+23,(46243.3,4888.63,0),(-0.00319982,0.0379595,0),(8.95529e+09,-5.83915e+10,0)
579,Venus,4.867e+24,(17123.4,-30288.4,0),(0.00975232,0.00549358,0),(-9.34032e+10,-5.60565e+10,0)
579,Earth,5.972e+24,(15669.3,-25188.6,0),(0.0050003,0.00310318,0),(-1.26262e+11,-8.13648e+10,0)
579,Mars,6.39e+23,(19359.4,14243,0),(-0.00150416,0.00205711,0),(1.3639e+11,-1.83e+11,0)
580,Sun,1.989e+30,(-0.10599,0.332401,0),(-3.68751e-08,-3.05207e-08,0),(1.34992e+06,1.00174e+07,0)
580,Mercury,3.285e+23,(45745.3,8136.29,0),(-0.00576302,0.0375886,0),(1.29077e+10,-5.76886e+10,0)
580,Venus,4.867e+24,(17952,-29791.1,0),(0.00959051,0.00575671,0),(-9.18521e+10,-5.86304e+10,0)
580,Earth,5.972e+24,(16096.5,-24913.2,0),(0.00494537,0.00318723,0),(-1.24871e+11,-8.35173e+10,0)
580,Mars,6.39e+23,(19227.8,14419.5,0),(-0.00152277,0.00204328,0),(1.38052e+11,-1.81754e+11,0)
581,Sun,1.989e+30,(-0.10909,0.329696,0),(-3.587e-08,-3.13103e-08,0),(1.34049e+06,1.00459e+07,0)
581,Mercury,3.285e+23,(45029.1,11338.3,0),(-0.00828982,0.0370599,0),(1.67982e+10,-5.67089e+10,0)
581,Venus,4.867e+24,(18766.1,-29271.4,0),(0.00942183,0.006015,0),(-9.02307e+10,-6.11595e+10,0)
581,Earth,5.972e+24,(16519,-24630.7,0),(0.00488905,0.0032703,0),(-1.23444e+11,-8.56454e+10,0)
581,Mars,6.39e+23,(19094.7,14594.9,0),(-0.00154125,0.00202928,0),(1.39701e+11,-1.80493e+11,0)
582,Sun,1.989e+30,(-0.112101,0.326926,0),(-3.48516e-08,-3.2059e-08,0),(1.33081e+06,1.00741e+07,0)
582,Mercury,3.285e+23,(44098.4,14481.2,0),(-0.0107726,0.0363764,0),(2.06083e+10,-5.54578e+10,0)
582,Venus,4.867e+24,(19565,-28729.8,0),(0.00924643,0.00626826,0),(-8.85403e+10,-6.36417e+10,0)
582,Earth,5.972e+24,(16936.4,-24341.1,0),(0.00483137,0.00335236,0),(-1.21981e+11,-8.77484e+10,0)
582,Mars,6.39e+23,(18959.9,14769,0),(-0.00155961,0.00201512,0),(1.41339e+11,-1.79217e+11,0)
583,Sun,1.989e+30,(-0.115023,0.324095,0),(-3.38217e-08,-3.27668e-08,0),(1.32087e+06,1.01021e+07,0)
583,Mercury,3.285e+23,(42957.5,17551.9,0),(-0.013204,0.0355412,0),(2.43198e+10,-5.39413e+10,0)
583,Venus,4.867e+24,(20348.1,-28166.8,0),(0.00906446,0.00651636,0),(-8.67822e+10,-6.60753e+10,0)
583,Earth,5.972e+24,(17348.7,-24044.4,0),(0.00477233,0.0034334,0),(-1.20482e+11,-8.98259e+10,0)
583,Mars,6.39e+23,(18823.6,14941.8,0),(-0.00157783,0.0020008,0),(1.42966e+11,-1.77926e+11,0)
584,Sun,1.989e+30,(-0.117855,0.321206,0),(-3.27818e-08,-3.34339e-08,0),(1.31069e+06,1.01299e+07,0)
584,Mercury,3.285e+23,(41611.7,20537.7,0),(-0.0155768,0.0345575,0),(2.79151e+10,-5.21668e+10,0)
584,Venus,4.867e+24,(21115,-27582.8,0),(0.00887607,0.00675912,0),(-8.49579e+10,-6.84585e+10,0)
584,Earth,5.972e+24,(17755.8,-23740.8,0),(0.00471197,0.00351338,0),(-1.18948e+11,-9.18771e+10,0)
584,Mars,6.39e+23,(18685.7,15113.5,0),(-0.00159593,0.00198631,0),(1.4458e+11,-1.7662e+11,0)
585,Sun,1.989e+30,(-0.120597,0.318264,0),(-3.17335e-08,-3.40602e-08,0),(1.30027e+06,1.01574e+07,0)
585,Mercury,3.285e+23,(40066.5,23425.9,0),(-0.0178837,0.0334285,0),(3.13768e+10,-5.01428e+10,0)
585,Venus,4.867e+24,(21865.1,-26978.3,0),(0.00868143,0.00699639,0),(-8.30688e+10,-7.07894e+10,0)
585,Earth,5.972e+24,(18157.6,-23430.5,0),(0.00465029,0.0035923,0),(-1.17379e+11,-9.39015e+10,0)
585,Mars,6.39e+23,(18546.3,15283.8,0),(-0.00161389,0.00197167,0),(1.46183e+11,-1.753e+11,0)
586,Sun,1.989e+30,(-0.123248,0.31527,0),(-3.06786e-08,-3.46461e-08,0),(1.28962e+06,1.01846e+07,0)
586,Mercury,3.285e+23,(38328.4,26204.4,0),(-0.0201177,0.0321575,0),(3.46884e+10,-4.78788e+10,0)
586,Venus,4.867e+24,(22597.8,-26353.8,0),(0.0084807,0.00722803,0),(-8.11163e+10,-7.30664e+10,0)
586,Earth,5.972e+24,(18554,-23113.4,0),(0.00458733,0.00367013,0),(-1.15776e+11,-9.58985e+10,0)
586,Mars,6.39e+23,(18405.3,15452.9,0),(-0.00163173,0.00195686,0),(1.47773e+11,-1.73965e+11,0)
587,Sun,1.989e+30,(-0.125807,0.31223,0),(-2.96186e-08,-3.51915e-08,0),(1.27875e+06,1.02116e+07,0)
587,Mercury,3.285e+23,(36404.1,28861,0),(-0.0222715,0.030748,0),(3.78337e+10,-4.53852e+10,0)
587,Venus,4.867e+24,(23312.7,-25709.8,0),(0.00827404,0.00745389,0),(-7.91021e+10,-7.52877e+10,0)
587,Earth,5.972e+24,(18944.7,-22789.6,0),(0.00452309,0.00374685,0),(-1.14139e+11,-9.78675e+10,0)
587,Mars,6.39e+23,(18262.8,15620.7,0),(-0.00164942,0.00194189,0),(1.49351e+11,-1.72615e+11,0)
588,Sun,1.989e+30,(-0.128274,0.309145,0),(-2.85552e-08,-3.56967e-08,0),(1.26767e+06,1.02383e+07,0)
588,Mercury,3.285e+23,(34301.3,31384.2,0),(-0.0243382,0.0292035,0),(4.07973e+10,-4.26736e+10,0)
588,Venus,4.867e+24,(24009.2,-25046.8,0),(0.00806161,0.00767385,0),(-7.70277e+10,-7.74518e+10,0)
588,Earth,5.972e+24,(19329.9,-22459.4,0),(0.00445759,0.00382244,0),(-1.12469e+11,-9.9808e+10,0)
588,Mars,6.39e+23,(18118.7,15787.1,0),(-0.00166698,0.00192677,0),(1.50916e+11,-1.71251e+11,0)
589,Sun,1.989e+30,(-0.130649,0.306021,0),(-2.74901e-08,-3.6162e-08,0),(1.25638e+06,1.02647e+07,0)
589,Mercury,3.285e+23,(32028.1,33762.5,0),(-0.0263103,0.0275277,0),(4.35646e+10,-3.97565e+10,0)
589,Venus,4.867e+24,(24686.9,-24365.2,0),(0.00784359,0.00788775,0),(-7.48947e+10,-7.95569e+10,0)
589,Earth,5.972e+24,(19709.3,-22122.7,0),(0.00439086,0.00389689,0),(-1.10766e+11,-1.01719e+11,0)
589,Mars,6.39e+23,(17973.2,15952.3,0),(-0.00168441,0.00191149,0),(1.52469e+11,-1.69873e+11,0)
590,Sun,1.989e+30,(-0.132932,0.30286,0),(-2.64248e-08,-3.65876e-08,0),(1.24489e+06,1.02909e+07,0)
590,Mercury,3.285e+23,(29593.3,35985.2,0),(-0.0281806,0.0257246,0),(4.61214e+10,-3.66474e+10,0)
590,Venus,4.867e+24,(25345.3,-23665.8,0),(0.00762014,0.00809548,0),(-7.27049e+10,-8.16016e+10,0)
590,Earth,5.972e+24,(20082.8,-21779.7,0),(0.00432292,0.00397016,0),(-1.09031e+11,-1.03601e+11,0)
590,Mars,6.39e+23,(17826.2,16116.1,0),(-0.0017017,0.00189606,0),(1.54009e+11,-1.6848e+11,0)
591,Sun,1.989e+30,(-0.135123,0.299665,0),(-2.53613e-08,-3.69738e-08,0),(1.23322e+06,1.03168e+07,0)
591,Mercury,3.285e+23,(27006.3,38041.3,0),(-0.0299417,0.0237985,0),(4.84548e+10,-3.33606e+10,0)
591,Venus,4.867e+24,(25983.9,-22948.9,0),(0.00739144,0.00829692,0),(-7.04599e+10,-8.35844e+10,0)
591,Earth,5.972e+24,(20450.3,-21430.4,0),(0.00425379,0.00404225,0),(-1.07264e+11,-1.05453e+11,0)
591,Mars,6.39e+23,(17677.7,16278.6,0),(-0.00171884,0.00188047,0),(1.55537e+11,-1.67074e+11,0)
592,Sun,1.989e+30,(-0.137223,0.296441,0),(-2.43011e-08,-3.73211e-08,0),(1.22136e+06,1.03424e+07,0)
592,Mercury,3.285e+23,(24277.3,39920.9,0),(-0.0315861,0.0217539,0),(5.05523e+10,-2.99114e+10,0)
592,Venus,4.867e+24,(26602.3,-22215.2,0),(0.00715767,0.00849193,0),(-6.81615e+10,-8.55038e+10,0)
592,Earth,5.972e+24,(20811.7,-21075,0),(0.00418348,0.00411314,0),(-1.05466e+11,-1.07274e+11,0)
592,Mars,6.39e+23,(17527.7,16439.7,0),(-0.00173585,0.00186473,0),(1.57051e+11,-1.65653e+11,0)
593,Sun,1.989e+30,(-0.139231,0.29319,0),(-2.32461e-08,-3.76299e-08,0),(1.20933e+06,1.03677e+07,0)
593,Mercury,3.285e+23,(21416.9,41614,0),(-0.0331059,0.0195957,0),(5.24028e+10,-2.6316e+10,0)
593,Venus,4.867e+24,(27200.1,-21465.3,0),(0.006919,0.00868042,0),(-6.58114e+10,-8.73584e+10,0)
593,Earth,5.972e+24,(21167,-20713.7,0),(0.00411203,0.0041828,0),(-1.03637e+11,-1.09063e+11,0)
593,Mars,6.39e+23,(17376.3,16599.4,0),(-0.00175271,0.00184884,0),(1.58552e+11,-1.64219e+11,0)
594,Sun,1.989e+30,(-0.141149,0.289915,0),(-2.2198e-08,-3.79008e-08,0),(1.19714e+06,1.03928e+07,0)
594,Mercury,3.285e+23,(18436.7,43111.2,0),(-0.0344935,0.0173294,0),(5.39957e+10,-2.25912e+10,0)
594,Venus,4.867e+24,(27776.9,-20699.6,0),(0.0066756,0.00886226,0),(-6.34114e+10,-8.91469e+10,0)
594,Earth,5.972e+24,(21516,-20346.3,0),(0.00403944,0.00425122,0),(-1.01778e+11,-1.10821e+11,0)
594,Mars,6.39e+23,(17223.4,16757.8,0),(-0.00176943,0.00183279,0),(1.6004e+11,-1.62771e+11,0)
595,Sun,1.989e+30,(-0.142978,0.28662,0),(-2.11588e-08,-3.81346e-08,0),(1.18478e+06,1.04176e+07,0)
595,Mercury,3.285e+23,(15348.7,44403.8,0),(-0.0357408,0.0149607,0),(5.53218e+10,-1.87547e+10,0)
595,Venus,4.867e+24,(28332.3,-19918.7,0),(0.00642767,0.00903736,0),(-6.09635e+10,-9.08678e+10,0)
595,Earth,5.972e+24,(21858.7,-19973.2,0),(0.00396575,0.00431839,0),(-9.98894e+10,-1.12547e+11,0)
595,Mars,6.39e+23,(17069.1,16914.7,0),(-0.00178601,0.0018166,0),(1.61515e+11,-1.6131e+11,0)
596,Sun,1.989e+30,(-0.144717,0.283308,0),(-2.01301e-08,-3.83318e-08,0),(1.17228e+06,1.0442e+07,0)
596,Mercury,3.285e+23,(12165.7,45483.5,0),(-0.0368399,0.0124963,0),(5.63729e+10,-1.48249e+10,0)
596,Venus,4.867e+24,(28865.8,-19123.4,0),(0.00617538,0.00920561,0),(-5.84695e+10,-9.25201e+10,0)
596,Earth,5.972e+24,(22194.8,-19594.4,0),(0.00389096,0.00438428,0),(-9.79718e+10,-1.1424e+11,0)
596,Mars,6.39e+23,(16913.3,17070.3,0),(-0.00180243,0.00180026,0),(1.62977e+11,-1.59835e+11,0)
597,Sun,1.989e+30,(-0.146368,0.279982,0),(-1.91138e-08,-3.84936e-08,0),(1.15963e+06,1.04662e+07,0)
597,Mercury,3.285e+23,(8901.28,46342.6,0),(-0.0377828,0.00994327,0),(5.7142e+10,-1.08209e+10,0)
597,Venus,4.867e+24,(29377.2,-18314.1,0),(0.00591891,0.00936692,0),(-5.59313e+10,-9.41024e+10,0)
597,Earth,5.972e+24,(22524.5,-19210.1,0),(0.00381512,0.00444888,0),(-9.60257e+10,-1.159e+11,0)
597,Mars,6.39e+23,(16756.2,17224.4,0),(-0.00181872,0.00178378,0),(1.64424e+11,-1.58347e+11,0)
598,Sun,1.989e+30,(-0.147933,0.276646,0),(-1.81119e-08,-3.86208e-08,0),(1.14685e+06,1.04901e+07,0)
598,Mercury,3.285e+23,(5569.59,46974.1,0),(-0.0385612,0.00730949,0),(5.76232e+10,-6.76235e+09,0)
598,Venus,4.867e+24,(29866.1,-17491.4,0),(0.00565845,0.00952119,0),(-5.33509e+10,-9.56137e+10,0)
598,Earth,5.972e+24,(22847.5,-18820.2,0),(0.00373823,0.00451217,0),(-9.40517e+10,-1.17526e+11,0)
598,Mars,6.39e+23,(16597.7,17377.1,0),(-0.00183485,0.00176715,0),(1.65858e+11,-1.56845e+11,0)
599,Sun,1.989e+30,(-0.149413,0.273301,0),(-1.71261e-08,-3.87146e-08,0),(1.13394e+06,1.05137e+07,0)
599,Mercury,3.285e+23,(2185.52,47371.9,0),(-0.0391674,0.00460368,0),(5.7812e+10,-2.66942e+09,0)
599,Venus,4.867e+24,(30332.2,-16656.1,0),(0.00539419,0.00966835,0),(-5.07302e+10,-9.70528e+10,0)
599,Earth,5.972e+24,(23163.7,-18425,0),(0.00366032,0.00457414,0),(-9.20503e+10,-1.19118e+11,0)
599,Mars,6.39e+23,(16437.8,17528.3,0),(-0.00185083,0.00175037,0),(1.67279e+11,-1.55331e+11,0)
